backend,variant,wait_us,gap_us,phase_frac,n,median_phase_us,phase_in_period,median_delay_us,median_predicted_us,h3_median21_us,h3_threshold_us,h3_flagged,h3_threshold_b_us,h3_flagged_b,b_eff_us,calib_p10_us,calib_p90_us,bimodal,calib_dropped,median_abs_residual_us,median_abs_residual_over_beff,median_residual_over_beff,residual_jumps,timerslack_ns_worker,timer_begin_result,code_commit,bench_commit,bench_dirty,defect_mode,wait_method,compiler,host,source
epoll,slack=1ns,1000,100,,21,112.833,0.112,894.993,895.223,894.993,201.611,True,200.000,True,1008.056,1007.786,1008.537,False,0,0.091,0.0001,-0.0001,0,1,,0af1ac47ec708595b91e5c15300556f2714314c1,4d34f460daf25f5b68bb980541acd9dd71ff7873,False,omit,epoll_pwait2,clang 22.1.8,alex-laptop,results/raw/2026-09-29-L-publication-0af1ac4/gap-sweep/epoll-1000us-g100us-defect-slack1ns.jsonl
epoll,slack=1ns,1000,200,,21,212.780,0.211,795.195,794.985,795.195,201.553,True,200.000,True,1007.765,1007.535,1008.326,False,0,0.160,0.0002,0.0001,0,1,,0af1ac47ec708595b91e5c15300556f2714314c1,4d34f460daf25f5b68bb980541acd9dd71ff7873,False,omit,epoll_pwait2,clang 22.1.8,alex-laptop,results/raw/2026-09-29-L-publication-0af1ac4/gap-sweep/epoll-1000us-g200us-defect-slack1ns.jsonl
epoll,slack=1ns,1000,300,,21,313.059,0.311,694.887,694.826,694.887,201.577,True,200.000,True,1007.885,1007.625,1008.066,False,0,0.151,0.0001,0.0001,0,1,,0af1ac47ec708595b91e5c15300556f2714314c1,4d34f460daf25f5b68bb980541acd9dd71ff7873,False,omit,epoll_pwait2,clang 22.1.8,alex-laptop,results/raw/2026-09-29-L-publication-0af1ac4/gap-sweep/epoll-1000us-g300us-defect-slack1ns.jsonl
epoll,slack=1ns,1000,400,,21,412.386,0.409,595.710,595.369,595.710,201.551,True,200.000,True,1007.755,1007.615,1008.337,False,0,0.240,0.0002,0.0002,0,1,,0af1ac47ec708595b91e5c15300556f2714314c1,4d34f460daf25f5b68bb980541acd9dd71ff7873,False,omit,epoll_pwait2,clang 22.1.8,alex-laptop,results/raw/2026-09-29-L-publication-0af1ac4/gap-sweep/epoll-1000us-g400us-defect-slack1ns.jsonl
epoll,slack=1ns,1000,500,,21,512.784,0.509,495.251,495.332,495.251,201.623,True,200.000,True,1008.116,1007.895,1009.699,False,0,0.190,0.0002,-0.0000,0,1,,0af1ac47ec708595b91e5c15300556f2714314c1,4d34f460daf25f5b68bb980541acd9dd71ff7873,False,omit,epoll_pwait2,clang 22.1.8,alex-laptop,results/raw/2026-09-29-L-publication-0af1ac4/gap-sweep/epoll-1000us-g500us-defect-slack1ns.jsonl
epoll,slack=1ns,1000,600,,21,612.141,0.607,395.895,395.765,395.895,201.581,True,200.000,True,1007.906,1007.755,1008.577,False,0,0.160,0.0002,0.0001,0,1,,0af1ac47ec708595b91e5c15300556f2714314c1,4d34f460daf25f5b68bb980541acd9dd71ff7873,False,omit,epoll_pwait2,clang 22.1.8,alex-laptop,results/raw/2026-09-29-L-publication-0af1ac4/gap-sweep/epoll-1000us-g600us-defect-slack1ns.jsonl
epoll,slack=1ns,1000,700,,21,712.149,0.707,295.747,295.616,295.747,201.553,True,200.000,True,1007.765,1007.545,1008.376,False,0,0.211,0.0002,0.0002,0,1,,0af1ac47ec708595b91e5c15300556f2714314c1,4d34f460daf25f5b68bb980541acd9dd71ff7873,False,omit,epoll_pwait2,clang 22.1.8,alex-laptop,results/raw/2026-09-29-L-publication-0af1ac4/gap-sweep/epoll-1000us-g700us-defect-slack1ns.jsonl
epoll,slack=1ns,1000,800,,21,812.990,0.806,195.387,195.336,195.387,201.665,False,200.000,False,1008.326,1007.896,1011.092,False,0,0.271,0.0003,-0.0002,0,1,,0af1ac47ec708595b91e5c15300556f2714314c1,4d34f460daf25f5b68bb980541acd9dd71ff7873,False,omit,epoll_pwait2,clang 22.1.8,alex-laptop,results/raw/2026-09-29-L-publication-0af1ac4/gap-sweep/epoll-1000us-g800us-defect-slack1ns.jsonl
epoll,slack=1ns,1000,900,,21,913.068,0.906,95.149,94.768,95.149,201.567,False,200.000,False,1007.836,1007.635,1008.237,False,0,0.410,0.0004,0.0004,0,1,,0af1ac47ec708595b91e5c15300556f2714314c1,4d34f460daf25f5b68bb980541acd9dd71ff7873,False,omit,epoll_pwait2,clang 22.1.8,alex-laptop,results/raw/2026-09-29-L-publication-0af1ac4/gap-sweep/epoll-1000us-g900us-defect-slack1ns.jsonl
epoll,slack=1ns,1000,1000,,21,1013.096,0.005,1000.973,1002.274,1000.973,201.537,True,200.000,True,1007.685,1007.615,1028.855,False,0,1.292,0.0013,-0.0013,0,1,,0af1ac47ec708595b91e5c15300556f2714314c1,4d34f460daf25f5b68bb980541acd9dd71ff7873,False,omit,epoll_pwait2,clang 22.1.8,alex-laptop,results/raw/2026-09-29-L-publication-0af1ac4/gap-sweep/epoll-1000us-g1000us-defect-slack1ns.jsonl
epoll,slack=1ns,1000,1100,,21,1113.384,0.105,901.044,902.126,901.044,201.551,True,200.000,True,1007.755,1007.615,1008.647,False,0,1.211,0.0012,-0.0011,0,1,,0af1ac47ec708595b91e5c15300556f2714314c1,4d34f460daf25f5b68bb980541acd9dd71ff7873,False,omit,epoll_pwait2,clang 22.1.8,alex-laptop,results/raw/2026-09-29-L-publication-0af1ac4/gap-sweep/epoll-1000us-g1100us-defect-slack1ns.jsonl
epoll,slack=1ns,1000,1200,,21,1213.232,0.204,800.967,802.560,800.967,201.579,True,200.000,True,1007.896,1007.695,1008.397,False,0,1.553,0.0015,-0.0015,0,1,,0af1ac47ec708595b91e5c15300556f2714314c1,4d34f460daf25f5b68bb980541acd9dd71ff7873,False,omit,epoll_pwait2,clang 22.1.8,alex-laptop,results/raw/2026-09-29-L-publication-0af1ac4/gap-sweep/epoll-1000us-g1200us-defect-slack1ns.jsonl
epoll,slack=1ns,1000,1300,,21,1313.320,0.303,700.718,702.490,700.718,201.581,True,200.000,True,1007.905,1007.695,1008.467,False,0,1.782,0.0018,-0.0018,0,1,,0af1ac47ec708595b91e5c15300556f2714314c1,4d34f460daf25f5b68bb980541acd9dd71ff7873,False,omit,epoll_pwait2,clang 22.1.8,alex-laptop,results/raw/2026-09-29-L-publication-0af1ac4/gap-sweep/epoll-1000us-g1300us-defect-slack1ns.jsonl
epoll,slack=1ns,1000,1400,,21,1413.388,0.402,601.171,602.784,601.171,201.617,True,200.000,True,1008.086,1007.885,1008.677,False,0,1.613,0.0016,-0.0016,0,1,,0af1ac47ec708595b91e5c15300556f2714314c1,4d34f460daf25f5b68bb980541acd9dd71ff7873,False,omit,epoll_pwait2,clang 22.1.8,alex-laptop,results/raw/2026-09-29-L-publication-0af1ac4/gap-sweep/epoll-1000us-g1400us-defect-slack1ns.jsonl
epoll,slack=1ns,1000,1500,,21,1513.586,0.502,500.862,502.446,500.862,201.603,True,200.000,True,1008.016,1007.786,1008.547,False,0,1.603,0.0016,-0.0016,0,1,,0af1ac47ec708595b91e5c15300556f2714314c1,4d34f460daf25f5b68bb980541acd9dd71ff7873,False,omit,epoll_pwait2,clang 22.1.8,alex-laptop,results/raw/2026-09-29-L-publication-0af1ac4/gap-sweep/epoll-1000us-g1500us-defect-slack1ns.jsonl
epoll,slack=1ns,1000,1600,,21,1613.524,0.601,400.413,401.908,400.413,201.543,True,200.000,True,1007.716,1007.545,1008.527,False,0,1.464,0.0015,-0.0015,0,1,,0af1ac47ec708595b91e5c15300556f2714314c1,4d34f460daf25f5b68bb980541acd9dd71ff7873,False,omit,epoll_pwait2,clang 22.1.8,alex-laptop,results/raw/2026-09-29-L-publication-0af1ac4/gap-sweep/epoll-1000us-g1600us-defect-slack1ns.jsonl
epoll,slack=1ns,1000,1700,,21,1713.533,0.700,300.816,302.539,300.816,201.607,True,200.000,True,1008.036,1007.826,1008.457,False,0,1.824,0.0018,-0.0018,0,1,,0af1ac47ec708595b91e5c15300556f2714314c1,4d34f460daf25f5b68bb980541acd9dd71ff7873,False,omit,epoll_pwait2,clang 22.1.8,alex-laptop,results/raw/2026-09-29-L-publication-0af1ac4/gap-sweep/epoll-1000us-g1700us-defect-slack1ns.jsonl
epoll,slack=1ns,1000,1800,,21,1813.671,0.800,201.159,201.879,201.159,201.555,False,200.000,True,1007.775,1007.646,1008.407,False,0,0.701,0.0007,-0.0007,0,1,,0af1ac47ec708595b91e5c15300556f2714314c1,4d34f460daf25f5b68bb980541acd9dd71ff7873,False,omit,epoll_pwait2,clang 22.1.8,alex-laptop,results/raw/2026-09-29-L-publication-0af1ac4/gap-sweep/epoll-1000us-g1800us-defect-slack1ns.jsonl
epoll,slack=1ns,1000,1900,,21,1913.639,0.899,100.509,101.833,100.509,201.547,False,200.000,False,1007.736,1007.565,1007.956,False,0,1.413,0.0014,-0.0014,0,1,,0af1ac47ec708595b91e5c15300556f2714314c1,4d34f460daf25f5b68bb980541acd9dd71ff7873,False,omit,epoll_pwait2,clang 22.1.8,alex-laptop,results/raw/2026-09-29-L-publication-0af1ac4/gap-sweep/epoll-1000us-g1900us-defect-slack1ns.jsonl
epoll,slack=1ns,1000,2000,,21,2045.998,0.030,974.583,977.599,974.583,201.611,True,200.000,True,1008.056,1007.705,1008.758,False,0,3.246,0.0032,-0.0031,2,1,,0af1ac47ec708595b91e5c15300556f2714314c1,4d34f460daf25f5b68bb980541acd9dd71ff7873,False,omit,epoll_pwait2,clang 22.1.8,alex-laptop,results/raw/2026-09-29-L-publication-0af1ac4/gap-sweep/epoll-1000us-g2000us-defect-slack1ns.jsonl
epoll,slack=1ns,1000,2100,,21,2145.746,0.129,874.886,877.582,874.886,201.555,True,200.000,True,1007.776,1007.676,1008.116,False,0,2.947,0.0029,-0.0029,0,1,,0af1ac47ec708595b91e5c15300556f2714314c1,4d34f460daf25f5b68bb980541acd9dd71ff7873,False,omit,epoll_pwait2,clang 22.1.8,alex-laptop,results/raw/2026-09-29-L-publication-0af1ac4/gap-sweep/epoll-1000us-g2100us-defect-slack1ns.jsonl
epoll,slack=1ns,1000,2200,,21,2246.706,0.229,773.925,777.222,773.925,201.595,True,200.000,True,1007.976,1007.725,1008.497,False,0,3.367,0.0033,-0.0033,0,1,,0af1ac47ec708595b91e5c15300556f2714314c1,4d34f460daf25f5b68bb980541acd9dd71ff7873,False,omit,epoll_pwait2,clang 22.1.8,alex-laptop,results/raw/2026-09-29-L-publication-0af1ac4/gap-sweep/epoll-1000us-g2200us-defect-slack1ns.jsonl
epoll,slack=1ns,1000,2300,,21,2346.303,0.328,674.328,677.295,674.328,201.573,True,200.000,True,1007.866,1007.725,1008.527,False,0,3.066,0.0030,-0.0030,0,1,,0af1ac47ec708595b91e5c15300556f2714314c1,4d34f460daf25f5b68bb980541acd9dd71ff7873,False,omit,epoll_pwait2,clang 22.1.8,alex-laptop,results/raw/2026-09-29-L-publication-0af1ac4/gap-sweep/epoll-1000us-g2300us-defect-slack1ns.jsonl
epoll,slack=1ns,1000,2400,,21,2446.462,0.428,574.470,576.866,574.470,201.555,True,200.000,True,1007.776,1007.646,1008.818,False,0,2.667,0.0026,-0.0026,0,1,,0af1ac47ec708595b91e5c15300556f2714314c1,4d34f460daf25f5b68bb980541acd9dd71ff7873,False,omit,epoll_pwait2,clang 22.1.8,alex-laptop,results/raw/2026-09-29-L-publication-0af1ac4/gap-sweep/epoll-1000us-g2400us-defect-slack1ns.jsonl
epoll,slack=1ns,1000,2500,,21,2546.129,0.527,474.994,476.839,474.994,201.531,True,200.000,True,1007.656,1007.555,1007.856,False,0,2.106,0.0021,-0.0021,0,1,,0af1ac47ec708595b91e5c15300556f2714314c1,4d34f460daf25f5b68bb980541acd9dd71ff7873,False,omit,epoll_pwait2,clang 22.1.8,alex-laptop,results/raw/2026-09-29-L-publication-0af1ac4/gap-sweep/epoll-1000us-g2500us-defect-slack1ns.jsonl
epoll,slack=1ns,1000,2600,,21,2646.408,0.626,374.073,376.620,374.073,201.535,True,200.000,True,1007.676,1007.556,1008.477,False,0,2.537,0.0025,-0.0025,0,1,,0af1ac47ec708595b91e5c15300556f2714314c1,4d34f460daf25f5b68bb980541acd9dd71ff7873,False,omit,epoll_pwait2,clang 22.1.8,alex-laptop,results/raw/2026-09-29-L-publication-0af1ac4/gap-sweep/epoll-1000us-g2600us-defect-slack1ns.jsonl
epoll,slack=1ns,1000,2700,,21,2746.235,0.725,273.835,277.033,273.835,201.551,True,200.000,True,1007.756,1007.555,1008.457,False,0,3.047,0.0030,-0.0030,0,1,,0af1ac47ec708595b91e5c15300556f2714314c1,4d34f460daf25f5b68bb980541acd9dd71ff7873,False,omit,epoll_pwait2,clang 22.1.8,alex-laptop,results/raw/2026-09-29-L-publication-0af1ac4/gap-sweep/epoll-1000us-g2700us-defect-slack1ns.jsonl
epoll,slack=1ns,1000,2800,,21,2846.434,0.824,174.388,177.794,174.388,201.615,False,200.000,False,1008.076,1007.966,1008.657,False,0,3.597,0.0036,-0.0036,0,1,,0af1ac47ec708595b91e5c15300556f2714314c1,4d34f460daf25f5b68bb980541acd9dd71ff7873,False,omit,epoll_pwait2,clang 22.1.8,alex-laptop,results/raw/2026-09-29-L-publication-0af1ac4/gap-sweep/epoll-1000us-g2800us-defect-slack1ns.jsonl
epoll,slack=1ns,1000,2900,,21,2946.582,0.922,74.540,78.306,74.540,201.659,False,200.000,False,1008.296,1008.136,1008.537,False,0,3.876,0.0038,-0.0038,0,1,,0af1ac47ec708595b91e5c15300556f2714314c1,4d34f460daf25f5b68bb980541acd9dd71ff7873,False,omit,epoll_pwait2,clang 22.1.8,alex-laptop,results/raw/2026-09-29-L-publication-0af1ac4/gap-sweep/epoll-1000us-g2900us-defect-slack1ns.jsonl
epoll,slack=1ns,1000,3000,,21,3046.881,0.024,979.803,983.623,979.803,201.529,True,200.000,True,1007.646,1007.595,1008.216,False,0,3.319,0.0033,-0.0033,0,1,,0af1ac47ec708595b91e5c15300556f2714314c1,4d34f460daf25f5b68bb980541acd9dd71ff7873,False,omit,epoll_pwait2,clang 22.1.8,alex-laptop,results/raw/2026-09-29-L-publication-0af1ac4/gap-sweep/epoll-1000us-g3000us-defect-slack1ns.jsonl
epoll,slack=1ns,10000,1000,,21,1087.035,0.105,9238.245,9243.396,9238.245,2066.086,True,2000.000,True,10330.431,10306.766,10411.563,False,0,19.899,0.0019,0.0000,0,1,,0af1ac47ec708595b91e5c15300556f2714314c1,4d34f460daf25f5b68bb980541acd9dd71ff7873,False,omit,epoll_pwait2,clang 22.1.8,alex-laptop,results/raw/2026-09-29-L-publication-0af1ac4/gap-sweep/epoll-10000us-g1000us-defect-slack1ns.jsonl
epoll,slack=1ns,10000,2000,,21,2343.007,0.227,7992.383,7990.678,7992.383,2066.737,True,2000.000,True,10333.685,10306.546,10396.314,False,0,16.239,0.0016,-0.0001,0,1,,0af1ac47ec708595b91e5c15300556f2714314c1,4d34f460daf25f5b68bb980541acd9dd71ff7873,False,omit,epoll_pwait2,clang 22.1.8,alex-laptop,results/raw/2026-09-29-L-publication-0af1ac4/gap-sweep/epoll-10000us-g2000us-defect-slack1ns.jsonl
epoll,slack=1ns,10000,3000,,21,3341.104,0.323,6976.933,6990.229,6976.933,2066.267,True,2000.000,True,10331.333,10314.830,10407.092,False,0,16.942,0.0016,-0.0011,0,1,,0af1ac47ec708595b91e5c15300556f2714314c1,4d34f460daf25f5b68bb980541acd9dd71ff7873,False,omit,epoll_pwait2,clang 22.1.8,alex-laptop,results/raw/2026-09-29-L-publication-0af1ac4/gap-sweep/epoll-10000us-g3000us-defect-slack1ns.jsonl
epoll,slack=1ns,10000,4000,,21,4342.709,0.420,5975.930,5989.655,5975.930,2066.473,True,2000.000,True,10332.364,10312.768,10363.423,False,0,20.809,0.0020,-0.0013,0,1,,0af1ac47ec708595b91e5c15300556f2714314c1,4d34f460daf25f5b68bb980541acd9dd71ff7873,False,omit,epoll_pwait2,clang 22.1.8,alex-laptop,results/raw/2026-09-29-L-publication-0af1ac4/gap-sweep/epoll-10000us-g4000us-defect-slack1ns.jsonl
epoll,slack=1ns,10000,5000,,21,5351.115,0.518,4965.609,4981.289,4965.609,2066.481,True,2000.000,True,10332.404,10311.835,10354.005,False,0,17.223,0.0017,-0.0016,0,1,,0af1ac47ec708595b91e5c15300556f2714314c1,4d34f460daf25f5b68bb980541acd9dd71ff7873,False,omit,epoll_pwait2,clang 22.1.8,alex-laptop,results/raw/2026-09-29-L-publication-0af1ac4/gap-sweep/epoll-10000us-g5000us-defect-slack1ns.jsonl
epoll,slack=1ns,10000,6000,,21,6351.455,0.615,3967.141,3981.601,3967.141,2066.611,True,2000.000,True,10333.056,10331.843,10353.873,False,0,27.713,0.0027,-0.0017,0,1,,0af1ac47ec708595b91e5c15300556f2714314c1,4d34f460daf25f5b68bb980541acd9dd71ff7873,False,omit,epoll_pwait2,clang 22.1.8,alex-laptop,results/raw/2026-09-29-L-publication-0af1ac4/gap-sweep/epoll-10000us-g6000us-defect-slack1ns.jsonl
epoll,slack=1ns,10000,7000,,21,7353.461,0.712,2957.012,2980.025,2957.012,2066.697,True,2000.000,True,10333.486,10331.160,10384.633,False,0,31.049,0.0030,-0.0024,0,1,,0af1ac47ec708595b91e5c15300556f2714314c1,4d34f460daf25f5b68bb980541acd9dd71ff7873,False,omit,epoll_pwait2,clang 22.1.8,alex-laptop,results/raw/2026-09-29-L-publication-0af1ac4/gap-sweep/epoll-10000us-g7000us-defect-slack1ns.jsonl
epoll,slack=1ns,10000,8000,,21,8362.349,0.809,1952.372,1971.057,1952.372,2066.681,False,2000.000,False,10333.406,10313.378,10357.562,False,0,26.502,0.0026,-0.0023,0,1,,0af1ac47ec708595b91e5c15300556f2714314c1,4d34f460daf25f5b68bb980541acd9dd71ff7873,False,omit,epoll_pwait2,clang 22.1.8,alex-laptop,results/raw/2026-09-29-L-publication-0af1ac4/gap-sweep/epoll-10000us-g8000us-defect-slack1ns.jsonl
epoll,slack=1ns,10000,9000,,21,9364.564,0.906,917.966,967.169,917.966,2066.347,False,2000.000,False,10331.733,10279.696,10341.149,False,0,55.314,0.0054,-0.0054,0,1,,0af1ac47ec708595b91e5c15300556f2714314c1,4d34f460daf25f5b68bb980541acd9dd71ff7873,False,omit,epoll_pwait2,clang 22.1.8,alex-laptop,results/raw/2026-09-29-L-publication-0af1ac4/gap-sweep/epoll-10000us-g9000us-defect-slack1ns.jsonl
epoll,slack=1ns,10000,10000,,21,10332.324,0.000,10312.467,10262.833,10312.467,2065.617,True,2000.000,True,10328.086,10084.366,10337.855,False,0,84.808,0.0082,0.0076,7,1,,0af1ac47ec708595b91e5c15300556f2714314c1,4d34f460daf25f5b68bb980541acd9dd71ff7873,False,omit,epoll_pwait2,clang 22.1.8,alex-laptop,results/raw/2026-09-29-L-publication-0af1ac4/gap-sweep/epoll-10000us-g10000us-defect-slack1ns.jsonl
epoll,slack=1ns,10000,11000,,21,11314.361,0.095,9319.690,9351.811,9319.690,2066.617,True,2000.000,True,10333.086,10331.821,10389.362,False,0,54.432,0.0053,-0.0027,0,1,,0af1ac47ec708595b91e5c15300556f2714314c1,4d34f460daf25f5b68bb980541acd9dd71ff7873,False,omit,epoll_pwait2,clang 22.1.8,alex-laptop,results/raw/2026-09-29-L-publication-0af1ac4/gap-sweep/epoll-10000us-g11000us-defect-slack1ns.jsonl
epoll,slack=1ns,10000,12000,,21,12336.313,0.194,8285.072,8325.187,8285.072,2066.150,True,2000.000,True,10330.750,10069.831,10335.480,False,0,63.438,0.0061,-0.0016,0,1,,0af1ac47ec708595b91e5c15300556f2714314c1,4d34f460daf25f5b68bb980541acd9dd71ff7873,False,omit,epoll_pwait2,clang 22.1.8,alex-laptop,results/raw/2026-09-29-L-publication-0af1ac4/gap-sweep/epoll-10000us-g12000us-defect-slack1ns.jsonl
epoll,slack=1ns,10000,13000,,21,13342.205,0.291,7291.413,7321.999,7291.413,2066.420,True,2000.000,True,10332.102,10308.479,10400.222,False,0,45.237,0.0044,-0.0030,0,1,,0af1ac47ec708595b91e5c15300556f2714314c1,4d34f460daf25f5b68bb980541acd9dd71ff7873,False,omit,epoll_pwait2,clang 22.1.8,alex-laptop,results/raw/2026-09-29-L-publication-0af1ac4/gap-sweep/epoll-10000us-g13000us-defect-slack1ns.jsonl
epoll,slack=1ns,10000,14000,,21,14345.201,0.388,6287.075,6319.223,6287.075,2066.442,True,2000.000,True,10332.212,10242.595,10343.255,False,0,32.127,0.0031,-0.0029,0,1,,0af1ac47ec708595b91e5c15300556f2714314c1,4d34f460daf25f5b68bb980541acd9dd71ff7873,False,omit,epoll_pwait2,clang 22.1.8,alex-laptop,results/raw/2026-09-29-L-publication-0af1ac4/gap-sweep/epoll-10000us-g14000us-defect-slack1ns.jsonl
epoll,slack=1ns,10000,15000,,21,15347.175,0.485,5293.847,5316.029,5293.847,2066.320,True,2000.000,True,10331.602,10304.972,10370.546,False,0,61.145,0.0059,-0.0032,0,1,,0af1ac47ec708595b91e5c15300556f2714314c1,4d34f460daf25f5b68bb980541acd9dd71ff7873,False,omit,epoll_pwait2,clang 22.1.8,alex-laptop,results/raw/2026-09-29-L-publication-0af1ac4/gap-sweep/epoll-10000us-g15000us-defect-slack1ns.jsonl
epoll,slack=1ns,10000,16000,,21,16350.904,0.582,4278.978,4315.026,4278.978,2066.593,True,2000.000,True,10332.965,10304.311,10426.361,False,0,67.987,0.0066,-0.0038,0,1,,0af1ac47ec708595b91e5c15300556f2714314c1,4d34f460daf25f5b68bb980541acd9dd71ff7873,False,omit,epoll_pwait2,clang 22.1.8,alex-laptop,results/raw/2026-09-29-L-publication-0af1ac4/gap-sweep/epoll-10000us-g16000us-defect-slack1ns.jsonl
epoll,slack=1ns,10000,17000,,21,17350.974,0.679,3278.938,3321.386,3278.938,2067.236,True,2000.000,True,10336.180,10330.752,10342.744,False,0,48.099,0.0047,-0.0044,0,1,,0af1ac47ec708595b91e5c15300556f2714314c1,4d34f460daf25f5b68bb980541acd9dd71ff7873,False,omit,epoll_pwait2,clang 22.1.8,alex-laptop,results/raw/2026-09-29-L-publication-0af1ac4/gap-sweep/epoll-10000us-g17000us-defect-slack1ns.jsonl
epoll,slack=1ns,10000,18000,,21,18362.307,0.777,2255.503,2300.855,2255.503,2066.316,True,2000.000,True,10331.581,10316.834,10409.539,False,0,60.570,0.0059,-0.0043,0,1,,0af1ac47ec708595b91e5c15300556f2714314c1,4d34f460daf25f5b68bb980541acd9dd71ff7873,False,omit,epoll_pwait2,clang 22.1.8,alex-laptop,results/raw/2026-09-29-L-publication-0af1ac4/gap-sweep/epoll-10000us-g18000us-defect-slack1ns.jsonl
epoll,slack=1ns,10000,19000,,21,19362.227,0.875,1248.989,1287.675,1248.989,2064.990,False,2000.000,False,10324.951,10208.381,10338.274,False,0,44.276,0.0043,-0.0039,0,1,,0af1ac47ec708595b91e5c15300556f2714314c1,4d34f460daf25f5b68bb980541acd9dd71ff7873,False,omit,epoll_pwait2,clang 22.1.8,alex-laptop,results/raw/2026-09-29-L-publication-0af1ac4/gap-sweep/epoll-10000us-g19000us-defect-slack1ns.jsonl
epoll,slack=1ns,10000,20000,,21,20329.486,0.968,39.945,335.278,39.945,2066.476,False,2000.000,False,10332.382,10283.582,10405.782,False,0,289.131,0.0280,-0.0278,3,1,,0af1ac47ec708595b91e5c15300556f2714314c1,4d34f460daf25f5b68bb980541acd9dd71ff7873,False,omit,epoll_pwait2,clang 22.1.8,alex-laptop,results/raw/2026-09-29-L-publication-0af1ac4/gap-sweep/epoll-10000us-g20000us-defect-slack1ns.jsonl
epoll,slack=1ns,10000,21000,,21,21290.786,0.060,9654.189,9711.088,9654.189,2066.792,True,2000.000,True,10333.958,10316.003,10403.258,False,0,57.043,0.0055,-0.0034,0,1,,0af1ac47ec708595b91e5c15300556f2714314c1,4d34f460daf25f5b68bb980541acd9dd71ff7873,False,omit,epoll_pwait2,clang 22.1.8,alex-laptop,results/raw/2026-09-29-L-publication-0af1ac4/gap-sweep/epoll-10000us-g21000us-defect-slack1ns.jsonl
epoll,slack=1ns,10000,22000,,21,22335.030,0.162,8455.203,8661.156,8455.203,2066.412,True,2000.000,True,10332.062,10046.126,10343.826,False,0,202.838,0.0196,-0.0196,0,1,,0af1ac47ec708595b91e5c15300556f2714314c1,4d34f460daf25f5b68bb980541acd9dd71ff7873,False,omit,epoll_pwait2,clang 22.1.8,alex-laptop,results/raw/2026-09-29-L-publication-0af1ac4/gap-sweep/epoll-10000us-g22000us-defect-slack1ns.jsonl
epoll,slack=1ns,10000,23000,,21,23340.010,0.261,7572.263,7634.330,7572.263,2064.956,True,2000.000,True,10324.780,10216.356,10340.708,False,0,121.811,0.0118,-0.0118,0,1,,0af1ac47ec708595b91e5c15300556f2714314c1,4d34f460daf25f5b68bb980541acd9dd71ff7873,False,omit,epoll_pwait2,clang 22.1.8,alex-laptop,results/raw/2026-09-29-L-publication-0af1ac4/gap-sweep/epoll-10000us-g23000us-defect-slack1ns.jsonl
epoll,slack=1ns,10000,24000,,21,24345.960,0.356,6580.676,6648.309,6580.676,2066.285,True,2000.000,True,10331.423,10061.774,10336.523,False,0,59.915,0.0058,-0.0038,0,1,,0af1ac47ec708595b91e5c15300556f2714314c1,4d34f460daf25f5b68bb980541acd9dd71ff7873,False,omit,epoll_pwait2,clang 22.1.8,alex-laptop,results/raw/2026-09-29-L-publication-0af1ac4/gap-sweep/epoll-10000us-g24000us-defect-slack1ns.jsonl
epoll,slack=1ns,10000,25000,,21,25347.013,0.452,5592.860,5663.750,5592.860,2067.384,True,2000.000,True,10336.921,10333.687,10342.944,False,0,82.571,0.0080,-0.0080,0,1,,0af1ac47ec708595b91e5c15300556f2714314c1,4d34f460daf25f5b68bb980541acd9dd71ff7873,False,omit,epoll_pwait2,clang 22.1.8,alex-laptop,results/raw/2026-09-29-L-publication-0af1ac4/gap-sweep/epoll-10000us-g25000us-defect-slack1ns.jsonl
epoll,slack=1ns,10000,26000,,21,26351.112,0.550,4561.389,4649.289,4561.389,2066.693,True,2000.000,True,10333.467,10057.777,10345.078,False,0,80.866,0.0078,-0.0056,0,1,,0af1ac47ec708595b91e5c15300556f2714314c1,4d34f460daf25f5b68bb980541acd9dd71ff7873,False,omit,epoll_pwait2,clang 22.1.8,alex-laptop,results/raw/2026-09-29-L-publication-0af1ac4/gap-sweep/epoll-10000us-g26000us-defect-slack1ns.jsonl
epoll,slack=1ns,10000,27000,,21,27348.778,0.647,3583.601,3641.486,3583.601,2066.018,True,2000.000,True,10330.088,10304.381,10363.693,False,0,102.899,0.0100,-0.0100,0,1,,0af1ac47ec708595b91e5c15300556f2714314c1,4d34f460daf25f5b68bb980541acd9dd71ff7873,False,omit,epoll_pwait2,clang 22.1.8,alex-laptop,results/raw/2026-09-29-L-publication-0af1ac4/gap-sweep/epoll-10000us-g27000us-defect-slack1ns.jsonl
epoll,slack=1ns,10000,28000,,21,28353.629,0.743,2574.983,2654.554,2574.983,2067.212,True,2000.000,True,10336.061,10313.308,10352.380,False,0,67.617,0.0065,-0.0065,0,1,,0af1ac47ec708595b91e5c15300556f2714314c1,4d34f460daf25f5b68bb980541acd9dd71ff7873,False,omit,epoll_pwait2,clang 22.1.8,alex-laptop,results/raw/2026-09-29-L-publication-0af1ac4/gap-sweep/epoll-10000us-g28000us-defect-slack1ns.jsonl
epoll,slack=1ns,10000,29000,,21,29363.148,0.844,1587.395,1610.109,1587.395,2064.884,False,2000.000,False,10324.419,10288.150,10340.178,False,0,55.133,0.0053,-0.0012,0,1,,0af1ac47ec708595b91e5c15300556f2714314c1,4d34f460daf25f5b68bb980541acd9dd71ff7873,False,omit,epoll_pwait2,clang 22.1.8,alex-laptop,results/raw/2026-09-29-L-publication-0af1ac4/gap-sweep/epoll-10000us-g29000us-defect-slack1ns.jsonl
epoll,slack=1ns,10000,30000,,21,30366.495,0.938,581.754,642.735,581.754,2067.282,False,2000.000,False,10336.410,10309.993,10357.091,False,0,76.167,0.0074,0.0005,0,1,,0af1ac47ec708595b91e5c15300556f2714314c1,4d34f460daf25f5b68bb980541acd9dd71ff7873,False,omit,epoll_pwait2,clang 22.1.8,alex-laptop,results/raw/2026-09-29-L-publication-0af1ac4/gap-sweep/epoll-10000us-g30000us-defect-slack1ns.jsonl
io_uring,slack=1ns,1000,100,,21,112.902,0.112,894.021,893.882,894.021,201.357,True,200.000,True,1006.784,1006.663,1007.655,False,0,0.240,0.0002,0.0002,0,1,,0af1ac47ec708595b91e5c15300556f2714314c1,4d34f460daf25f5b68bb980541acd9dd71ff7873,False,misdirect,"io_uring_enter(getevents, ext_arg; single_issuer, defer_taskrun)",clang 22.1.8,alex-laptop,results/raw/2026-09-29-L-publication-0af1ac4/gap-sweep/io_uring-1000us-g100us-defect-slack1ns.jsonl
io_uring,slack=1ns,1000,200,,21,212.780,0.211,794.093,794.124,794.093,201.381,True,200.000,True,1006.904,1006.813,1007.505,False,0,0.141,0.0001,0.0001,0,1,,0af1ac47ec708595b91e5c15300556f2714314c1,4d34f460daf25f5b68bb980541acd9dd71ff7873,False,misdirect,"io_uring_enter(getevents, ext_arg; single_issuer, defer_taskrun)",clang 22.1.8,alex-laptop,results/raw/2026-09-29-L-publication-0af1ac4/gap-sweep/io_uring-1000us-g200us-defect-slack1ns.jsonl
io_uring,slack=1ns,1000,300,,21,312.869,0.311,694.146,694.386,694.146,201.451,True,200.000,True,1007.255,1006.863,1009.730,False,0,0.130,0.0001,0.0001,0,1,,0af1ac47ec708595b91e5c15300556f2714314c1,4d34f460daf25f5b68bb980541acd9dd71ff7873,False,misdirect,"io_uring_enter(getevents, ext_arg; single_issuer, defer_taskrun)",clang 22.1.8,alex-laptop,results/raw/2026-09-29-L-publication-0af1ac4/gap-sweep/io_uring-1000us-g300us-defect-slack1ns.jsonl
io_uring,slack=1ns,1000,400,,21,412.887,0.410,594.178,594.388,594.178,201.455,True,200.000,True,1007.275,1006.954,1007.765,False,0,0.211,0.0002,-0.0002,0,1,,0af1ac47ec708595b91e5c15300556f2714314c1,4d34f460daf25f5b68bb980541acd9dd71ff7873,False,misdirect,"io_uring_enter(getevents, ext_arg; single_issuer, defer_taskrun)",clang 22.1.8,alex-laptop,results/raw/2026-09-29-L-publication-0af1ac4/gap-sweep/io_uring-1000us-g400us-defect-slack1ns.jsonl
io_uring,slack=1ns,1000,500,,21,512.965,0.509,494.100,494.410,494.100,201.475,True,200.000,True,1007.375,1007.014,1007.926,False,0,0.311,0.0003,-0.0003,0,1,,0af1ac47ec708595b91e5c15300556f2714314c1,4d34f460daf25f5b68bb980541acd9dd71ff7873,False,misdirect,"io_uring_enter(getevents, ext_arg; single_issuer, defer_taskrun)",clang 22.1.8,alex-laptop,results/raw/2026-09-29-L-publication-0af1ac4/gap-sweep/io_uring-1000us-g500us-defect-slack1ns.jsonl
io_uring,slack=1ns,1000,600,,21,611.911,0.608,394.923,394.843,394.923,201.351,True,200.000,True,1006.754,1006.684,1007.124,False,0,0.260,0.0003,0.0003,0,1,,0af1ac47ec708595b91e5c15300556f2714314c1,4d34f460daf25f5b68bb980541acd9dd71ff7873,False,misdirect,"io_uring_enter(getevents, ext_arg; single_issuer, defer_taskrun)",clang 22.1.8,alex-laptop,results/raw/2026-09-29-L-publication-0af1ac4/gap-sweep/io_uring-1000us-g600us-defect-slack1ns.jsonl
io_uring,slack=1ns,1000,700,,21,712.129,0.707,294.875,294.655,294.875,201.357,True,200.000,True,1006.784,1006.724,1007.044,False,0,0.060,0.0001,0.0000,0,1,,0af1ac47ec708595b91e5c15300556f2714314c1,4d34f460daf25f5b68bb980541acd9dd71ff7873,False,misdirect,"io_uring_enter(getevents, ext_arg; single_issuer, defer_taskrun)",clang 22.1.8,alex-laptop,results/raw/2026-09-29-L-publication-0af1ac4/gap-sweep/io_uring-1000us-g700us-defect-slack1ns.jsonl
io_uring,slack=1ns,1000,800,,21,812.127,0.807,194.917,194.697,194.917,201.365,False,200.000,False,1006.824,1006.704,1007.134,False,0,0.211,0.0002,0.0002,0,1,,0af1ac47ec708595b91e5c15300556f2714314c1,4d34f460daf25f5b68bb980541acd9dd71ff7873,False,misdirect,"io_uring_enter(getevents, ext_arg; single_issuer, defer_taskrun)",clang 22.1.8,alex-laptop,results/raw/2026-09-29-L-publication-0af1ac4/gap-sweep/io_uring-1000us-g800us-defect-slack1ns.jsonl
io_uring,slack=1ns,1000,900,,21,912.065,0.906,94.908,94.889,94.908,201.391,False,200.000,False,1006.954,1006.684,1007.375,False,0,0.130,0.0001,0.0001,0,1,,0af1ac47ec708595b91e5c15300556f2714314c1,4d34f460daf25f5b68bb980541acd9dd71ff7873,False,misdirect,"io_uring_enter(getevents, ext_arg; single_issuer, defer_taskrun)",clang 22.1.8,alex-laptop,results/raw/2026-09-29-L-publication-0af1ac4/gap-sweep/io_uring-1000us-g900us-defect-slack1ns.jsonl
io_uring,slack=1ns,1000,1000,,21,1013.096,0.006,999.019,1001.132,999.019,201.423,True,200.000,True,1007.114,1006.924,1007.565,False,0,2.023,0.0020,-0.0020,0,1,,0af1ac47ec708595b91e5c15300556f2714314c1,4d34f460daf25f5b68bb980541acd9dd71ff7873,False,misdirect,"io_uring_enter(getevents, ext_arg; single_issuer, defer_taskrun)",clang 22.1.8,alex-laptop,results/raw/2026-09-29-L-publication-0af1ac4/gap-sweep/io_uring-1000us-g1000us-defect-slack1ns.jsonl
io_uring,slack=1ns,1000,1100,,21,1113.193,0.105,899.071,901.195,899.071,201.439,True,200.000,True,1007.194,1006.754,1007.836,False,0,2.083,0.0021,-0.0021,0,1,,0af1ac47ec708595b91e5c15300556f2714314c1,4d34f460daf25f5b68bb980541acd9dd71ff7873,False,misdirect,"io_uring_enter(getevents, ext_arg; single_issuer, defer_taskrun)",clang 22.1.8,alex-laptop,results/raw/2026-09-29-L-publication-0af1ac4/gap-sweep/io_uring-1000us-g1100us-defect-slack1ns.jsonl
io_uring,slack=1ns,1000,1200,,21,1213.312,0.205,799.384,800.394,799.384,201.371,True,200.000,True,1006.853,1006.754,1007.414,False,0,1.121,0.0011,-0.0011,0,1,,0af1ac47ec708595b91e5c15300556f2714314c1,4d34f460daf25f5b68bb980541acd9dd71ff7873,False,misdirect,"io_uring_enter(getevents, ext_arg; single_issuer, defer_taskrun)",clang 22.1.8,alex-laptop,results/raw/2026-09-29-L-publication-0af1ac4/gap-sweep/io_uring-1000us-g1200us-defect-slack1ns.jsonl
io_uring,slack=1ns,1000,1300,,21,1313.350,0.304,699.025,700.738,699.025,201.409,True,200.000,True,1007.044,1006.893,1007.746,False,0,1.834,0.0018,-0.0018,0,1,,0af1ac47ec708595b91e5c15300556f2714314c1,4d34f460daf25f5b68bb980541acd9dd71ff7873,False,misdirect,"io_uring_enter(getevents, ext_arg; single_issuer, defer_taskrun)",clang 22.1.8,alex-laptop,results/raw/2026-09-29-L-publication-0af1ac4/gap-sweep/io_uring-1000us-g1300us-defect-slack1ns.jsonl
io_uring,slack=1ns,1000,1400,,21,1413.429,0.403,599.037,600.939,599.037,201.437,True,200.000,True,1007.184,1006.753,1007.355,False,0,1.782,0.0018,-0.0018,0,1,,0af1ac47ec708595b91e5c15300556f2714314c1,4d34f460daf25f5b68bb980541acd9dd71ff7873,False,misdirect,"io_uring_enter(getevents, ext_arg; single_issuer, defer_taskrun)",clang 22.1.8,alex-laptop,results/raw/2026-09-29-L-publication-0af1ac4/gap-sweep/io_uring-1000us-g1400us-defect-slack1ns.jsonl
io_uring,slack=1ns,1000,1500,,21,1513.537,0.503,499.089,501.073,499.089,201.461,True,200.000,True,1007.305,1007.094,1007.765,False,0,1.934,0.0019,-0.0019,0,1,,0af1ac47ec708595b91e5c15300556f2714314c1,4d34f460daf25f5b68bb980541acd9dd71ff7873,False,misdirect,"io_uring_enter(getevents, ext_arg; single_issuer, defer_taskrun)",clang 22.1.8,alex-laptop,results/raw/2026-09-29-L-publication-0af1ac4/gap-sweep/io_uring-1000us-g1500us-defect-slack1ns.jsonl
io_uring,slack=1ns,1000,1600,,21,1613.475,0.602,398.880,400.735,398.880,201.421,True,200.000,True,1007.105,1006.854,1007.505,False,0,1.845,0.0018,-0.0018,0,1,,0af1ac47ec708595b91e5c15300556f2714314c1,4d34f460daf25f5b68bb980541acd9dd71ff7873,False,misdirect,"io_uring_enter(getevents, ext_arg; single_issuer, defer_taskrun)",clang 22.1.8,alex-laptop,results/raw/2026-09-29-L-publication-0af1ac4/gap-sweep/io_uring-1000us-g1600us-defect-slack1ns.jsonl
io_uring,slack=1ns,1000,1700,,21,1713.503,0.702,298.651,300.325,298.651,201.383,True,200.000,True,1006.914,1006.713,1007.415,False,0,1.573,0.0016,-0.0016,0,1,,0af1ac47ec708595b91e5c15300556f2714314c1,4d34f460daf25f5b68bb980541acd9dd71ff7873,False,misdirect,"io_uring_enter(getevents, ext_arg; single_issuer, defer_taskrun)",clang 22.1.8,alex-laptop,results/raw/2026-09-29-L-publication-0af1ac4/gap-sweep/io_uring-1000us-g1700us-defect-slack1ns.jsonl
io_uring,slack=1ns,1000,1800,,21,1813.531,0.800,198.674,200.959,198.674,201.449,False,200.000,False,1007.245,1007.024,1007.595,False,0,2.135,0.0021,-0.0021,0,1,,0af1ac47ec708595b91e5c15300556f2714314c1,4d34f460daf25f5b68bb980541acd9dd71ff7873,False,misdirect,"io_uring_enter(getevents, ext_arg; single_issuer, defer_taskrun)",clang 22.1.8,alex-laptop,results/raw/2026-09-29-L-publication-0af1ac4/gap-sweep/io_uring-1000us-g1800us-defect-slack1ns.jsonl
io_uring,slack=1ns,1000,1900,,21,1913.719,0.901,98.525,100.069,98.525,201.379,False,200.000,False,1006.894,1006.714,1007.155,False,0,1.543,0.0015,-0.0015,0,1,,0af1ac47ec708595b91e5c15300556f2714314c1,4d34f460daf25f5b68bb980541acd9dd71ff7873,False,misdirect,"io_uring_enter(getevents, ext_arg; single_issuer, defer_taskrun)",clang 22.1.8,alex-laptop,results/raw/2026-09-29-L-publication-0af1ac4/gap-sweep/io_uring-1000us-g1900us-defect-slack1ns.jsonl
io_uring,slack=1ns,1000,2000,,21,2014.239,0.001,1003.327,1005.920,1003.327,201.355,True,200.000,True,1006.773,1006.603,1007.134,False,0,2.834,0.0028,-0.0027,2,1,,0af1ac47ec708595b91e5c15300556f2714314c1,4d34f460daf25f5b68bb980541acd9dd71ff7873,False,misdirect,"io_uring_enter(getevents, ext_arg; single_issuer, defer_taskrun)",clang 22.1.8,alex-laptop,results/raw/2026-09-29-L-publication-0af1ac4/gap-sweep/io_uring-1000us-g2000us-defect-slack1ns.jsonl
io_uring,slack=1ns,1000,2100,,21,2145.505,0.131,872.682,875.297,872.682,201.387,True,200.000,True,1006.934,1006.683,1007.575,False,0,2.996,0.0030,-0.0030,0,1,,0af1ac47ec708595b91e5c15300556f2714314c1,4d34f460daf25f5b68bb980541acd9dd71ff7873,False,misdirect,"io_uring_enter(getevents, ext_arg; single_issuer, defer_taskrun)",clang 22.1.8,alex-laptop,results/raw/2026-09-29-L-publication-0af1ac4/gap-sweep/io_uring-1000us-g2100us-defect-slack1ns.jsonl
io_uring,slack=1ns,1000,2200,,21,2246.125,0.230,771.521,775.670,771.521,201.453,True,200.000,True,1007.265,1006.814,1007.556,False,0,4.119,0.0041,-0.0041,0,1,,0af1ac47ec708595b91e5c15300556f2714314c1,4d34f460daf25f5b68bb980541acd9dd71ff7873,False,misdirect,"io_uring_enter(getevents, ext_arg; single_issuer, defer_taskrun)",clang 22.1.8,alex-laptop,results/raw/2026-09-29-L-publication-0af1ac4/gap-sweep/io_uring-1000us-g2200us-defect-slack1ns.jsonl
io_uring,slack=1ns,1000,2300,,21,2346.434,0.330,671.143,674.638,671.143,201.405,True,200.000,True,1007.024,1006.783,1009.088,False,0,3.316,0.0033,-0.0033,0,1,,0af1ac47ec708595b91e5c15300556f2714314c1,4d34f460daf25f5b68bb980541acd9dd71ff7873,False,misdirect,"io_uring_enter(getevents, ext_arg; single_issuer, defer_taskrun)",clang 22.1.8,alex-laptop,results/raw/2026-09-29-L-publication-0af1ac4/gap-sweep/io_uring-1000us-g2300us-defect-slack1ns.jsonl
io_uring,slack=1ns,1000,2400,,21,2446.101,0.430,571.826,574.281,571.826,201.359,True,200.000,True,1006.794,1006.684,1007.495,False,0,2.586,0.0026,-0.0026,0,1,,0af1ac47ec708595b91e5c15300556f2714314c1,4d34f460daf25f5b68bb980541acd9dd71ff7873,False,misdirect,"io_uring_enter(getevents, ext_arg; single_issuer, defer_taskrun)",clang 22.1.8,alex-laptop,results/raw/2026-09-29-L-publication-0af1ac4/gap-sweep/io_uring-1000us-g2400us-defect-slack1ns.jsonl
io_uring,slack=1ns,1000,2500,,21,2546.369,0.528,471.357,474.943,471.357,201.421,True,200.000,True,1007.104,1006.923,1007.615,False,0,3.446,0.0034,-0.0034,0,1,,0af1ac47ec708595b91e5c15300556f2714314c1,4d34f460daf25f5b68bb980541acd9dd71ff7873,False,misdirect,"io_uring_enter(getevents, ext_arg; single_issuer, defer_taskrun)",clang 22.1.8,alex-laptop,results/raw/2026-09-29-L-publication-0af1ac4/gap-sweep/io_uring-1000us-g2500us-defect-slack1ns.jsonl
io_uring,slack=1ns,1000,2600,,21,2646.167,0.628,371.629,374.635,371.629,201.387,True,200.000,True,1006.934,1006.663,1007.124,False,0,3.186,0.0032,-0.0032,0,1,,0af1ac47ec708595b91e5c15300556f2714314c1,4d34f460daf25f5b68bb980541acd9dd71ff7873,False,misdirect,"io_uring_enter(getevents, ext_arg; single_issuer, defer_taskrun)",clang 22.1.8,alex-laptop,results/raw/2026-09-29-L-publication-0af1ac4/gap-sweep/io_uring-1000us-g2600us-defect-slack1ns.jsonl
io_uring,slack=1ns,1000,2700,,21,2746.305,0.728,272.062,274.254,272.062,201.371,True,200.000,True,1006.853,1006.764,1007.195,False,0,2.553,0.0025,-0.0025,0,1,,0af1ac47ec708595b91e5c15300556f2714314c1,4d34f460daf25f5b68bb980541acd9dd71ff7873,False,misdirect,"io_uring_enter(getevents, ext_arg; single_issuer, defer_taskrun)",clang 22.1.8,alex-laptop,results/raw/2026-09-29-L-publication-0af1ac4/gap-sweep/io_uring-1000us-g2700us-defect-slack1ns.jsonl
io_uring,slack=1ns,1000,2800,,21,2846.815,0.826,170.861,174.857,170.861,201.445,False,200.000,False,1007.224,1006.884,1007.606,False,0,3.986,0.0040,-0.0040,0,1,,0af1ac47ec708595b91e5c15300556f2714314c1,4d34f460daf25f5b68bb980541acd9dd71ff7873,False,misdirect,"io_uring_enter(getevents, ext_arg; single_issuer, defer_taskrun)",clang 22.1.8,alex-laptop,results/raw/2026-09-29-L-publication-0af1ac4/gap-sweep/io_uring-1000us-g2800us-defect-slack1ns.jsonl
io_uring,slack=1ns,1000,2900,,21,2946.301,0.926,71.384,74.111,71.384,201.361,False,200.000,False,1006.804,1006.723,1007.485,False,0,2.966,0.0029,-0.0029,0,1,,0af1ac47ec708595b91e5c15300556f2714314c1,4d34f460daf25f5b68bb980541acd9dd71ff7873,False,misdirect,"io_uring_enter(getevents, ext_arg; single_issuer, defer_taskrun)",clang 22.1.8,alex-laptop,results/raw/2026-09-29-L-publication-0af1ac4/gap-sweep/io_uring-1000us-g2900us-defect-slack1ns.jsonl
io_uring,slack=1ns,1000,3000,,21,3046.791,0.026,976.316,980.626,976.316,201.375,True,200.000,True,1006.874,1006.734,1007.374,False,0,4.249,0.0042,-0.0042,0,1,,0af1ac47ec708595b91e5c15300556f2714314c1,4d34f460daf25f5b68bb980541acd9dd71ff7873,False,misdirect,"io_uring_enter(getevents, ext_arg; single_issuer, defer_taskrun)",clang 22.1.8,alex-laptop,results/raw/2026-09-29-L-publication-0af1ac4/gap-sweep/io_uring-1000us-g3000us-defect-slack1ns.jsonl
io_uring,slack=1ns,10000,1000,,21,1087.646,0.105,9224.068,9234.287,9224.068,2064.387,True,2000.000,True,10321.933,10268.433,10339.468,False,0,19.675,0.0019,0.0000,0,1,,0af1ac47ec708595b91e5c15300556f2714314c1,4d34f460daf25f5b68bb980541acd9dd71ff7873,False,misdirect,"io_uring_enter(getevents, ext_arg; single_issuer, defer_taskrun)",clang 22.1.8,alex-laptop,results/raw/2026-09-29-L-publication-0af1ac4/gap-sweep/io_uring-10000us-g1000us-defect-slack1ns.jsonl
io_uring,slack=1ns,10000,2000,,21,2340.462,0.227,8007.079,7980.861,8007.079,2064.265,True,2000.000,True,10321.323,10071.393,10330.391,False,0,12.135,0.0012,-0.0000,0,1,,0af1ac47ec708595b91e5c15300556f2714314c1,4d34f460daf25f5b68bb980541acd9dd71ff7873,False,misdirect,"io_uring_enter(getevents, ext_arg; single_issuer, defer_taskrun)",clang 22.1.8,alex-laptop,results/raw/2026-09-29-L-publication-0af1ac4/gap-sweep/io_uring-10000us-g2000us-defect-slack1ns.jsonl
io_uring,slack=1ns,10000,3000,,21,3343.278,0.325,6968.196,6944.301,6968.196,2057.516,True,2000.000,True,10287.579,10049.762,10328.866,False,0,26.571,0.0026,0.0026,0,1,,0af1ac47ec708595b91e5c15300556f2714314c1,4d34f460daf25f5b68bb980541acd9dd71ff7873,False,misdirect,"io_uring_enter(getevents, ext_arg; single_issuer, defer_taskrun)",clang 22.1.8,alex-laptop,results/raw/2026-09-29-L-publication-0af1ac4/gap-sweep/io_uring-10000us-g3000us-defect-slack1ns.jsonl
io_uring,slack=1ns,10000,4000,,21,4347.697,0.421,5961.944,5977.263,5961.944,2064.992,True,2000.000,True,10324.960,10298.840,10426.642,False,0,14.898,0.0014,-0.0014,0,1,,0af1ac47ec708595b91e5c15300556f2714314c1,4d34f460daf25f5b68bb980541acd9dd71ff7873,False,misdirect,"io_uring_enter(getevents, ext_arg; single_issuer, defer_taskrun)",clang 22.1.8,alex-laptop,results/raw/2026-09-29-L-publication-0af1ac4/gap-sweep/io_uring-10000us-g4000us-defect-slack1ns.jsonl
io_uring,slack=1ns,10000,5000,,21,5349.973,0.518,4952.054,4973.793,4952.054,2064.753,True,2000.000,True,10323.766,10255.498,10336.953,False,0,20.437,0.0020,-0.0020,0,1,,0af1ac47ec708595b91e5c15300556f2714314c1,4d34f460daf25f5b68bb980541acd9dd71ff7873,False,misdirect,"io_uring_enter(getevents, ext_arg; single_issuer, defer_taskrun)",clang 22.1.8,alex-laptop,results/raw/2026-09-29-L-publication-0af1ac4/gap-sweep/io_uring-10000us-g5000us-defect-slack1ns.jsonl
io_uring,slack=1ns,10000,6000,,21,6349.373,0.615,3957.814,3977.000,3957.814,2065.275,True,2000.000,True,10326.373,10322.676,10394.790,False,0,24.647,0.0024,-0.0022,0,1,,0af1ac47ec708595b91e5c15300556f2714314c1,4d34f460daf25f5b68bb980541acd9dd71ff7873,False,misdirect,"io_uring_enter(getevents, ext_arg; single_issuer, defer_taskrun)",clang 22.1.8,alex-laptop,results/raw/2026-09-29-L-publication-0af1ac4/gap-sweep/io_uring-10000us-g6000us-defect-slack1ns.jsonl
io_uring,slack=1ns,10000,7000,,21,7352.310,0.712,2950.490,2971.088,2950.490,2064.680,True,2000.000,True,10323.398,10307.628,10384.721,False,0,22.934,0.0022,-0.0020,0,1,,0af1ac47ec708595b91e5c15300556f2714314c1,4d34f460daf25f5b68bb980541acd9dd71ff7873,False,misdirect,"io_uring_enter(getevents, ext_arg; single_issuer, defer_taskrun)",clang 22.1.8,alex-laptop,results/raw/2026-09-29-L-publication-0af1ac4/gap-sweep/io_uring-10000us-g7000us-defect-slack1ns.jsonl
io_uring,slack=1ns,10000,8000,,21,8363.121,0.810,1934.879,1961.016,1934.879,2064.827,False,2000.000,False,10324.137,10315.642,10353.604,False,0,27.069,0.0026,-0.0026,0,1,,0af1ac47ec708595b91e5c15300556f2714314c1,4d34f460daf25f5b68bb980541acd9dd71ff7873,False,misdirect,"io_uring_enter(getevents, ext_arg; single_issuer, defer_taskrun)",clang 22.1.8,alex-laptop,results/raw/2026-09-29-L-publication-0af1ac4/gap-sweep/io_uring-10000us-g8000us-defect-slack1ns.jsonl
io_uring,slack=1ns,10000,9000,,21,9362.830,0.908,913.348,946.401,913.348,2061.846,False,2000.000,False,10309.231,10057.467,10440.316,False,0,48.342,0.0047,-0.0033,0,1,,0af1ac47ec708595b91e5c15300556f2714314c1,4d34f460daf25f5b68bb980541acd9dd71ff7873,False,misdirect,"io_uring_enter(getevents, ext_arg; single_issuer, defer_taskrun)",clang 22.1.8,alex-laptop,results/raw/2026-09-29-L-publication-0af1ac4/gap-sweep/io_uring-10000us-g9000us-defect-slack1ns.jsonl
io_uring,slack=1ns,10000,10000,,21,10320.913,0.001,10293.380,10293.266,10293.380,2062.998,True,2000.000,True,10314.989,10281.379,10328.477,False,0,97.898,0.0095,0.0080,6,1,,0af1ac47ec708595b91e5c15300556f2714314c1,4d34f460daf25f5b68bb980541acd9dd71ff7873,False,misdirect,"io_uring_enter(getevents, ext_arg; single_issuer, defer_taskrun)",clang 22.1.8,alex-laptop,results/raw/2026-09-29-L-publication-0af1ac4/gap-sweep/io_uring-10000us-g10000us-defect-slack1ns.jsonl
io_uring,slack=1ns,10000,11000,,21,11318.579,0.096,9320.571,9332.741,9320.571,2065.132,True,2000.000,True,10325.660,10302.458,10380.244,False,0,42.236,0.0041,0.0023,0,1,,0af1ac47ec708595b91e5c15300556f2714314c1,4d34f460daf25f5b68bb980541acd9dd71ff7873,False,misdirect,"io_uring_enter(getevents, ext_arg; single_issuer, defer_taskrun)",clang 22.1.8,alex-laptop,results/raw/2026-09-29-L-publication-0af1ac4/gap-sweep/io_uring-10000us-g11000us-defect-slack1ns.jsonl
io_uring,slack=1ns,10000,12000,,21,12339.648,0.196,8292.496,8291.436,8292.496,2063.108,True,2000.000,True,10315.542,10058.208,10358.041,False,0,75.522,0.0073,0.0007,0,1,,0af1ac47ec708595b91e5c15300556f2714314c1,4d34f460daf25f5b68bb980541acd9dd71ff7873,False,misdirect,"io_uring_enter(getevents, ext_arg; single_issuer, defer_taskrun)",clang 22.1.8,alex-laptop,results/raw/2026-09-29-L-publication-0af1ac4/gap-sweep/io_uring-10000us-g12000us-defect-slack1ns.jsonl
io_uring,slack=1ns,10000,13000,,21,13343.517,0.292,7273.971,7305.723,7273.971,2064.924,True,2000.000,True,10324.620,10297.478,10342.653,False,0,42.972,0.0042,-0.0031,0,1,,0af1ac47ec708595b91e5c15300556f2714314c1,4d34f460daf25f5b68bb980541acd9dd71ff7873,False,misdirect,"io_uring_enter(getevents, ext_arg; single_issuer, defer_taskrun)",clang 22.1.8,alex-laptop,results/raw/2026-09-29-L-publication-0af1ac4/gap-sweep/io_uring-10000us-g13000us-defect-slack1ns.jsonl
io_uring,slack=1ns,10000,14000,,21,14340.723,0.391,6280.773,6279.101,6280.773,2061.982,True,2000.000,True,10309.912,10051.525,10401.644,False,0,30.589,0.0030,-0.0007,0,1,,0af1ac47ec708595b91e5c15300556f2714314c1,4d34f460daf25f5b68bb980541acd9dd71ff7873,False,misdirect,"io_uring_enter(getevents, ext_arg; single_issuer, defer_taskrun)",clang 22.1.8,alex-laptop,results/raw/2026-09-29-L-publication-0af1ac4/gap-sweep/io_uring-10000us-g14000us-defect-slack1ns.jsonl
io_uring,slack=1ns,10000,15000,,21,15347.436,0.487,5253.280,5298.012,5253.280,2064.545,True,2000.000,True,10322.724,10098.054,10409.379,False,0,48.108,0.0047,-0.0037,0,1,,0af1ac47ec708595b91e5c15300556f2714314c1,4d34f460daf25f5b68bb980541acd9dd71ff7873,False,misdirect,"io_uring_enter(getevents, ext_arg; single_issuer, defer_taskrun)",clang 22.1.8,alex-laptop,results/raw/2026-09-29-L-publication-0af1ac4/gap-sweep/io_uring-10000us-g15000us-defect-slack1ns.jsonl
io_uring,slack=1ns,10000,16000,,21,16350.141,0.589,4260.163,4233.893,4260.163,2058.403,True,2000.000,True,10292.017,10025.236,10392.225,False,0,92.983,0.0090,0.0024,0,1,,0af1ac47ec708595b91e5c15300556f2714314c1,4d34f460daf25f5b68bb980541acd9dd71ff7873,False,misdirect,"io_uring_enter(getevents, ext_arg; single_issuer, defer_taskrun)",clang 22.1.8,alex-laptop,results/raw/2026-09-29-L-publication-0af1ac4/gap-sweep/io_uring-10000us-g16000us-defect-slack1ns.jsonl
io_uring,slack=1ns,10000,17000,,21,17354.872,0.681,3260.823,3293.906,3260.823,2064.878,True,2000.000,True,10324.389,10319.650,10345.307,False,0,48.963,0.0047,-0.0037,0,1,,0af1ac47ec708595b91e5c15300556f2714314c1,4d34f460daf25f5b68bb980541acd9dd71ff7873,False,misdirect,"io_uring_enter(getevents, ext_arg; single_issuer, defer_taskrun)",clang 22.1.8,alex-laptop,results/raw/2026-09-29-L-publication-0af1ac4/gap-sweep/io_uring-10000us-g17000us-defect-slack1ns.jsonl
io_uring,slack=1ns,10000,18000,,21,18360.333,0.778,2245.944,2287.459,2245.944,2064.779,True,2000.000,True,10323.896,10312.444,10403.266,False,0,48.955,0.0047,-0.0043,0,1,,0af1ac47ec708595b91e5c15300556f2714314c1,4d34f460daf25f5b68bb980541acd9dd71ff7873,False,misdirect,"io_uring_enter(getevents, ext_arg; single_issuer, defer_taskrun)",clang 22.1.8,alex-laptop,results/raw/2026-09-29-L-publication-0af1ac4/gap-sweep/io_uring-10000us-g18000us-defect-slack1ns.jsonl
io_uring,slack=1ns,10000,19000,,21,19363.911,0.875,1226.847,1287.413,1226.847,2065.132,False,2000.000,False,10325.662,10309.871,10338.166,False,0,53.732,0.0052,-0.0052,0,1,,0af1ac47ec708595b91e5c15300556f2714314c1,4d34f460daf25f5b68bb980541acd9dd71ff7873,False,misdirect,"io_uring_enter(getevents, ext_arg; single_issuer, defer_taskrun)",clang 22.1.8,alex-laptop,results/raw/2026-09-29-L-publication-0af1ac4/gap-sweep/io_uring-10000us-g19000us-defect-slack1ns.jsonl
io_uring,slack=1ns,10000,20000,,21,20330.739,0.970,40.666,314.775,40.666,2064.551,False,2000.000,False,10322.757,10280.234,10401.283,False,0,293.045,0.0284,-0.0270,4,1,,0af1ac47ec708595b91e5c15300556f2714314c1,4d34f460daf25f5b68bb980541acd9dd71ff7873,False,misdirect,"io_uring_enter(getevents, ext_arg; single_issuer, defer_taskrun)",clang 22.1.8,alex-laptop,results/raw/2026-09-29-L-publication-0af1ac4/gap-sweep/io_uring-10000us-g20000us-defect-slack1ns.jsonl
io_uring,slack=1ns,10000,21000,,21,21285.484,0.062,9606.128,9689.426,9606.128,2064.994,True,2000.000,True,10324.970,10315.793,10362.621,False,0,79.359,0.0077,-0.0065,0,1,,0af1ac47ec708595b91e5c15300556f2714314c1,4d34f460daf25f5b68bb980541acd9dd71ff7873,False,misdirect,"io_uring_enter(getevents, ext_arg; single_issuer, defer_taskrun)",clang 22.1.8,alex-laptop,results/raw/2026-09-29-L-publication-0af1ac4/gap-sweep/io_uring-10000us-g21000us-defect-slack1ns.jsonl
io_uring,slack=1ns,10000,22000,,21,22337.943,0.164,8587.393,8633.385,8587.393,2064.755,True,2000.000,True,10323.776,10076.924,10330.290,False,0,72.671,0.0070,-0.0047,0,1,,0af1ac47ec708595b91e5c15300556f2714314c1,4d34f460daf25f5b68bb980541acd9dd71ff7873,False,misdirect,"io_uring_enter(getevents, ext_arg; single_issuer, defer_taskrun)",clang 22.1.8,alex-laptop,results/raw/2026-09-29-L-publication-0af1ac4/gap-sweep/io_uring-10000us-g22000us-defect-slack1ns.jsonl
io_uring,slack=1ns,10000,23000,,21,23346.601,0.262,7562.855,7619.474,7562.855,2064.405,True,2000.000,True,10322.025,10294.281,10331.120,False,0,58.281,0.0056,-0.0043,0,1,,0af1ac47ec708595b91e5c15300556f2714314c1,4d34f460daf25f5b68bb980541acd9dd71ff7873,False,misdirect,"io_uring_enter(getevents, ext_arg; single_issuer, defer_taskrun)",clang 22.1.8,alex-laptop,results/raw/2026-09-29-L-publication-0af1ac4/gap-sweep/io_uring-10000us-g23000us-defect-slack1ns.jsonl
io_uring,slack=1ns,10000,24000,,21,24350.500,0.358,6571.811,6624.014,6571.811,2064.968,True,2000.000,True,10324.838,10300.674,10403.568,False,0,50.631,0.0049,-0.0049,0,1,,0af1ac47ec708595b91e5c15300556f2714314c1,4d34f460daf25f5b68bb980541acd9dd71ff7873,False,misdirect,"io_uring_enter(getevents, ext_arg; single_issuer, defer_taskrun)",clang 22.1.8,alex-laptop,results/raw/2026-09-29-L-publication-0af1ac4/gap-sweep/io_uring-10000us-g24000us-defect-slack1ns.jsonl
io_uring,slack=1ns,10000,25000,,21,25349.008,0.456,5558.836,5620.736,5558.836,2064.650,True,2000.000,True,10323.248,10268.424,10391.143,False,0,54.267,0.0053,-0.0052,0,1,,0af1ac47ec708595b91e5c15300556f2714314c1,4d34f460daf25f5b68bb980541acd9dd71ff7873,False,misdirect,"io_uring_enter(getevents, ext_arg; single_issuer, defer_taskrun)",clang 22.1.8,alex-laptop,results/raw/2026-09-29-L-publication-0af1ac4/gap-sweep/io_uring-10000us-g25000us-defect-slack1ns.jsonl
io_uring,slack=1ns,10000,26000,,21,26355.231,0.553,4552.613,4611.054,4552.613,2064.419,True,2000.000,True,10322.095,10249.038,10340.279,False,0,71.175,0.0069,-0.0069,0,1,,0af1ac47ec708595b91e5c15300556f2714314c1,4d34f460daf25f5b68bb980541acd9dd71ff7873,False,misdirect,"io_uring_enter(getevents, ext_arg; single_issuer, defer_taskrun)",clang 22.1.8,alex-laptop,results/raw/2026-09-29-L-publication-0af1ac4/gap-sweep/io_uring-10000us-g26000us-defect-slack1ns.jsonl
io_uring,slack=1ns,10000,27000,,21,27354.031,0.648,3552.021,3632.603,3552.021,2065.776,True,2000.000,True,10328.878,10300.283,10354.777,False,0,76.806,0.0074,-0.0074,0,1,,0af1ac47ec708595b91e5c15300556f2714314c1,4d34f460daf25f5b68bb980541acd9dd71ff7873,False,misdirect,"io_uring_enter(getevents, ext_arg; single_issuer, defer_taskrun)",clang 22.1.8,alex-laptop,results/raw/2026-09-29-L-publication-0af1ac4/gap-sweep/io_uring-10000us-g27000us-defect-slack1ns.jsonl
io_uring,slack=1ns,10000,28000,,21,28355.551,0.748,2556.147,2604.062,2556.147,2063.974,True,2000.000,True,10319.871,10061.765,10347.092,False,0,45.248,0.0044,-0.0040,0,1,,0af1ac47ec708595b91e5c15300556f2714314c1,4d34f460daf25f5b68bb980541acd9dd71ff7873,False,misdirect,"io_uring_enter(getevents, ext_arg; single_issuer, defer_taskrun)",clang 22.1.8,alex-laptop,results/raw/2026-09-29-L-publication-0af1ac4/gap-sweep/io_uring-10000us-g28000us-defect-slack1ns.jsonl
io_uring,slack=1ns,10000,29000,,21,29358.980,0.844,1536.440,1610.032,1536.440,2064.601,False,2000.000,False,10323.004,10314.309,10413.277,False,0,57.203,0.0055,-0.0055,0,1,,0af1ac47ec708595b91e5c15300556f2714314c1,4d34f460daf25f5b68bb980541acd9dd71ff7873,False,misdirect,"io_uring_enter(getevents, ext_arg; single_issuer, defer_taskrun)",clang 22.1.8,alex-laptop,results/raw/2026-09-29-L-publication-0af1ac4/gap-sweep/io_uring-10000us-g29000us-defect-slack1ns.jsonl
io_uring,slack=1ns,10000,30000,,21,30362.548,0.941,505.701,607.880,505.701,2064.695,False,2000.000,False,10323.476,10246.913,10330.701,False,0,116.332,0.0113,-0.0090,1,1,,0af1ac47ec708595b91e5c15300556f2714314c1,4d34f460daf25f5b68bb980541acd9dd71ff7873,False,misdirect,"io_uring_enter(getevents, ext_arg; single_issuer, defer_taskrun)",clang 22.1.8,alex-laptop,results/raw/2026-09-29-L-publication-0af1ac4/gap-sweep/io_uring-10000us-g30000us-defect-slack1ns.jsonl
iocp,timer=1ms,1000,,0.050,21,516.800,0.340,998.300,1001.300,998.300,303.620,True,200.000,True,1518.100,1504.900,1530.800,False,0,4.400,0.0029,-0.0016,0,,0,0af1ac47ec708595b91e5c15300556f2714314c1,62408d4a089e70b3cac46e9695b4cc0be1a05776,False,omit,GetQueuedCompletionStatus,clang-cl 22.1.0 (https://github.com/llvm/llvm-project 4434dabb69916856b824f68a64b029c67175e532),ALEX-PC,results/raw/2026-09-30-W-publication/gap-sweep/iocp-1000us-f0.05-defect-timer1ms.jsonl
iocp,timer=1ms,1000,,0.150,21,523.600,0.345,998.400,994.700,998.400,303.660,True,200.000,True,1518.300,1515.500,1539.400,False,0,6.900,0.0045,0.0045,0,,0,0af1ac47ec708595b91e5c15300556f2714314c1,62408d4a089e70b3cac46e9695b4cc0be1a05776,False,omit,GetQueuedCompletionStatus,clang-cl 22.1.0 (https://github.com/llvm/llvm-project 4434dabb69916856b824f68a64b029c67175e532),ALEX-PC,results/raw/2026-09-30-W-publication/gap-sweep/iocp-1000us-f0.15-defect-timer1ms.jsonl
iocp,timer=1ms,1000,,0.250,21,517.300,0.340,998.500,1005.600,998.500,304.580,True,200.000,True,1522.900,1514.500,1653.300,False,0,8.100,0.0053,-0.0032,0,,0,0af1ac47ec708595b91e5c15300556f2714314c1,62408d4a089e70b3cac46e9695b4cc0be1a05776,False,omit,GetQueuedCompletionStatus,clang-cl 22.1.0 (https://github.com/llvm/llvm-project 4434dabb69916856b824f68a64b029c67175e532),ALEX-PC,results/raw/2026-09-30-W-publication/gap-sweep/iocp-1000us-f0.25-defect-timer1ms.jsonl
iocp,timer=1ms,1000,,0.350,21,1005.200,0.660,1013.800,517.300,1013.800,304.500,True,200.000,True,1522.500,1514.600,2022.000,False,0,508.800,0.3342,0.3342,4,,0,0af1ac47ec708595b91e5c15300556f2714314c1,62408d4a089e70b3cac46e9695b4cc0be1a05776,False,omit,GetQueuedCompletionStatus,clang-cl 22.1.0 (https://github.com/llvm/llvm-project 4434dabb69916856b824f68a64b029c67175e532),ALEX-PC,results/raw/2026-09-30-W-publication/gap-sweep/iocp-1000us-f0.35-defect-timer1ms.jsonl
iocp,timer=1ms,1000,,0.450,21,1004.800,0.659,1377.100,519.200,1377.100,304.800,True,200.000,True,1524.000,1516.600,2009.300,False,0,739.300,0.4851,0.4851,10,,0,0af1ac47ec708595b91e5c15300556f2714314c1,62408d4a089e70b3cac46e9695b4cc0be1a05776,False,omit,GetQueuedCompletionStatus,clang-cl 22.1.0 (https://github.com/llvm/llvm-project 4434dabb69916856b824f68a64b029c67175e532),ALEX-PC,results/raw/2026-09-30-W-publication/gap-sweep/iocp-1000us-f0.45-defect-timer1ms.jsonl
iocp,timer=1ms,1000,,0.550,21,1006.000,0.660,1000.800,518.800,1000.800,304.880,True,200.000,True,1524.400,1514.600,2001.600,False,0,507.500,0.3329,0.3283,2,,0,0af1ac47ec708595b91e5c15300556f2714314c1,62408d4a089e70b3cac46e9695b4cc0be1a05776,False,omit,GetQueuedCompletionStatus,clang-cl 22.1.0 (https://github.com/llvm/llvm-project 4434dabb69916856b824f68a64b029c67175e532),ALEX-PC,results/raw/2026-09-30-W-publication/gap-sweep/iocp-1000us-f0.55-defect-timer1ms.jsonl
iocp,timer=1ms,1000,,0.650,21,1520.500,0.978,996.400,37.200,996.400,311.060,True,200.000,True,1555.300,1553.700,1561.600,False,0,960.600,0.6176,0.6176,15,,0,0af1ac47ec708595b91e5c15300556f2714314c1,62408d4a089e70b3cac46e9695b4cc0be1a05776,False,omit,GetQueuedCompletionStatus,clang-cl 22.1.0 (https://github.com/llvm/llvm-project 4434dabb69916856b824f68a64b029c67175e532),ALEX-PC,results/raw/2026-09-30-W-publication/gap-sweep/iocp-1000us-f0.65-defect-timer1ms.jsonl
iocp,timer=1ms,1000,,0.750,21,1518.700,0.002,998.100,1508.300,998.100,303.200,True,200.000,True,1516.000,1514.200,1525.500,False,0,516.000,0.3404,-0.3397,5,,0,0af1ac47ec708595b91e5c15300556f2714314c1,62408d4a089e70b3cac46e9695b4cc0be1a05776,False,omit,GetQueuedCompletionStatus,clang-cl 22.1.0 (https://github.com/llvm/llvm-project 4434dabb69916856b824f68a64b029c67175e532),ALEX-PC,results/raw/2026-09-30-W-publication/gap-sweep/iocp-1000us-f0.75-defect-timer1ms.jsonl
iocp,timer=1ms,1000,,0.850,21,1524.200,0.004,997.600,1373.200,997.600,303.620,True,200.000,True,1518.100,1515.100,1526.300,False,0,520.800,0.3431,-0.2251,10,,0,0af1ac47ec708595b91e5c15300556f2714314c1,62408d4a089e70b3cac46e9695b4cc0be1a05776,False,omit,GetQueuedCompletionStatus,clang-cl 22.1.0 (https://github.com/llvm/llvm-project 4434dabb69916856b824f68a64b029c67175e532),ALEX-PC,results/raw/2026-09-30-W-publication/gap-sweep/iocp-1000us-f0.85-defect-timer1ms.jsonl
iocp,timer=1ms,1000,,0.950,21,1522.600,0.002,998.100,1295.400,998.100,303.940,True,200.000,True,1519.700,1514.000,1525.900,False,0,994.900,0.6547,-0.1972,11,,0,0af1ac47ec708595b91e5c15300556f2714314c1,62408d4a089e70b3cac46e9695b4cc0be1a05776,False,omit,GetQueuedCompletionStatus,clang-cl 22.1.0 (https://github.com/llvm/llvm-project 4434dabb69916856b824f68a64b029c67175e532),ALEX-PC,results/raw/2026-09-30-W-publication/gap-sweep/iocp-1000us-f0.95-defect-timer1ms.jsonl
iocp,timer=1ms,1000,,1.050,21,2006.200,0.289,1039.400,1105.400,1039.400,311.160,True,200.000,True,1555.800,1067.500,1562.500,False,0,106.500,0.0685,-0.0309,0,,0,0af1ac47ec708595b91e5c15300556f2714314c1,62408d4a089e70b3cac46e9695b4cc0be1a05776,False,omit,GetQueuedCompletionStatus,clang-cl 22.1.0 (https://github.com/llvm/llvm-project 4434dabb69916856b824f68a64b029c67175e532),ALEX-PC,results/raw/2026-09-30-W-publication/gap-sweep/iocp-1000us-f1.05-defect-timer1ms.jsonl
iocp,timer=1ms,1000,,1.150,21,2006.500,0.318,1012.400,1038.700,1012.400,304.520,True,200.000,True,1522.600,1503.700,1536.700,False,0,162.300,0.1066,-0.0174,2,,0,0af1ac47ec708595b91e5c15300556f2714314c1,62408d4a089e70b3cac46e9695b4cc0be1a05776,False,omit,GetQueuedCompletionStatus,clang-cl 22.1.0 (https://github.com/llvm/llvm-project 4434dabb69916856b824f68a64b029c67175e532),ALEX-PC,results/raw/2026-09-30-W-publication/gap-sweep/iocp-1000us-f1.15-defect-timer1ms.jsonl
iocp,timer=1ms,1000,,1.250,21,2011.500,0.323,1015.900,1029.500,1015.900,304.100,True,200.000,True,1520.500,1514.900,1676.100,False,0,112.400,0.0739,-0.0049,0,,0,0af1ac47ec708595b91e5c15300556f2714314c1,62408d4a089e70b3cac46e9695b4cc0be1a05776,False,omit,GetQueuedCompletionStatus,clang-cl 22.1.0 (https://github.com/llvm/llvm-project 4434dabb69916856b824f68a64b029c67175e532),ALEX-PC,results/raw/2026-09-30-W-publication/gap-sweep/iocp-1000us-f1.25-defect-timer1ms.jsonl
iocp,timer=1ms,1000,,1.350,21,2519.300,0.662,994.600,517.600,994.600,303.240,True,200.000,True,1516.200,1513.400,1529.100,False,0,493.200,0.3253,0.3106,1,,0,0af1ac47ec708595b91e5c15300556f2714314c1,62408d4a089e70b3cac46e9695b4cc0be1a05776,False,omit,GetQueuedCompletionStatus,clang-cl 22.1.0 (https://github.com/llvm/llvm-project 4434dabb69916856b824f68a64b029c67175e532),ALEX-PC,results/raw/2026-09-30-W-publication/gap-sweep/iocp-1000us-f1.35-defect-timer1ms.jsonl
iocp,timer=1ms,1000,,1.450,21,2510.500,0.651,995.500,530.300,995.500,304.080,True,200.000,True,1520.400,1519.000,1532.300,False,0,466.000,0.3065,0.3060,2,,0,0af1ac47ec708595b91e5c15300556f2714314c1,62408d4a089e70b3cac46e9695b4cc0be1a05776,False,omit,GetQueuedCompletionStatus,clang-cl 22.1.0 (https://github.com/llvm/llvm-project 4434dabb69916856b824f68a64b029c67175e532),ALEX-PC,results/raw/2026-09-30-W-publication/gap-sweep/iocp-1000us-f1.45-defect-timer1ms.jsonl
iocp,timer=1ms,1000,,1.550,21,2508.300,0.655,998.900,522.900,998.900,303.100,True,200.000,True,1515.500,1041.400,1525.300,False,0,476.300,0.3143,0.3134,5,,0,0af1ac47ec708595b91e5c15300556f2714314c1,62408d4a089e70b3cac46e9695b4cc0be1a05776,False,omit,GetQueuedCompletionStatus,clang-cl 22.1.0 (https://github.com/llvm/llvm-project 4434dabb69916856b824f68a64b029c67175e532),ALEX-PC,results/raw/2026-09-30-W-publication/gap-sweep/iocp-1000us-f1.55-defect-timer1ms.jsonl
iocp,timer=1ms,1000,,1.650,21,3008.700,0.973,1484.900,42.500,1484.900,305.060,True,200.000,True,1525.300,1518.900,1542.000,False,0,1440.700,0.9445,0.9445,15,,0,0af1ac47ec708595b91e5c15300556f2714314c1,62408d4a089e70b3cac46e9695b4cc0be1a05776,False,omit,GetQueuedCompletionStatus,clang-cl 22.1.0 (https://github.com/llvm/llvm-project 4434dabb69916856b824f68a64b029c67175e532),ALEX-PC,results/raw/2026-09-30-W-publication/gap-sweep/iocp-1000us-f1.65-defect-timer1ms.jsonl
iocp,timer=1ms,1000,,1.750,21,3006.100,0.978,1018.200,34.000,1018.200,303.980,True,200.000,True,1519.900,1513.600,1660.200,False,0,981.400,0.6457,0.6457,18,,0,0af1ac47ec708595b91e5c15300556f2714314c1,62408d4a089e70b3cac46e9695b4cc0be1a05776,False,omit,GetQueuedCompletionStatus,clang-cl 22.1.0 (https://github.com/llvm/llvm-project 4434dabb69916856b824f68a64b029c67175e532),ALEX-PC,results/raw/2026-09-30-W-publication/gap-sweep/iocp-1000us-f1.75-defect-timer1ms.jsonl
iocp,timer=1ms,1000,,1.850,21,3007.400,0.967,1020.400,52.400,1020.400,305.840,True,200.000,True,1529.200,1527.700,1532.100,False,0,968.700,0.6335,0.6335,18,,0,0af1ac47ec708595b91e5c15300556f2714314c1,62408d4a089e70b3cac46e9695b4cc0be1a05776,False,omit,GetQueuedCompletionStatus,clang-cl 22.1.0 (https://github.com/llvm/llvm-project 4434dabb69916856b824f68a64b029c67175e532),ALEX-PC,results/raw/2026-09-30-W-publication/gap-sweep/iocp-1000us-f1.85-defect-timer1ms.jsonl
iocp,timer=1ms,1000,,1.950,21,3006.200,0.969,1017.800,49.600,1017.800,305.400,True,200.000,True,1527.000,1524.700,1536.100,False,0,973.100,0.6373,0.6373,17,,0,0af1ac47ec708595b91e5c15300556f2714314c1,62408d4a089e70b3cac46e9695b4cc0be1a05776,False,omit,GetQueuedCompletionStatus,clang-cl 22.1.0 (https://github.com/llvm/llvm-project 4434dabb69916856b824f68a64b029c67175e532),ALEX-PC,results/raw/2026-09-30-W-publication/gap-sweep/iocp-1000us-f1.95-defect-timer1ms.jsonl
iocp,timer=1ms,1000,,2.050,21,3508.500,0.305,998.500,1057.800,998.500,304.420,True,200.000,True,1522.100,1518.100,1530.100,False,0,60.100,0.0395,-0.0390,1,,0,0af1ac47ec708595b91e5c15300556f2714314c1,62408d4a089e70b3cac46e9695b4cc0be1a05776,False,omit,GetQueuedCompletionStatus,clang-cl 22.1.0 (https://github.com/llvm/llvm-project 4434dabb69916856b824f68a64b029c67175e532),ALEX-PC,results/raw/2026-09-30-W-publication/gap-sweep/iocp-1000us-f2.05-defect-timer1ms.jsonl
iocp,timer=1ms,1000,,2.150,21,3512.100,0.316,996.700,1036.800,996.700,303.260,True,200.000,True,1516.300,1513.600,1526.300,False,0,42.800,0.0282,-0.0272,1,,0,0af1ac47ec708595b91e5c15300556f2714314c1,62408d4a089e70b3cac46e9695b4cc0be1a05776,False,omit,GetQueuedCompletionStatus,clang-cl 22.1.0 (https://github.com/llvm/llvm-project 4434dabb69916856b824f68a64b029c67175e532),ALEX-PC,results/raw/2026-09-30-W-publication/gap-sweep/iocp-1000us-f2.15-defect-timer1ms.jsonl
iocp,timer=1ms,1000,,2.250,21,3527.600,0.324,1002.300,1025.200,1002.300,303.520,True,200.000,True,1517.600,1514.400,1683.600,False,0,76.900,0.0507,-0.0135,4,,0,0af1ac47ec708595b91e5c15300556f2714314c1,62408d4a089e70b3cac46e9695b4cc0be1a05776,False,omit,GetQueuedCompletionStatus,clang-cl 22.1.0 (https://github.com/llvm/llvm-project 4434dabb69916856b824f68a64b029c67175e532),ALEX-PC,results/raw/2026-09-30-W-publication/gap-sweep/iocp-1000us-f2.25-defect-timer1ms.jsonl
iocp,timer=1ms,1000,,2.350,21,4007.000,0.643,1033.100,541.300,1033.100,303.220,True,200.000,True,1516.100,1514.700,1522.200,False,0,490.900,0.3238,0.3238,4,,0,0af1ac47ec708595b91e5c15300556f2714314c1,62408d4a089e70b3cac46e9695b4cc0be1a05776,False,omit,GetQueuedCompletionStatus,clang-cl 22.1.0 (https://github.com/llvm/llvm-project 4434dabb69916856b824f68a64b029c67175e532),ALEX-PC,results/raw/2026-09-30-W-publication/gap-sweep/iocp-1000us-f2.35-defect-timer1ms.jsonl
iocp,timer=1ms,1000,,2.450,21,4017.100,0.650,1017.300,531.200,1017.300,303.220,True,200.000,True,1516.100,1514.000,1518.900,False,0,508.400,0.3353,0.3135,6,,0,0af1ac47ec708595b91e5c15300556f2714314c1,62408d4a089e70b3cac46e9695b4cc0be1a05776,False,omit,GetQueuedCompletionStatus,clang-cl 22.1.0 (https://github.com/llvm/llvm-project 4434dabb69916856b824f68a64b029c67175e532),ALEX-PC,results/raw/2026-09-30-W-publication/gap-sweep/iocp-1000us-f2.45-defect-timer1ms.jsonl
iocp,timer=1ms,1000,,2.550,21,4023.800,0.646,1485.100,538.600,1485.100,304.160,True,200.000,True,1520.800,1514.600,1580.800,False,0,938.600,0.6172,0.6172,12,,0,0af1ac47ec708595b91e5c15300556f2714314c1,62408d4a089e70b3cac46e9695b4cc0be1a05776,False,omit,GetQueuedCompletionStatus,clang-cl 22.1.0 (https://github.com/llvm/llvm-project 4434dabb69916856b824f68a64b029c67175e532),ALEX-PC,results/raw/2026-09-30-W-publication/gap-sweep/iocp-1000us-f2.55-defect-timer1ms.jsonl
iocp,timer=1ms,1000,,2.650,21,4512.500,0.976,1000.100,38.500,1000.100,303.280,True,200.000,True,1516.400,1515.000,1533.700,False,0,957.300,0.6313,0.6313,16,,0,0af1ac47ec708595b91e5c15300556f2714314c1,62408d4a089e70b3cac46e9695b4cc0be1a05776,False,omit,GetQueuedCompletionStatus,clang-cl 22.1.0 (https://github.com/llvm/llvm-project 4434dabb69916856b824f68a64b029c67175e532),ALEX-PC,results/raw/2026-09-30-W-publication/gap-sweep/iocp-1000us-f2.65-defect-timer1ms.jsonl
iocp,timer=1ms,1000,,2.750,21,4509.000,0.972,996.800,44.200,996.800,303.400,True,200.000,True,1517.000,1506.600,1529.800,False,0,955.400,0.6298,0.6291,19,,0,0af1ac47ec708595b91e5c15300556f2714314c1,62408d4a089e70b3cac46e9695b4cc0be1a05776,False,omit,GetQueuedCompletionStatus,clang-cl 22.1.0 (https://github.com/llvm/llvm-project 4434dabb69916856b824f68a64b029c67175e532),ALEX-PC,results/raw/2026-09-30-W-publication/gap-sweep/iocp-1000us-f2.75-defect-timer1ms.jsonl
iocp,timer=1ms,1000,,2.850,21,4631.400,0.048,1103.000,1428.700,1103.000,303.920,True,200.000,True,1519.600,1513.700,1677.400,False,0,344.000,0.2264,-0.2216,6,,0,0af1ac47ec708595b91e5c15300556f2714314c1,62408d4a089e70b3cac46e9695b4cc0be1a05776,False,omit,GetQueuedCompletionStatus,clang-cl 22.1.0 (https://github.com/llvm/llvm-project 4434dabb69916856b824f68a64b029c67175e532),ALEX-PC,results/raw/2026-09-30-W-publication/gap-sweep/iocp-1000us-f2.85-defect-timer1ms.jsonl
iocp,timer=1ms,1000,,2.950,21,4533.700,0.990,1010.900,36.300,1010.900,303.240,True,200.000,True,1516.200,1514.400,1528.700,False,0,556.800,0.3672,0.0817,10,,0,0af1ac47ec708595b91e5c15300556f2714314c1,62408d4a089e70b3cac46e9695b4cc0be1a05776,False,omit,GetQueuedCompletionStatus,clang-cl 22.1.0 (https://github.com/llvm/llvm-project 4434dabb69916856b824f68a64b029c67175e532),ALEX-PC,results/raw/2026-09-30-W-publication/gap-sweep/iocp-1000us-f2.95-defect-timer1ms.jsonl
iocp,timer=1ms,10000,,0.050,21,1000.400,0.096,9034.700,9429.000,9034.700,2085.880,True,2000.000,True,10429.400,10011.600,10579.900,False,0,401.400,0.0385,-0.0380,0,,0,0af1ac47ec708595b91e5c15300556f2714314c1,62408d4a089e70b3cac46e9695b4cc0be1a05776,False,omit,GetQueuedCompletionStatus,clang-cl 22.1.0 (https://github.com/llvm/llvm-project 4434dabb69916856b824f68a64b029c67175e532),ALEX-PC,results/raw/2026-09-30-W-publication/gap-sweep/iocp-10000us-f0.05-defect-timer1ms.jsonl
iocp,timer=1ms,10000,,0.150,21,1744.200,0.166,8388.200,8786.000,8388.200,2106.040,True,2000.000,True,10530.200,10001.900,11201.600,False,0,414.300,0.0393,-0.0295,0,,0,0af1ac47ec708595b91e5c15300556f2714314c1,62408d4a089e70b3cac46e9695b4cc0be1a05776,False,omit,GetQueuedCompletionStatus,clang-cl 22.1.0 (https://github.com/llvm/llvm-project 4434dabb69916856b824f68a64b029c67175e532),ALEX-PC,results/raw/2026-09-30-W-publication/gap-sweep/iocp-10000us-f0.15-defect-timer1ms.jsonl
iocp,timer=1ms,10000,,0.250,21,2949.000,0.294,7475.000,7086.300,7475.000,2007.060,True,2000.000,True,10035.300,10009.300,10580.400,False,0,64.400,0.0064,0.0027,0,,0,0af1ac47ec708595b91e5c15300556f2714314c1,62408d4a089e70b3cac46e9695b4cc0be1a05776,False,omit,GetQueuedCompletionStatus,clang-cl 22.1.0 (https://github.com/llvm/llvm-project 4434dabb69916856b824f68a64b029c67175e532),ALEX-PC,results/raw/2026-09-30-W-publication/gap-sweep/iocp-10000us-f0.25-defect-timer1ms.jsonl
iocp,timer=1ms,10000,,0.350,21,3990.500,0.391,6077.700,6219.700,6077.700,2042.040,True,2000.000,True,10210.200,10012.400,10650.800,False,0,202.800,0.0199,-0.0189,0,,0,0af1ac47ec708595b91e5c15300556f2714314c1,62408d4a089e70b3cac46e9695b4cc0be1a05776,False,omit,GetQueuedCompletionStatus,clang-cl 22.1.0 (https://github.com/llvm/llvm-project 4434dabb69916856b824f68a64b029c67175e532),ALEX-PC,results/raw/2026-09-30-W-publication/gap-sweep/iocp-10000us-f0.35-defect-timer1ms.jsonl
iocp,timer=1ms,10000,,0.450,21,4755.100,0.471,5418.400,5338.100,5418.400,2018.640,True,2000.000,True,10093.200,9965.300,10652.800,False,0,116.800,0.0116,-0.0048,0,,0,0af1ac47ec708595b91e5c15300556f2714314c1,62408d4a089e70b3cac46e9695b4cc0be1a05776,False,omit,GetQueuedCompletionStatus,clang-cl 22.1.0 (https://github.com/llvm/llvm-project 4434dabb69916856b824f68a64b029c67175e532),ALEX-PC,results/raw/2026-09-30-W-publication/gap-sweep/iocp-10000us-f0.45-defect-timer1ms.jsonl
iocp,timer=1ms,10000,,0.550,21,5999.000,0.585,4205.400,4249.800,4205.400,2049.760,True,2000.000,True,10248.800,10012.000,10543.600,False,0,243.000,0.0237,-0.0224,0,,0,0af1ac47ec708595b91e5c15300556f2714314c1,62408d4a089e70b3cac46e9695b4cc0be1a05776,False,omit,GetQueuedCompletionStatus,clang-cl 22.1.0 (https://github.com/llvm/llvm-project 4434dabb69916856b824f68a64b029c67175e532),ALEX-PC,results/raw/2026-09-30-W-publication/gap-sweep/iocp-10000us-f0.55-defect-timer1ms.jsonl
iocp,timer=1ms,10000,,0.650,21,6993.700,0.673,3257.900,3396.100,3257.900,2077.960,True,2000.000,True,10389.800,10001.400,10833.500,False,0,378.300,0.0364,-0.0321,0,,0,0af1ac47ec708595b91e5c15300556f2714314c1,62408d4a089e70b3cac46e9695b4cc0be1a05776,False,omit,GetQueuedCompletionStatus,clang-cl 22.1.0 (https://github.com/llvm/llvm-project 4434dabb69916856b824f68a64b029c67175e532),ALEX-PC,results/raw/2026-09-30-W-publication/gap-sweep/iocp-10000us-f0.65-defect-timer1ms.jsonl
iocp,timer=1ms,10000,,0.750,21,7820.000,0.781,2535.200,2198.200,2535.200,2003.640,True,2000.000,True,10018.200,10008.500,10762.700,False,0,325.900,0.0325,0.0325,0,,0,0af1ac47ec708595b91e5c15300556f2714314c1,62408d4a089e70b3cac46e9695b4cc0be1a05776,False,omit,GetQueuedCompletionStatus,clang-cl 22.1.0 (https://github.com/llvm/llvm-project 4434dabb69916856b824f68a64b029c67175e532),ALEX-PC,results/raw/2026-09-30-W-publication/gap-sweep/iocp-10000us-f0.75-defect-timer1ms.jsonl
iocp,timer=1ms,10000,,0.850,21,8624.500,0.861,1630.000,1396.300,1630.000,2004.160,False,2000.000,False,10020.800,10002.200,10830.500,False,0,420.700,0.0420,0.0420,0,,0,0af1ac47ec708595b91e5c15300556f2714314c1,62408d4a089e70b3cac46e9695b4cc0be1a05776,False,omit,GetQueuedCompletionStatus,clang-cl 22.1.0 (https://github.com/llvm/llvm-project 4434dabb69916856b824f68a64b029c67175e532),ALEX-PC,results/raw/2026-09-30-W-publication/gap-sweep/iocp-10000us-f0.85-defect-timer1ms.jsonl
iocp,timer=1ms,10000,,0.950,21,10504.200,0.997,10012.600,167.700,10012.600,2106.380,True,2000.000,True,10531.900,10051.000,10682.600,False,0,9920.600,0.9420,0.9420,17,,0,0af1ac47ec708595b91e5c15300556f2714314c1,62408d4a089e70b3cac46e9695b4cc0be1a05776,False,omit,GetQueuedCompletionStatus,clang-cl 22.1.0 (https://github.com/llvm/llvm-project 4434dabb69916856b824f68a64b029c67175e532),ALEX-PC,results/raw/2026-09-30-W-publication/gap-sweep/iocp-10000us-f0.95-defect-timer1ms.jsonl
iocp,timer=1ms,10000,,1.050,21,10985.400,0.098,9220.500,9030.600,9220.500,2001.600,True,2000.000,True,10008.000,10002.000,10540.000,False,0,317.400,0.0317,0.0081,2,,0,0af1ac47ec708595b91e5c15300556f2714314c1,62408d4a089e70b3cac46e9695b4cc0be1a05776,False,omit,GetQueuedCompletionStatus,clang-cl 22.1.0 (https://github.com/llvm/llvm-project 4434dabb69916856b824f68a64b029c67175e532),ALEX-PC,results/raw/2026-09-30-W-publication/gap-sweep/iocp-10000us-f1.05-defect-timer1ms.jsonl
iocp,timer=1ms,10000,,1.150,21,11900.800,0.187,8875.600,8146.000,8875.600,2004.680,True,2000.000,True,10023.400,10012.800,10582.600,False,0,659.900,0.0658,0.0658,0,,0,0af1ac47ec708595b91e5c15300556f2714314c1,62408d4a089e70b3cac46e9695b4cc0be1a05776,False,omit,GetQueuedCompletionStatus,clang-cl 22.1.0 (https://github.com/llvm/llvm-project 4434dabb69916856b824f68a64b029c67175e532),ALEX-PC,results/raw/2026-09-30-W-publication/gap-sweep/iocp-10000us-f1.15-defect-timer1ms.jsonl
iocp,timer=1ms,10000,,1.250,21,13042.500,0.275,7433.200,7420.700,7433.200,2046.320,True,2000.000,True,10231.600,10002.000,10531.800,False,0,339.800,0.0332,0.0100,0,,0,0af1ac47ec708595b91e5c15300556f2714314c1,62408d4a089e70b3cac46e9695b4cc0be1a05776,False,omit,GetQueuedCompletionStatus,clang-cl 22.1.0 (https://github.com/llvm/llvm-project 4434dabb69916856b824f68a64b029c67175e532),ALEX-PC,results/raw/2026-09-30-W-publication/gap-sweep/iocp-10000us-f1.25-defect-timer1ms.jsonl
iocp,timer=1ms,10000,,1.350,21,14510.100,0.378,5979.900,6546.500,5979.900,2105.660,True,2000.000,True,10528.300,10010.300,10645.400,False,0,757.300,0.0719,-0.0572,0,,0,0af1ac47ec708595b91e5c15300556f2714314c1,62408d4a089e70b3cac46e9695b4cc0be1a05776,False,omit,GetQueuedCompletionStatus,clang-cl 22.1.0 (https://github.com/llvm/llvm-project 4434dabb69916856b824f68a64b029c67175e532),ALEX-PC,results/raw/2026-09-30-W-publication/gap-sweep/iocp-10000us-f1.35-defect-timer1ms.jsonl
iocp,timer=1ms,10000,,1.450,21,14840.800,0.463,5504.700,5448.400,5504.700,2028.920,True,2000.000,True,10144.600,10000.100,10821.900,False,0,300.100,0.0296,0.0296,0,,0,0af1ac47ec708595b91e5c15300556f2714314c1,62408d4a089e70b3cac46e9695b4cc0be1a05776,False,omit,GetQueuedCompletionStatus,clang-cl 22.1.0 (https://github.com/llvm/llvm-project 4434dabb69916856b824f68a64b029c67175e532),ALEX-PC,results/raw/2026-09-30-W-publication/gap-sweep/iocp-10000us-f1.45-defect-timer1ms.jsonl
iocp,timer=1ms,10000,,1.550,21,15657.300,0.563,4892.600,4372.100,4892.600,2002.940,True,2000.000,True,10014.700,10003.100,10555.500,False,0,462.400,0.0462,0.0462,0,,0,0af1ac47ec708595b91e5c15300556f2714314c1,62408d4a089e70b3cac46e9695b4cc0be1a05776,False,omit,GetQueuedCompletionStatus,clang-cl 22.1.0 (https://github.com/llvm/llvm-project 4434dabb69916856b824f68a64b029c67175e532),ALEX-PC,results/raw/2026-09-30-W-publication/gap-sweep/iocp-10000us-f1.55-defect-timer1ms.jsonl
iocp,timer=1ms,10000,,1.650,21,16993.500,0.681,3539.700,3226.500,3539.700,2022.000,True,2000.000,True,10110.000,10011.300,10870.700,False,0,313.200,0.0310,0.0310,0,,0,0af1ac47ec708595b91e5c15300556f2714314c1,62408d4a089e70b3cac46e9695b4cc0be1a05776,False,omit,GetQueuedCompletionStatus,clang-cl 22.1.0 (https://github.com/llvm/llvm-project 4434dabb69916856b824f68a64b029c67175e532),ALEX-PC,results/raw/2026-09-30-W-publication/gap-sweep/iocp-10000us-f1.65-defect-timer1ms.jsonl
iocp,timer=1ms,10000,,1.750,21,18503.700,0.784,1996.300,2244.100,1996.300,2074.780,False,2000.000,False,10373.900,9981.100,10549.100,False,0,476.800,0.0460,-0.0222,0,,0,0af1ac47ec708595b91e5c15300556f2714314c1,62408d4a089e70b3cac46e9695b4cc0be1a05776,False,omit,GetQueuedCompletionStatus,clang-cl 22.1.0 (https://github.com/llvm/llvm-project 4434dabb69916856b824f68a64b029c67175e532),ALEX-PC,results/raw/2026-09-30-W-publication/gap-sweep/iocp-10000us-f1.75-defect-timer1ms.jsonl
iocp,timer=1ms,10000,,1.850,21,18945.900,0.889,1590.900,1117.300,1590.900,2006.320,False,2000.000,False,10031.600,10009.600,10845.900,False,0,369.200,0.0368,0.0368,0,,0,0af1ac47ec708595b91e5c15300556f2714314c1,62408d4a089e70b3cac46e9695b4cc0be1a05776,False,omit,GetQueuedCompletionStatus,clang-cl 22.1.0 (https://github.com/llvm/llvm-project 4434dabb69916856b824f68a64b029c67175e532),ALEX-PC,results/raw/2026-09-30-W-publication/gap-sweep/iocp-10000us-f1.85-defect-timer1ms.jsonl
iocp,timer=1ms,10000,,1.950,21,19764.400,0.970,1082.700,422.000,1082.700,2006.100,False,2000.000,False,10030.500,10004.000,10592.100,False,0,749.600,0.0747,0.0560,4,,0,0af1ac47ec708595b91e5c15300556f2714314c1,62408d4a089e70b3cac46e9695b4cc0be1a05776,False,omit,GetQueuedCompletionStatus,clang-cl 22.1.0 (https://github.com/llvm/llvm-project 4434dabb69916856b824f68a64b029c67175e532),ALEX-PC,results/raw/2026-09-30-W-publication/gap-sweep/iocp-10000us-f1.95-defect-timer1ms.jsonl
iocp,timer=1ms,10000,,2.050,21,21771.600,0.085,8861.000,9548.400,8861.000,2088.000,True,2000.000,True,10440.000,10005.300,10918.100,False,0,728.500,0.0698,-0.0492,1,,0,0af1ac47ec708595b91e5c15300556f2714314c1,62408d4a089e70b3cac46e9695b4cc0be1a05776,False,omit,GetQueuedCompletionStatus,clang-cl 22.1.0 (https://github.com/llvm/llvm-project 4434dabb69916856b824f68a64b029c67175e532),ALEX-PC,results/raw/2026-09-30-W-publication/gap-sweep/iocp-10000us-f2.05-defect-timer1ms.jsonl
iocp,timer=1ms,10000,,2.150,21,21935.800,0.189,8999.200,8132.300,8999.200,2004.540,True,2000.000,True,10022.700,9999.600,10581.200,False,0,953.600,0.0951,0.0951,0,,0,0af1ac47ec708595b91e5c15300556f2714314c1,62408d4a089e70b3cac46e9695b4cc0be1a05776,False,omit,GetQueuedCompletionStatus,clang-cl 22.1.0 (https://github.com/llvm/llvm-project 4434dabb69916856b824f68a64b029c67175e532),ALEX-PC,results/raw/2026-09-30-W-publication/gap-sweep/iocp-10000us-f2.15-defect-timer1ms.jsonl
iocp,timer=1ms,10000,,2.250,21,22670.800,0.266,7901.500,7346.300,7901.500,2001.140,True,2000.000,True,10005.700,10001.000,10197.700,False,0,717.900,0.0717,0.0717,0,,0,0af1ac47ec708595b91e5c15300556f2714314c1,62408d4a089e70b3cac46e9695b4cc0be1a05776,False,omit,GetQueuedCompletionStatus,clang-cl 22.1.0 (https://github.com/llvm/llvm-project 4434dabb69916856b824f68a64b029c67175e532),ALEX-PC,results/raw/2026-09-30-W-publication/gap-sweep/iocp-10000us-f2.25-defect-timer1ms.jsonl
iocp,timer=1ms,10000,,2.350,21,24131.200,0.388,6653.600,6185.900,6653.600,2021.140,True,2000.000,True,10105.700,10001.100,10725.200,False,0,538.600,0.0533,0.0533,0,,0,0af1ac47ec708595b91e5c15300556f2714314c1,62408d4a089e70b3cac46e9695b4cc0be1a05776,False,omit,GetQueuedCompletionStatus,clang-cl 22.1.0 (https://github.com/llvm/llvm-project 4434dabb69916856b824f68a64b029c67175e532),ALEX-PC,results/raw/2026-09-30-W-publication/gap-sweep/iocp-10000us-f2.35-defect-timer1ms.jsonl
iocp,timer=1ms,10000,,2.450,21,24922.800,0.489,6129.100,5122.500,6129.100,2003.020,True,2000.000,True,10015.100,10004.400,10798.400,False,0,1012.300,0.1011,0.1011,0,,0,0af1ac47ec708595b91e5c15300556f2714314c1,62408d4a089e70b3cac46e9695b4cc0be1a05776,False,omit,GetQueuedCompletionStatus,clang-cl 22.1.0 (https://github.com/llvm/llvm-project 4434dabb69916856b824f68a64b029c67175e532),ALEX-PC,results/raw/2026-09-30-W-publication/gap-sweep/iocp-10000us-f2.45-defect-timer1ms.jsonl
iocp,timer=1ms,10000,,2.550,21,25706.700,0.565,4992.300,4362.000,4992.300,2004.580,True,2000.000,True,10022.900,10004.100,10542.400,False,0,528.400,0.0527,0.0527,0,,0,0af1ac47ec708595b91e5c15300556f2714314c1,62408d4a089e70b3cac46e9695b4cc0be1a05776,False,omit,GetQueuedCompletionStatus,clang-cl 22.1.0 (https://github.com/llvm/llvm-project 4434dabb69916856b824f68a64b029c67175e532),ALEX-PC,results/raw/2026-09-30-W-publication/gap-sweep/iocp-10000us-f2.55-defect-timer1ms.jsonl
iocp,timer=1ms,10000,,2.650,21,26962.200,0.684,3745.900,3175.200,3745.900,2009.160,True,2000.000,True,10045.800,10007.600,10561.200,False,0,420.200,0.0418,0.0418,0,,0,0af1ac47ec708595b91e5c15300556f2714314c1,62408d4a089e70b3cac46e9695b4cc0be1a05776,False,omit,GetQueuedCompletionStatus,clang-cl 22.1.0 (https://github.com/llvm/llvm-project 4434dabb69916856b824f68a64b029c67175e532),ALEX-PC,results/raw/2026-09-30-W-publication/gap-sweep/iocp-10000us-f2.65-defect-timer1ms.jsonl
iocp,timer=1ms,10000,,2.750,21,29022.300,0.776,1976.800,2341.200,1976.800,2090.900,False,2000.000,False,10454.500,9984.600,10779.900,False,0,437.700,0.0419,-0.0419,0,,0,0af1ac47ec708595b91e5c15300556f2714314c1,62408d4a089e70b3cac46e9695b4cc0be1a05776,False,omit,GetQueuedCompletionStatus,clang-cl 22.1.0 (https://github.com/llvm/llvm-project 4434dabb69916856b824f68a64b029c67175e532),ALEX-PC,results/raw/2026-09-30-W-publication/gap-sweep/iocp-10000us-f2.75-defect-timer1ms.jsonl
iocp,timer=1ms,10000,,2.850,21,28932.100,0.886,1996.400,1148.000,1996.400,2005.340,False,2000.000,False,10026.700,10014.200,10883.100,False,0,716.200,0.0714,0.0714,0,,0,0af1ac47ec708595b91e5c15300556f2714314c1,62408d4a089e70b3cac46e9695b4cc0be1a05776,False,omit,GetQueuedCompletionStatus,clang-cl 22.1.0 (https://github.com/llvm/llvm-project 4434dabb69916856b824f68a64b029c67175e532),ALEX-PC,results/raw/2026-09-30-W-publication/gap-sweep/iocp-10000us-f2.85-defect-timer1ms.jsonl
iocp,timer=1ms,10000,,2.950,21,31408.900,0.987,9792.600,184.200,9792.600,2103.040,True,2000.000,True,10515.200,10012.500,10537.300,False,0,9664.000,0.9191,0.9191,16,,0,0af1ac47ec708595b91e5c15300556f2714314c1,62408d4a089e70b3cac46e9695b4cc0be1a05776,False,omit,GetQueuedCompletionStatus,clang-cl 22.1.0 (https://github.com/llvm/llvm-project 4434dabb69916856b824f68a64b029c67175e532),ALEX-PC,results/raw/2026-09-30-W-publication/gap-sweep/iocp-10000us-f2.95-defect-timer1ms.jsonl
iocp,timer=default,1000,,0.050,21,935.100,0.060,14648.700,14703.100,14648.700,3127.640,True,200.000,True,15638.200,15168.400,16006.500,False,0,174.800,0.0112,-0.0026,0,,,0af1ac47ec708595b91e5c15300556f2714314c1,62408d4a089e70b3cac46e9695b4cc0be1a05776,False,omit,GetQueuedCompletionStatus,clang-cl 22.1.0 (https://github.com/llvm/llvm-project 4434dabb69916856b824f68a64b029c67175e532),ALEX-PC,results/raw/2026-09-30-W-publication/gap-sweep/iocp-1000us-f0.05-defect-timerdefault.jsonl
iocp,timer=default,1000,,0.150,21,2406.500,0.154,13481.100,13265.600,13481.100,3134.420,True,200.000,True,15672.100,15091.300,16316.800,False,0,311.300,0.0199,0.0199,0,,,0af1ac47ec708595b91e5c15300556f2714314c1,62408d4a089e70b3cac46e9695b4cc0be1a05776,False,omit,GetQueuedCompletionStatus,clang-cl 22.1.0 (https://github.com/llvm/llvm-project 4434dabb69916856b824f68a64b029c67175e532),ALEX-PC,results/raw/2026-09-30-W-publication/gap-sweep/iocp-1000us-f0.15-defect-timerdefault.jsonl
iocp,timer=default,1000,,0.250,21,3965.800,0.257,11653.800,11485.000,11653.800,3090.160,True,200.000,True,15450.800,15078.400,15904.900,False,0,443.200,0.0287,0.0254,0,,,0af1ac47ec708595b91e5c15300556f2714314c1,62408d4a089e70b3cac46e9695b4cc0be1a05776,False,omit,GetQueuedCompletionStatus,clang-cl 22.1.0 (https://github.com/llvm/llvm-project 4434dabb69916856b824f68a64b029c67175e532),ALEX-PC,results/raw/2026-09-30-W-publication/gap-sweep/iocp-1000us-f0.25-defect-timerdefault.jsonl
iocp,timer=default,1000,,0.350,21,5641.800,0.360,10072.900,10019.900,10072.900,3132.340,True,200.000,True,15661.700,15264.100,15962.200,False,0,309.400,0.0198,0.0057,0,,,0af1ac47ec708595b91e5c15300556f2714314c1,62408d4a089e70b3cac46e9695b4cc0be1a05776,False,omit,GetQueuedCompletionStatus,clang-cl 22.1.0 (https://github.com/llvm/llvm-project 4434dabb69916856b824f68a64b029c67175e532),ALEX-PC,results/raw/2026-09-30-W-publication/gap-sweep/iocp-1000us-f0.35-defect-timerdefault.jsonl
iocp,timer=default,1000,,0.450,21,7021.000,0.453,8445.100,8492.600,8445.100,3102.720,True,200.000,True,15513.600,15148.700,16003.600,False,0,396.000,0.0255,0.0122,0,,,0af1ac47ec708595b91e5c15300556f2714314c1,62408d4a089e70b3cac46e9695b4cc0be1a05776,False,omit,GetQueuedCompletionStatus,clang-cl 22.1.0 (https://github.com/llvm/llvm-project 4434dabb69916856b824f68a64b029c67175e532),ALEX-PC,results/raw/2026-09-30-W-publication/gap-sweep/iocp-1000us-f0.45-defect-timerdefault.jsonl
iocp,timer=default,1000,,0.550,21,8747.700,0.558,7070.500,6927.100,7070.500,3134.960,True,200.000,True,15674.800,15144.500,16054.000,False,0,327.100,0.0209,0.0037,0,,,0af1ac47ec708595b91e5c15300556f2714314c1,62408d4a089e70b3cac46e9695b4cc0be1a05776,False,omit,GetQueuedCompletionStatus,clang-cl 22.1.0 (https://github.com/llvm/llvm-project 4434dabb69916856b824f68a64b029c67175e532),ALEX-PC,results/raw/2026-09-30-W-publication/gap-sweep/iocp-1000us-f0.55-defect-timerdefault.jsonl
iocp,timer=default,1000,,0.650,21,10565.100,0.664,5071.200,5345.500,5071.200,3182.120,True,200.000,True,15910.600,15118.300,16231.000,False,0,430.400,0.0271,-0.0231,0,,,0af1ac47ec708595b91e5c15300556f2714314c1,62408d4a089e70b3cac46e9695b4cc0be1a05776,False,omit,GetQueuedCompletionStatus,clang-cl 22.1.0 (https://github.com/llvm/llvm-project 4434dabb69916856b824f68a64b029c67175e532),ALEX-PC,results/raw/2026-09-30-W-publication/gap-sweep/iocp-1000us-f0.65-defect-timerdefault.jsonl
iocp,timer=default,1000,,0.750,21,12050.900,0.764,3489.500,3714.200,3489.500,3153.020,True,200.000,True,15765.100,15455.000,16046.900,False,0,369.600,0.0234,-0.0044,0,,,0af1ac47ec708595b91e5c15300556f2714314c1,62408d4a089e70b3cac46e9695b4cc0be1a05776,False,omit,GetQueuedCompletionStatus,clang-cl 22.1.0 (https://github.com/llvm/llvm-project 4434dabb69916856b824f68a64b029c67175e532),ALEX-PC,results/raw/2026-09-30-W-publication/gap-sweep/iocp-1000us-f0.75-defect-timerdefault.jsonl
iocp,timer=default,1000,,0.850,21,13603.300,0.869,2067.900,2050.100,2067.900,3130.680,False,200.000,True,15653.400,15166.900,16054.200,False,0,234.100,0.0150,-0.0120,0,,,0af1ac47ec708595b91e5c15300556f2714314c1,62408d4a089e70b3cac46e9695b4cc0be1a05776,False,omit,GetQueuedCompletionStatus,clang-cl 22.1.0 (https://github.com/llvm/llvm-project 4434dabb69916856b824f68a64b029c67175e532),ALEX-PC,results/raw/2026-09-30-W-publication/gap-sweep/iocp-1000us-f0.85-defect-timerdefault.jsonl
iocp,timer=default,1000,,0.950,21,15574.100,0.984,15409.500,266.100,15409.500,3163.880,True,200.000,True,15819.400,15532.700,16121.000,False,0,15207.400,0.9613,0.9613,17,,,0af1ac47ec708595b91e5c15300556f2714314c1,62408d4a089e70b3cac46e9695b4cc0be1a05776,False,omit,GetQueuedCompletionStatus,clang-cl 22.1.0 (https://github.com/llvm/llvm-project 4434dabb69916856b824f68a64b029c67175e532),ALEX-PC,results/raw/2026-09-30-W-publication/gap-sweep/iocp-1000us-f0.95-defect-timerdefault.jsonl
iocp,timer=default,1000,,1.050,21,16858.000,0.075,14573.500,14499.800,14573.500,3135.780,True,200.000,True,15678.900,15455.100,16028.200,False,0,474.800,0.0303,0.0121,0,,,0af1ac47ec708595b91e5c15300556f2714314c1,62408d4a089e70b3cac46e9695b4cc0be1a05776,False,omit,GetQueuedCompletionStatus,clang-cl 22.1.0 (https://github.com/llvm/llvm-project 4434dabb69916856b824f68a64b029c67175e532),ALEX-PC,results/raw/2026-09-30-W-publication/gap-sweep/iocp-1000us-f1.05-defect-timerdefault.jsonl
iocp,timer=default,1000,,1.150,21,17994.200,0.159,13179.200,13053.200,13179.200,3104.740,True,200.000,True,15523.700,15344.000,15730.700,False,0,352.400,0.0227,0.0227,0,,,0af1ac47ec708595b91e5c15300556f2714314c1,62408d4a089e70b3cac46e9695b4cc0be1a05776,False,omit,GetQueuedCompletionStatus,clang-cl 22.1.0 (https://github.com/llvm/llvm-project 4434dabb69916856b824f68a64b029c67175e532),ALEX-PC,results/raw/2026-09-30-W-publication/gap-sweep/iocp-1000us-f1.15-defect-timerdefault.jsonl
iocp,timer=default,1000,,1.250,21,19761.200,0.272,11595.600,11321.600,11595.600,3108.280,True,200.000,True,15541.400,15181.100,15645.000,False,0,369.500,0.0238,0.0021,0,,,0af1ac47ec708595b91e5c15300556f2714314c1,62408d4a089e70b3cac46e9695b4cc0be1a05776,False,omit,GetQueuedCompletionStatus,clang-cl 22.1.0 (https://github.com/llvm/llvm-project 4434dabb69916856b824f68a64b029c67175e532),ALEX-PC,results/raw/2026-09-30-W-publication/gap-sweep/iocp-1000us-f1.25-defect-timerdefault.jsonl
iocp,timer=default,1000,,1.350,21,21759.600,0.364,9664.000,10136.200,9664.000,3189.580,True,200.000,True,15947.900,15427.700,16353.300,False,0,368.300,0.0231,-0.0163,0,,,0af1ac47ec708595b91e5c15300556f2714314c1,62408d4a089e70b3cac46e9695b4cc0be1a05776,False,omit,GetQueuedCompletionStatus,clang-cl 22.1.0 (https://github.com/llvm/llvm-project 4434dabb69916856b824f68a64b029c67175e532),ALEX-PC,results/raw/2026-09-30-W-publication/gap-sweep/iocp-1000us-f1.35-defect-timerdefault.jsonl
iocp,timer=default,1000,,1.450,21,23006.900,0.460,8070.700,8499.700,8070.700,3150.660,True,200.000,True,15753.300,15246.500,16053.400,False,0,327.400,0.0208,-0.0038,0,,,0af1ac47ec708595b91e5c15300556f2714314c1,62408d4a089e70b3cac46e9695b4cc0be1a05776,False,omit,GetQueuedCompletionStatus,clang-cl 22.1.0 (https://github.com/llvm/llvm-project 4434dabb69916856b824f68a64b029c67175e532),ALEX-PC,results/raw/2026-09-30-W-publication/gap-sweep/iocp-1000us-f1.45-defect-timerdefault.jsonl
iocp,timer=default,1000,,1.550,21,24547.100,0.567,6714.300,6787.100,6714.300,3133.420,True,200.000,True,15667.100,15194.400,16031.000,False,0,315.700,0.0202,0.0094,0,,,0af1ac47ec708595b91e5c15300556f2714314c1,62408d4a089e70b3cac46e9695b4cc0be1a05776,False,omit,GetQueuedCompletionStatus,clang-cl 22.1.0 (https://github.com/llvm/llvm-project 4434dabb69916856b824f68a64b029c67175e532),ALEX-PC,results/raw/2026-09-30-W-publication/gap-sweep/iocp-1000us-f1.55-defect-timerdefault.jsonl
iocp,timer=default,1000,,1.650,21,25667.200,0.660,5462.500,5254.800,5462.500,3092.200,True,200.000,True,15461.000,15153.300,16212.700,False,0,539.700,0.0349,0.0349,0,,,0af1ac47ec708595b91e5c15300556f2714314c1,62408d4a089e70b3cac46e9695b4cc0be1a05776,False,omit,GetQueuedCompletionStatus,clang-cl 22.1.0 (https://github.com/llvm/llvm-project 4434dabb69916856b824f68a64b029c67175e532),ALEX-PC,results/raw/2026-09-30-W-publication/gap-sweep/iocp-1000us-f1.65-defect-timerdefault.jsonl
iocp,timer=default,1000,,1.750,21,28220.400,0.774,3099.600,3604.000,3099.600,3182.440,False,200.000,True,15912.200,15333.600,16017.300,False,0,601.800,0.0378,-0.0378,0,,,0af1ac47ec708595b91e5c15300556f2714314c1,62408d4a089e70b3cac46e9695b4cc0be1a05776,False,omit,GetQueuedCompletionStatus,clang-cl 22.1.0 (https://github.com/llvm/llvm-project 4434dabb69916856b824f68a64b029c67175e532),ALEX-PC,results/raw/2026-09-30-W-publication/gap-sweep/iocp-1000us-f1.75-defect-timerdefault.jsonl
iocp,timer=default,1000,,1.850,21,29178.300,0.862,2079.800,2158.700,2079.800,3133.700,False,200.000,True,15668.500,15364.600,15978.500,False,0,219.500,0.0140,-0.0037,0,,,0af1ac47ec708595b91e5c15300556f2714314c1,62408d4a089e70b3cac46e9695b4cc0be1a05776,False,omit,GetQueuedCompletionStatus,clang-cl 22.1.0 (https://github.com/llvm/llvm-project 4434dabb69916856b824f68a64b029c67175e532),ALEX-PC,results/raw/2026-09-30-W-publication/gap-sweep/iocp-1000us-f1.85-defect-timerdefault.jsonl
iocp,timer=default,1000,,1.950,21,30584.000,0.974,1186.800,529.400,1186.800,3098.740,False,200.000,True,15493.700,14659.900,16098.000,False,0,552.100,0.0356,0.0356,2,,,0af1ac47ec708595b91e5c15300556f2714314c1,62408d4a089e70b3cac46e9695b4cc0be1a05776,False,omit,GetQueuedCompletionStatus,clang-cl 22.1.0 (https://github.com/llvm/llvm-project 4434dabb69916856b824f68a64b029c67175e532),ALEX-PC,results/raw/2026-09-30-W-publication/gap-sweep/iocp-1000us-f1.95-defect-timerdefault.jsonl
iocp,timer=default,1000,,2.050,21,32397.600,0.071,14532.400,14539.800,14532.400,3129.160,True,200.000,True,15645.800,15435.600,16039.600,False,0,379.800,0.0243,0.0087,0,,,0af1ac47ec708595b91e5c15300556f2714314c1,62408d4a089e70b3cac46e9695b4cc0be1a05776,False,omit,GetQueuedCompletionStatus,clang-cl 22.1.0 (https://github.com/llvm/llvm-project 4434dabb69916856b824f68a64b029c67175e532),ALEX-PC,results/raw/2026-09-30-W-publication/gap-sweep/iocp-1000us-f2.05-defect-timerdefault.jsonl
iocp,timer=default,1000,,2.150,21,33895.000,0.167,13307.000,13032.200,13307.000,3128.480,True,200.000,True,15642.400,15394.500,15967.600,False,0,724.100,0.0463,0.0086,0,,,0af1ac47ec708595b91e5c15300556f2714314c1,62408d4a089e70b3cac46e9695b4cc0be1a05776,False,omit,GetQueuedCompletionStatus,clang-cl 22.1.0 (https://github.com/llvm/llvm-project 4434dabb69916856b824f68a64b029c67175e532),ALEX-PC,results/raw/2026-09-30-W-publication/gap-sweep/iocp-1000us-f2.15-defect-timerdefault.jsonl
iocp,timer=default,1000,,2.250,21,35408.600,0.270,11880.200,11387.800,11880.200,3119.760,True,200.000,True,15598.800,15195.500,16111.600,False,0,516.500,0.0331,0.0207,0,,,0af1ac47ec708595b91e5c15300556f2714314c1,62408d4a089e70b3cac46e9695b4cc0be1a05776,False,omit,GetQueuedCompletionStatus,clang-cl 22.1.0 (https://github.com/llvm/llvm-project 4434dabb69916856b824f68a64b029c67175e532),ALEX-PC,results/raw/2026-09-30-W-publication/gap-sweep/iocp-1000us-f2.25-defect-timerdefault.jsonl
iocp,timer=default,1000,,2.350,21,37205.700,0.366,9744.700,9969.600,9744.700,3145.020,True,200.000,True,15725.100,15569.500,15996.400,False,0,695.000,0.0442,-0.0186,0,,,0af1ac47ec708595b91e5c15300556f2714314c1,62408d4a089e70b3cac46e9695b4cc0be1a05776,False,omit,GetQueuedCompletionStatus,clang-cl 22.1.0 (https://github.com/llvm/llvm-project 4434dabb69916856b824f68a64b029c67175e532),ALEX-PC,results/raw/2026-09-30-W-publication/gap-sweep/iocp-1000us-f2.35-defect-timerdefault.jsonl
iocp,timer=default,1000,,2.450,21,38267.300,0.460,8911.000,8408.800,8911.000,3111.740,True,200.000,True,15558.700,15166.500,16029.600,False,0,522.300,0.0336,0.0336,0,,,0af1ac47ec708595b91e5c15300556f2714314c1,62408d4a089e70b3cac46e9695b4cc0be1a05776,False,omit,GetQueuedCompletionStatus,clang-cl 22.1.0 (https://github.com/llvm/llvm-project 4434dabb69916856b824f68a64b029c67175e532),ALEX-PC,results/raw/2026-09-30-W-publication/gap-sweep/iocp-1000us-f2.45-defect-timerdefault.jsonl
iocp,timer=default,1000,,2.550,21,39852.000,0.558,7269.600,6882.000,7269.600,3115.600,True,200.000,True,15578.000,15238.400,16076.600,False,0,638.100,0.0410,0.0341,0,,,0af1ac47ec708595b91e5c15300556f2714314c1,62408d4a089e70b3cac46e9695b4cc0be1a05776,False,omit,GetQueuedCompletionStatus,clang-cl 22.1.0 (https://github.com/llvm/llvm-project 4434dabb69916856b824f68a64b029c67175e532),ALEX-PC,results/raw/2026-09-30-W-publication/gap-sweep/iocp-1000us-f2.55-defect-timerdefault.jsonl
iocp,timer=default,1000,,2.650,21,41441.100,0.655,5262.100,5380.200,5262.100,3121.420,True,200.000,True,15607.100,15118.300,16195.400,False,0,341.900,0.0219,0.0062,0,,,0af1ac47ec708595b91e5c15300556f2714314c1,62408d4a089e70b3cac46e9695b4cc0be1a05776,False,omit,GetQueuedCompletionStatus,clang-cl 22.1.0 (https://github.com/llvm/llvm-project 4434dabb69916856b824f68a64b029c67175e532),ALEX-PC,results/raw/2026-09-30-W-publication/gap-sweep/iocp-1000us-f2.65-defect-timerdefault.jsonl
iocp,timer=default,1000,,2.750,21,43497.600,0.766,3347.200,3680.700,3347.200,3145.220,True,200.000,True,15726.100,15166.400,16251.300,False,0,431.000,0.0274,-0.0068,0,,,0af1ac47ec708595b91e5c15300556f2714314c1,62408d4a089e70b3cac46e9695b4cc0be1a05776,False,omit,GetQueuedCompletionStatus,clang-cl 22.1.0 (https://github.com/llvm/llvm-project 4434dabb69916856b824f68a64b029c67175e532),ALEX-PC,results/raw/2026-09-30-W-publication/gap-sweep/iocp-1000us-f2.75-defect-timerdefault.jsonl
iocp,timer=default,1000,,2.850,21,44880.200,0.866,2084.700,2093.200,2084.700,3131.560,False,200.000,True,15657.800,15288.800,15876.000,False,0,222.400,0.0142,0.0103,0,,,0af1ac47ec708595b91e5c15300556f2714314c1,62408d4a089e70b3cac46e9695b4cc0be1a05776,False,omit,GetQueuedCompletionStatus,clang-cl 22.1.0 (https://github.com/llvm/llvm-project 4434dabb69916856b824f68a64b029c67175e532),ALEX-PC,results/raw/2026-09-30-W-publication/gap-sweep/iocp-1000us-f2.85-defect-timerdefault.jsonl
iocp,timer=default,1000,,2.950,21,46647.700,0.983,1779.500,358.100,1779.500,3127.840,False,200.000,True,15639.200,15312.100,15960.800,False,0,1195.600,0.0764,0.0764,8,,,0af1ac47ec708595b91e5c15300556f2714314c1,62408d4a089e70b3cac46e9695b4cc0be1a05776,False,omit,GetQueuedCompletionStatus,clang-cl 22.1.0 (https://github.com/llvm/llvm-project 4434dabb69916856b824f68a64b029c67175e532),ALEX-PC,results/raw/2026-09-30-W-publication/gap-sweep/iocp-1000us-f2.95-defect-timerdefault.jsonl
iocp,timer=default,10000,,0.050,21,1015.100,0.065,14617.900,14666.500,14617.900,3136.320,True,2000.000,True,15681.600,15536.400,15988.700,False,0,317.800,0.0203,0.0025,0,,,0af1ac47ec708595b91e5c15300556f2714314c1,62408d4a089e70b3cac46e9695b4cc0be1a05776,False,omit,GetQueuedCompletionStatus,clang-cl 22.1.0 (https://github.com/llvm/llvm-project 4434dabb69916856b824f68a64b029c67175e532),ALEX-PC,results/raw/2026-09-30-W-publication/gap-sweep/iocp-10000us-f0.05-defect-timerdefault.jsonl
iocp,timer=default,10000,,0.150,21,2716.800,0.172,13138.600,13101.700,13138.600,3163.700,True,2000.000,True,15818.500,15676.000,16011.400,False,0,232.800,0.0147,-0.0082,0,,,0af1ac47ec708595b91e5c15300556f2714314c1,62408d4a089e70b3cac46e9695b4cc0be1a05776,False,omit,GetQueuedCompletionStatus,clang-cl 22.1.0 (https://github.com/llvm/llvm-project 4434dabb69916856b824f68a64b029c67175e532),ALEX-PC,results/raw/2026-09-30-W-publication/gap-sweep/iocp-10000us-f0.15-defect-timerdefault.jsonl
iocp,timer=default,10000,,0.250,21,4292.700,0.273,11623.700,11447.100,11623.700,3147.960,True,2000.000,True,15739.800,14884.700,16049.900,False,0,265.100,0.0168,-0.0015,0,,,0af1ac47ec708595b91e5c15300556f2714314c1,62408d4a089e70b3cac46e9695b4cc0be1a05776,False,omit,GetQueuedCompletionStatus,clang-cl 22.1.0 (https://github.com/llvm/llvm-project 4434dabb69916856b824f68a64b029c67175e532),ALEX-PC,results/raw/2026-09-30-W-publication/gap-sweep/iocp-10000us-f0.25-defect-timerdefault.jsonl
iocp,timer=default,10000,,0.350,21,5786.200,0.370,9645.000,9868.400,9645.000,3130.920,True,2000.000,True,15654.600,15419.800,16074.400,False,0,259.400,0.0166,-0.0102,0,,,0af1ac47ec708595b91e5c15300556f2714314c1,62408d4a089e70b3cac46e9695b4cc0be1a05776,False,omit,GetQueuedCompletionStatus,clang-cl 22.1.0 (https://github.com/llvm/llvm-project 4434dabb69916856b824f68a64b029c67175e532),ALEX-PC,results/raw/2026-09-30-W-publication/gap-sweep/iocp-10000us-f0.35-defect-timerdefault.jsonl
iocp,timer=default,10000,,0.450,21,7267.000,0.462,8451.500,8475.300,8451.500,3148.460,True,2000.000,True,15742.300,15264.700,16031.100,False,0,259.900,0.0165,-0.0025,0,,,0af1ac47ec708595b91e5c15300556f2714314c1,62408d4a089e70b3cac46e9695b4cc0be1a05776,False,omit,GetQueuedCompletionStatus,clang-cl 22.1.0 (https://github.com/llvm/llvm-project 4434dabb69916856b824f68a64b029c67175e532),ALEX-PC,results/raw/2026-09-30-W-publication/gap-sweep/iocp-10000us-f0.45-defect-timerdefault.jsonl
iocp,timer=default,10000,,0.550,21,8905.100,0.568,6699.700,6778.900,6699.700,3136.800,True,2000.000,True,15684.000,15492.600,16356.200,False,0,322.200,0.0205,0.0013,0,,,0af1ac47ec708595b91e5c15300556f2714314c1,62408d4a089e70b3cac46e9695b4cc0be1a05776,False,omit,GetQueuedCompletionStatus,clang-cl 22.1.0 (https://github.com/llvm/llvm-project 4434dabb69916856b824f68a64b029c67175e532),ALEX-PC,results/raw/2026-09-30-W-publication/gap-sweep/iocp-10000us-f0.55-defect-timerdefault.jsonl
iocp,timer=default,10000,,0.650,21,10383.500,0.671,5226.300,5080.500,5226.300,3092.800,True,2000.000,True,15464.000,14976.900,15704.700,False,0,263.000,0.0170,0.0101,0,,,0af1ac47ec708595b91e5c15300556f2714314c1,62408d4a089e70b3cac46e9695b4cc0be1a05776,False,omit,GetQueuedCompletionStatus,clang-cl 22.1.0 (https://github.com/llvm/llvm-project 4434dabb69916856b824f68a64b029c67175e532),ALEX-PC,results/raw/2026-09-30-W-publication/gap-sweep/iocp-10000us-f0.65-defect-timerdefault.jsonl
iocp,timer=default,10000,,0.750,21,11836.000,0.756,3917.300,3816.700,3917.300,3130.540,True,2000.000,True,15652.700,15324.700,16089.800,False,0,255.000,0.0163,0.0056,0,,,0af1ac47ec708595b91e5c15300556f2714314c1,62408d4a089e70b3cac46e9695b4cc0be1a05776,False,omit,GetQueuedCompletionStatus,clang-cl 22.1.0 (https://github.com/llvm/llvm-project 4434dabb69916856b824f68a64b029c67175e532),ALEX-PC,results/raw/2026-09-30-W-publication/gap-sweep/iocp-10000us-f0.75-defect-timerdefault.jsonl
iocp,timer=default,10000,,0.850,21,13515.400,0.859,2123.500,2213.200,2123.500,3145.720,False,2000.000,True,15728.600,15235.100,16036.100,False,0,178.500,0.0113,-0.0057,0,,,0af1ac47ec708595b91e5c15300556f2714314c1,62408d4a089e70b3cac46e9695b4cc0be1a05776,False,omit,GetQueuedCompletionStatus,clang-cl 22.1.0 (https://github.com/llvm/llvm-project 4434dabb69916856b824f68a64b029c67175e532),ALEX-PC,results/raw/2026-09-30-W-publication/gap-sweep/iocp-10000us-f0.85-defect-timerdefault.jsonl
iocp,timer=default,10000,,0.950,21,14987.700,0.956,1179.300,684.800,1179.300,3134.500,False,2000.000,False,15672.500,15205.600,15698.200,False,0,454.200,0.0290,0.0290,9,,,0af1ac47ec708595b91e5c15300556f2714314c1,62408d4a089e70b3cac46e9695b4cc0be1a05776,False,omit,GetQueuedCompletionStatus,clang-cl 22.1.0 (https://github.com/llvm/llvm-project 4434dabb69916856b824f68a64b029c67175e532),ALEX-PC,results/raw/2026-09-30-W-publication/gap-sweep/iocp-10000us-f0.95-defect-timerdefault.jsonl
iocp,timer=default,10000,,1.050,21,16836.100,0.065,14476.200,14786.500,14476.200,3162.260,True,2000.000,True,15811.300,15294.600,16004.700,False,0,450.400,0.0285,-0.0247,0,,,0af1ac47ec708595b91e5c15300556f2714314c1,62408d4a089e70b3cac46e9695b4cc0be1a05776,False,omit,GetQueuedCompletionStatus,clang-cl 22.1.0 (https://github.com/llvm/llvm-project 4434dabb69916856b824f68a64b029c67175e532),ALEX-PC,results/raw/2026-09-30-W-publication/gap-sweep/iocp-10000us-f1.05-defect-timerdefault.jsonl
iocp,timer=default,10000,,1.150,21,18358.300,0.171,13150.800,12992.500,13150.800,3135.080,True,2000.000,True,15675.400,15231.900,16082.600,False,0,291.100,0.0186,0.0102,0,,,0af1ac47ec708595b91e5c15300556f2714314c1,62408d4a089e70b3cac46e9695b4cc0be1a05776,False,omit,GetQueuedCompletionStatus,clang-cl 22.1.0 (https://github.com/llvm/llvm-project 4434dabb69916856b824f68a64b029c67175e532),ALEX-PC,results/raw/2026-09-30-W-publication/gap-sweep/iocp-10000us-f1.15-defect-timerdefault.jsonl
iocp,timer=default,10000,,1.250,21,19876.500,0.269,11249.500,11449.500,11249.500,3132.600,True,2000.000,True,15663.000,15245.300,16052.800,False,0,370.100,0.0236,-0.0131,0,,,0af1ac47ec708595b91e5c15300556f2714314c1,62408d4a089e70b3cac46e9695b4cc0be1a05776,False,omit,GetQueuedCompletionStatus,clang-cl 22.1.0 (https://github.com/llvm/llvm-project 4434dabb69916856b824f68a64b029c67175e532),ALEX-PC,results/raw/2026-09-30-W-publication/gap-sweep/iocp-10000us-f1.25-defect-timerdefault.jsonl
iocp,timer=default,10000,,1.350,21,21355.200,0.358,10078.000,10095.600,10078.000,3145.080,True,2000.000,True,15725.400,15460.400,16095.300,False,0,471.100,0.0300,0.0024,0,,,0af1ac47ec708595b91e5c15300556f2714314c1,62408d4a089e70b3cac46e9695b4cc0be1a05776,False,omit,GetQueuedCompletionStatus,clang-cl 22.1.0 (https://github.com/llvm/llvm-project 4434dabb69916856b824f68a64b029c67175e532),ALEX-PC,results/raw/2026-09-30-W-publication/gap-sweep/iocp-10000us-f1.35-defect-timerdefault.jsonl
iocp,timer=default,10000,,1.450,21,22837.900,0.459,8383.100,8472.500,8383.100,3131.040,True,2000.000,True,15655.200,15196.200,16024.000,False,0,482.400,0.0308,0.0016,0,,,0af1ac47ec708595b91e5c15300556f2714314c1,62408d4a089e70b3cac46e9695b4cc0be1a05776,False,omit,GetQueuedCompletionStatus,clang-cl 22.1.0 (https://github.com/llvm/llvm-project 4434dabb69916856b824f68a64b029c67175e532),ALEX-PC,results/raw/2026-09-30-W-publication/gap-sweep/iocp-10000us-f1.45-defect-timerdefault.jsonl
iocp,timer=default,10000,,1.550,21,24663.500,0.570,6712.900,6758.300,6712.900,3142.180,True,2000.000,True,15710.900,15162.300,16051.900,False,0,319.600,0.0203,0.0039,0,,,0af1ac47ec708595b91e5c15300556f2714314c1,62408d4a089e70b3cac46e9695b4cc0be1a05776,False,omit,GetQueuedCompletionStatus,clang-cl 22.1.0 (https://github.com/llvm/llvm-project 4434dabb69916856b824f68a64b029c67175e532),ALEX-PC,results/raw/2026-09-30-W-publication/gap-sweep/iocp-10000us-f1.55-defect-timerdefault.jsonl
iocp,timer=default,10000,,1.650,21,25730.400,0.660,5485.100,5279.000,5485.100,3100.940,True,2000.000,True,15504.700,15203.200,15803.300,False,0,376.900,0.0243,0.0240,0,,,0af1ac47ec708595b91e5c15300556f2714314c1,62408d4a089e70b3cac46e9695b4cc0be1a05776,False,omit,GetQueuedCompletionStatus,clang-cl 22.1.0 (https://github.com/llvm/llvm-project 4434dabb69916856b824f68a64b029c67175e532),ALEX-PC,results/raw/2026-09-30-W-publication/gap-sweep/iocp-10000us-f1.65-defect-timerdefault.jsonl
iocp,timer=default,10000,,1.750,21,27903.600,0.777,3469.800,3496.600,3469.800,3140.020,True,2000.000,True,15700.100,15284.800,16014.200,False,0,333.500,0.0212,-0.0046,0,,,0af1ac47ec708595b91e5c15300556f2714314c1,62408d4a089e70b3cac46e9695b4cc0be1a05776,False,omit,GetQueuedCompletionStatus,clang-cl 22.1.0 (https://github.com/llvm/llvm-project 4434dabb69916856b824f68a64b029c67175e532),ALEX-PC,results/raw/2026-09-30-W-publication/gap-sweep/iocp-10000us-f1.75-defect-timerdefault.jsonl
iocp,timer=default,10000,,1.850,21,29196.700,0.862,2135.400,2166.500,2135.400,3136.320,False,2000.000,True,15681.600,15113.100,16385.000,False,0,158.400,0.0101,0.0030,0,,,0af1ac47ec708595b91e5c15300556f2714314c1,62408d4a089e70b3cac46e9695b4cc0be1a05776,False,omit,GetQueuedCompletionStatus,clang-cl 22.1.0 (https://github.com/llvm/llvm-project 4434dabb69916856b824f68a64b029c67175e532),ALEX-PC,results/raw/2026-09-30-W-publication/gap-sweep/iocp-10000us-f1.85-defect-timerdefault.jsonl
iocp,timer=default,10000,,1.950,21,31502.400,0.981,15385.000,434.800,15385.000,3179.980,True,2000.000,True,15899.900,15511.200,16054.500,False,0,14837.800,0.9332,0.9332,16,,,0af1ac47ec708595b91e5c15300556f2714314c1,62408d4a089e70b3cac46e9695b4cc0be1a05776,False,omit,GetQueuedCompletionStatus,clang-cl 22.1.0 (https://github.com/llvm/llvm-project 4434dabb69916856b824f68a64b029c67175e532),ALEX-PC,results/raw/2026-09-30-W-publication/gap-sweep/iocp-10000us-f1.95-defect-timerdefault.jsonl
iocp,timer=default,10000,,2.050,21,32819.100,0.069,14474.700,14775.000,14474.700,3172.940,True,2000.000,True,15864.700,15239.400,16162.900,False,0,539.600,0.0340,-0.0340,0,,,0af1ac47ec708595b91e5c15300556f2714314c1,62408d4a089e70b3cac46e9695b4cc0be1a05776,False,omit,GetQueuedCompletionStatus,clang-cl 22.1.0 (https://github.com/llvm/llvm-project 4434dabb69916856b824f68a64b029c67175e532),ALEX-PC,results/raw/2026-09-30-W-publication/gap-sweep/iocp-10000us-f2.05-defect-timerdefault.jsonl
iocp,timer=default,10000,,2.150,21,33911.700,0.164,13128.600,13108.500,13128.600,3134.680,True,2000.000,True,15673.400,15657.400,15877.000,False,0,453.500,0.0289,0.0006,0,,,0af1ac47ec708595b91e5c15300556f2714314c1,62408d4a089e70b3cac46e9695b4cc0be1a05776,False,omit,GetQueuedCompletionStatus,clang-cl 22.1.0 (https://github.com/llvm/llvm-project 4434dabb69916856b824f68a64b029c67175e532),ALEX-PC,results/raw/2026-09-30-W-publication/gap-sweep/iocp-10000us-f2.15-defect-timerdefault.jsonl
iocp,timer=default,10000,,2.250,21,35420.600,0.260,11636.200,11593.600,11636.200,3134.280,True,2000.000,True,15671.400,15643.600,16104.000,False,0,591.900,0.0378,0.0031,0,,,0af1ac47ec708595b91e5c15300556f2714314c1,62408d4a089e70b3cac46e9695b4cc0be1a05776,False,omit,GetQueuedCompletionStatus,clang-cl 22.1.0 (https://github.com/llvm/llvm-project 4434dabb69916856b824f68a64b029c67175e532),ALEX-PC,results/raw/2026-09-30-W-publication/gap-sweep/iocp-10000us-f2.25-defect-timerdefault.jsonl
iocp,timer=default,10000,,2.350,21,37529.800,0.362,9691.500,10143.500,9691.500,3178.220,True,2000.000,True,15891.100,15593.600,16223.700,False,0,595.200,0.0375,-0.0296,0,,,0af1ac47ec708595b91e5c15300556f2714314c1,62408d4a089e70b3cac46e9695b4cc0be1a05776,False,omit,GetQueuedCompletionStatus,clang-cl 22.1.0 (https://github.com/llvm/llvm-project 4434dabb69916856b824f68a64b029c67175e532),ALEX-PC,results/raw/2026-09-30-W-publication/gap-sweep/iocp-10000us-f2.35-defect-timerdefault.jsonl
iocp,timer=default,10000,,2.450,21,38859.500,0.464,8142.400,8452.900,8142.400,3154.160,True,2000.000,True,15770.800,15237.100,16036.900,False,0,500.600,0.0317,-0.0208,0,,,0af1ac47ec708595b91e5c15300556f2714314c1,62408d4a089e70b3cac46e9695b4cc0be1a05776,False,omit,GetQueuedCompletionStatus,clang-cl 22.1.0 (https://github.com/llvm/llvm-project 4434dabb69916856b824f68a64b029c67175e532),ALEX-PC,results/raw/2026-09-30-W-publication/gap-sweep/iocp-10000us-f2.45-defect-timerdefault.jsonl
iocp,timer=default,10000,,2.550,21,40445.500,0.559,6670.400,6970.100,6670.400,3161.040,True,2000.000,True,15805.200,15228.200,16026.100,False,0,603.000,0.0382,-0.0129,0,,,0af1ac47ec708595b91e5c15300556f2714314c1,62408d4a089e70b3cac46e9695b4cc0be1a05776,False,omit,GetQueuedCompletionStatus,clang-cl 22.1.0 (https://github.com/llvm/llvm-project 4434dabb69916856b824f68a64b029c67175e532),ALEX-PC,results/raw/2026-09-30-W-publication/gap-sweep/iocp-10000us-f2.55-defect-timerdefault.jsonl
iocp,timer=default,10000,,2.650,21,41796.000,0.672,5118.800,5136.900,5118.800,3128.860,True,2000.000,True,15644.300,15282.900,16238.700,False,0,535.900,0.0343,0.0057,0,,,0af1ac47ec708595b91e5c15300556f2714314c1,62408d4a089e70b3cac46e9695b4cc0be1a05776,False,omit,GetQueuedCompletionStatus,clang-cl 22.1.0 (https://github.com/llvm/llvm-project 4434dabb69916856b824f68a64b029c67175e532),ALEX-PC,results/raw/2026-09-30-W-publication/gap-sweep/iocp-10000us-f2.65-defect-timerdefault.jsonl
iocp,timer=default,10000,,2.750,21,43136.100,0.755,3916.400,3837.000,3916.400,3131.540,True,2000.000,True,15657.700,15126.300,15984.400,False,0,680.000,0.0434,0.0142,0,,,0af1ac47ec708595b91e5c15300556f2714314c1,62408d4a089e70b3cac46e9695b4cc0be1a05776,False,omit,GetQueuedCompletionStatus,clang-cl 22.1.0 (https://github.com/llvm/llvm-project 4434dabb69916856b824f68a64b029c67175e532),ALEX-PC,results/raw/2026-09-30-W-publication/gap-sweep/iocp-10000us-f2.75-defect-timerdefault.jsonl
iocp,timer=default,10000,,2.850,21,45091.200,0.858,2084.900,2233.800,2084.900,3155.000,False,2000.000,True,15775.000,15170.400,16040.100,False,0,524.100,0.0332,-0.0063,0,,,0af1ac47ec708595b91e5c15300556f2714314c1,62408d4a089e70b3cac46e9695b4cc0be1a05776,False,omit,GetQueuedCompletionStatus,clang-cl 22.1.0 (https://github.com/llvm/llvm-project 4434dabb69916856b824f68a64b029c67175e532),ALEX-PC,results/raw/2026-09-30-W-publication/gap-sweep/iocp-10000us-f2.85-defect-timerdefault.jsonl
iocp,timer=default,10000,,2.950,21,45785.200,0.967,1611.900,556.000,1611.900,3086.680,False,2000.000,False,15433.400,15239.500,16022.400,False,0,931.200,0.0603,0.0603,3,,,0af1ac47ec708595b91e5c15300556f2714314c1,62408d4a089e70b3cac46e9695b4cc0be1a05776,False,omit,GetQueuedCompletionStatus,clang-cl 22.1.0 (https://github.com/llvm/llvm-project 4434dabb69916856b824f68a64b029c67175e532),ALEX-PC,results/raw/2026-09-30-W-publication/gap-sweep/iocp-10000us-f2.95-defect-timerdefault.jsonl
