backend,variant,wait_us,gap_us,phase_frac,index,phase_us,delay_us,predicted_us,b_eff_us
epoll,slack=1ns,1000,100,,15,113.413,894.613,894.643,1008.056
epoll,slack=1ns,1000,100,,16,112.511,895.635,895.545,1008.056
epoll,slack=1ns,1000,100,,17,116.950,890.996,891.106,1008.056
epoll,slack=1ns,1000,100,,18,112.912,894.833,895.144,1008.056
epoll,slack=1ns,1000,100,,19,112.552,895.504,895.504,1008.056
epoll,slack=1ns,1000,100,,20,113.564,894.583,894.492,1008.056
epoll,slack=1ns,1000,100,,21,112.972,894.703,895.084,1008.056
epoll,slack=1ns,1000,100,,22,112.912,894.693,895.144,1008.056
epoll,slack=1ns,1000,100,,23,112.872,894.793,895.184,1008.056
epoll,slack=1ns,1000,100,,24,112.632,895.454,895.424,1008.056
epoll,slack=1ns,1000,100,,25,113.434,894.542,894.622,1008.056
epoll,slack=1ns,1000,100,,26,112.833,894.993,895.223,1008.056
epoll,slack=1ns,1000,100,,27,112.792,894.933,895.264,1008.056
epoll,slack=1ns,1000,100,,28,111.841,896.255,896.215,1008.056
epoll,slack=1ns,1000,100,,29,112.983,895.214,895.073,1008.056
epoll,slack=1ns,1000,100,,30,112.822,895.154,895.234,1008.056
epoll,slack=1ns,1000,100,,31,112.181,895.855,895.875,1008.056
epoll,slack=1ns,1000,100,,32,112.661,895.314,895.395,1008.056
epoll,slack=1ns,1000,100,,33,116.449,891.277,891.607,1008.056
epoll,slack=1ns,1000,100,,34,111.870,896.346,896.186,1008.056
epoll,slack=1ns,1000,100,,35,112.522,895.484,895.534,1008.056
epoll,slack=1ns,1000,200,,15,213.602,794.003,794.163,1007.765
epoll,slack=1ns,1000,200,,16,212.590,795.346,795.175,1007.765
epoll,slack=1ns,1000,200,,17,216.737,791.148,791.028,1007.765
epoll,slack=1ns,1000,200,,18,213.051,794.715,794.714,1007.765
epoll,slack=1ns,1000,200,,19,214.223,793.372,793.542,1007.765
epoll,slack=1ns,1000,200,,20,212.800,794.815,794.965,1007.765
epoll,slack=1ns,1000,200,,21,212.650,795.376,795.115,1007.765
epoll,slack=1ns,1000,200,,22,213.131,794.785,794.634,1007.765
epoll,slack=1ns,1000,200,,23,212.199,795.506,795.566,1007.765
epoll,slack=1ns,1000,200,,24,217.389,790.457,790.376,1007.765
epoll,slack=1ns,1000,200,,25,212.790,795.156,794.975,1007.765
epoll,slack=1ns,1000,200,,26,212.780,795.195,794.985,1007.765
epoll,slack=1ns,1000,200,,27,212.971,794.945,794.794,1007.765
epoll,slack=1ns,1000,200,,28,212.249,795.446,795.516,1007.765
epoll,slack=1ns,1000,200,,29,212.099,795.447,795.666,1007.765
epoll,slack=1ns,1000,200,,30,211.968,796.068,795.797,1007.765
epoll,slack=1ns,1000,200,,31,212.399,795.556,795.366,1007.765
epoll,slack=1ns,1000,200,,32,211.809,795.907,795.956,1007.765
epoll,slack=1ns,1000,200,,33,216.858,790.687,790.907,1007.765
epoll,slack=1ns,1000,200,,34,211.898,795.777,795.867,1007.765
epoll,slack=1ns,1000,200,,35,212.039,795.967,795.726,1007.765
epoll,slack=1ns,1000,300,,15,312.989,695.027,694.896,1007.885
epoll,slack=1ns,1000,300,,16,313.079,694.887,694.806,1007.885
epoll,slack=1ns,1000,300,,17,315.223,692.412,692.662,1007.885
epoll,slack=1ns,1000,300,,18,312.668,694.917,695.217,1007.885
epoll,slack=1ns,1000,300,,19,313.089,694.887,694.796,1007.885
epoll,slack=1ns,1000,300,,20,313.319,694.717,694.566,1007.885
epoll,slack=1ns,1000,300,,21,311.937,695.748,695.948,1007.885
epoll,slack=1ns,1000,300,,22,313.089,695.238,694.796,1007.885
epoll,slack=1ns,1000,300,,23,313.059,694.887,694.826,1007.885
epoll,slack=1ns,1000,300,,24,313.059,694.887,694.826,1007.885
epoll,slack=1ns,1000,300,,25,312.247,695.718,695.638,1007.885
epoll,slack=1ns,1000,300,,26,312.759,694.917,695.126,1007.885
epoll,slack=1ns,1000,300,,27,313.038,694.998,694.847,1007.885
epoll,slack=1ns,1000,300,,28,313.159,694.747,694.726,1007.885
epoll,slack=1ns,1000,300,,29,312.277,695.788,695.608,1007.885
epoll,slack=1ns,1000,300,,30,313.290,694.957,694.595,1007.885
epoll,slack=1ns,1000,300,,31,313.009,695.017,694.876,1007.885
epoll,slack=1ns,1000,300,,32,312.788,694.817,695.097,1007.885
epoll,slack=1ns,1000,300,,33,316.305,691.330,691.580,1007.885
epoll,slack=1ns,1000,300,,34,312.819,694.746,695.066,1007.885
epoll,slack=1ns,1000,300,,35,313.580,694.406,694.305,1007.885
epoll,slack=1ns,1000,400,,15,414.580,593.136,593.175,1007.755
epoll,slack=1ns,1000,400,,16,412.636,594.999,595.119,1007.755
epoll,slack=1ns,1000,400,,17,415.161,592.865,592.594,1007.755
epoll,slack=1ns,1000,400,,18,412.846,595.310,594.909,1007.755
epoll,slack=1ns,1000,400,,19,412.255,595.350,595.500,1007.755
epoll,slack=1ns,1000,400,,20,412.155,595.821,595.600,1007.755
epoll,slack=1ns,1000,400,,21,412.305,595.581,595.450,1007.755
epoll,slack=1ns,1000,400,,22,411.744,596.251,596.011,1007.755
epoll,slack=1ns,1000,400,,23,412.316,595.901,595.439,1007.755
epoll,slack=1ns,1000,400,,24,412.295,595.731,595.460,1007.755
epoll,slack=1ns,1000,400,,25,411.944,596.031,595.811,1007.755
epoll,slack=1ns,1000,400,,26,412.386,595.831,595.369,1007.755
epoll,slack=1ns,1000,400,,27,412.345,595.570,595.410,1007.755
epoll,slack=1ns,1000,400,,28,411.655,596.391,596.100,1007.755
epoll,slack=1ns,1000,400,,29,412.546,595.320,595.209,1007.755
epoll,slack=1ns,1000,400,,30,411.634,596.312,596.121,1007.755
epoll,slack=1ns,1000,400,,31,412.446,595.710,595.309,1007.755
epoll,slack=1ns,1000,400,,32,412.476,595.800,595.279,1007.755
epoll,slack=1ns,1000,400,,33,416.884,591.333,590.871,1007.755
epoll,slack=1ns,1000,400,,34,412.425,595.861,595.330,1007.755
epoll,slack=1ns,1000,400,,35,412.506,595.470,595.249,1007.755
epoll,slack=1ns,1000,500,,15,512.694,495.722,495.422,1008.116
epoll,slack=1ns,1000,500,,16,513.436,494.871,494.680,1008.116
epoll,slack=1ns,1000,500,,17,516.271,491.655,491.845,1008.116
epoll,slack=1ns,1000,500,,18,512.774,495.312,495.342,1008.116
epoll,slack=1ns,1000,500,,19,512.784,495.282,495.332,1008.116
epoll,slack=1ns,1000,500,,20,513.025,495.251,495.091,1008.116
epoll,slack=1ns,1000,500,,21,513.376,494.670,494.740,1008.116
epoll,slack=1ns,1000,500,,22,512.664,495.342,495.452,1008.116
epoll,slack=1ns,1000,500,,23,512.494,495.592,495.622,1008.116
epoll,slack=1ns,1000,500,,24,511.913,496.434,496.203,1008.116
epoll,slack=1ns,1000,500,,25,513.315,495.041,494.801,1008.116
epoll,slack=1ns,1000,500,,26,512.785,495.191,495.331,1008.116
epoll,slack=1ns,1000,500,,27,512.735,495.111,495.381,1008.116
epoll,slack=1ns,1000,500,,28,512.885,495.351,495.231,1008.116
epoll,slack=1ns,1000,500,,29,513.286,495.021,494.830,1008.116
epoll,slack=1ns,1000,500,,30,512.544,495.361,495.572,1008.116
epoll,slack=1ns,1000,500,,31,513.647,494.369,494.469,1008.116
epoll,slack=1ns,1000,500,,32,512.514,495.613,495.602,1008.116
epoll,slack=1ns,1000,500,,33,517.403,490.292,490.713,1008.116
epoll,slack=1ns,1000,500,,34,512.694,495.162,495.422,1008.116
epoll,slack=1ns,1000,500,,35,512.594,495.301,495.522,1008.116
epoll,slack=1ns,1000,600,,15,613.013,394.733,394.893,1007.906
epoll,slack=1ns,1000,600,,16,611.971,395.814,395.935,1007.906
epoll,slack=1ns,1000,600,,17,615.818,391.927,392.088,1007.906
epoll,slack=1ns,1000,600,,18,611.911,395.925,395.995,1007.906
epoll,slack=1ns,1000,600,,19,611.971,395.664,395.935,1007.906
epoll,slack=1ns,1000,600,,20,612.142,395.944,395.764,1007.906
epoll,slack=1ns,1000,600,,21,612.092,395.924,395.814,1007.906
epoll,slack=1ns,1000,600,,22,612.002,395.874,395.904,1007.906
epoll,slack=1ns,1000,600,,23,612.192,395.954,395.714,1007.906
epoll,slack=1ns,1000,600,,24,612.412,395.895,395.494,1007.906
epoll,slack=1ns,1000,600,,25,612.221,395.765,395.685,1007.906
epoll,slack=1ns,1000,600,,26,612.201,395.835,395.705,1007.906
epoll,slack=1ns,1000,600,,27,612.151,395.915,395.755,1007.906
epoll,slack=1ns,1000,600,,28,612.071,396.005,395.835,1007.906
epoll,slack=1ns,1000,600,,29,612.332,395.674,395.574,1007.906
epoll,slack=1ns,1000,600,,30,611.781,395.924,396.125,1007.906
epoll,slack=1ns,1000,600,,31,612.132,395.864,395.774,1007.906
epoll,slack=1ns,1000,600,,32,612.141,395.975,395.765,1007.906
epoll,slack=1ns,1000,600,,33,616.861,390.885,391.045,1007.906
epoll,slack=1ns,1000,600,,34,611.951,395.935,395.955,1007.906
epoll,slack=1ns,1000,600,,35,611.750,396.055,396.156,1007.906
epoll,slack=1ns,1000,700,,15,712.971,295.095,294.794,1007.765
epoll,slack=1ns,1000,700,,16,712.490,295.266,295.275,1007.765
epoll,slack=1ns,1000,700,,17,716.497,291.539,291.268,1007.765
epoll,slack=1ns,1000,700,,18,712.680,295.436,295.085,1007.765
epoll,slack=1ns,1000,700,,19,712.710,295.386,295.055,1007.765
epoll,slack=1ns,1000,700,,20,712.420,295.546,295.345,1007.765
epoll,slack=1ns,1000,700,,21,711.888,295.837,295.877,1007.765
epoll,slack=1ns,1000,700,,22,712.109,295.807,295.656,1007.765
epoll,slack=1ns,1000,700,,23,711.989,295.946,295.776,1007.765
epoll,slack=1ns,1000,700,,24,711.719,295.977,296.046,1007.765
epoll,slack=1ns,1000,700,,25,711.869,296.177,295.896,1007.765
epoll,slack=1ns,1000,700,,26,712.149,295.747,295.616,1007.765
epoll,slack=1ns,1000,700,,27,711.848,295.857,295.917,1007.765
epoll,slack=1ns,1000,700,,28,712.069,295.977,295.696,1007.765
epoll,slack=1ns,1000,700,,29,712.580,295.676,295.185,1007.765
epoll,slack=1ns,1000,700,,30,712.180,299.894,295.585,1007.765
epoll,slack=1ns,1000,700,,31,718.151,294.153,289.614,1007.765
epoll,slack=1ns,1000,700,,32,712.149,296.358,295.616,1007.765
epoll,slack=1ns,1000,700,,33,716.948,290.777,290.817,1007.765
epoll,slack=1ns,1000,700,,34,711.989,295.746,295.776,1007.765
epoll,slack=1ns,1000,700,,35,711.869,296.107,295.896,1007.765
epoll,slack=1ns,1000,800,,15,845.140,163.157,163.186,1008.326
epoll,slack=1ns,1000,800,,16,850.519,157.447,157.807,1008.326
epoll,slack=1ns,1000,800,,17,854.807,153.108,153.519,1008.326
epoll,slack=1ns,1000,800,,18,848.667,159.550,159.659,1008.326
epoll,slack=1ns,1000,800,,19,816.235,191.811,192.091,1008.326
epoll,slack=1ns,1000,800,,20,817.287,190.699,191.039,1008.326
epoll,slack=1ns,1000,800,,21,813.449,194.606,194.877,1008.326
epoll,slack=1ns,1000,800,,22,812.529,195.387,195.797,1008.326
epoll,slack=1ns,1000,800,,23,812.138,195.798,196.188,1008.326
epoll,slack=1ns,1000,800,,24,812.719,195.617,195.607,1008.326
epoll,slack=1ns,1000,800,,25,813.280,195.087,195.046,1008.326
epoll,slack=1ns,1000,800,,26,813.230,194.856,195.096,1008.326
epoll,slack=1ns,1000,800,,27,812.398,195.949,195.928,1008.326
epoll,slack=1ns,1000,800,,28,812.788,195.668,195.538,1008.326
epoll,slack=1ns,1000,800,,29,812.990,195.577,195.336,1008.326
epoll,slack=1ns,1000,800,,30,812.258,196.249,196.068,1008.326
epoll,slack=1ns,1000,800,,31,812.679,195.918,195.647,1008.326
epoll,slack=1ns,1000,800,,32,812.518,195.869,195.808,1008.326
epoll,slack=1ns,1000,800,,33,827.176,180.830,181.150,1008.326
epoll,slack=1ns,1000,800,,34,811.967,195.818,196.359,1008.326
epoll,slack=1ns,1000,800,,35,811.717,196.029,196.609,1008.326
epoll,slack=1ns,1000,900,,15,913.348,94.517,94.488,1007.836
epoll,slack=1ns,1000,900,,16,912.797,94.909,95.039,1007.836
epoll,slack=1ns,1000,900,,17,916.413,91.783,91.423,1007.836
epoll,slack=1ns,1000,900,,18,913.117,94.969,94.719,1007.836
epoll,slack=1ns,1000,900,,19,913.158,94.587,94.678,1007.836
epoll,slack=1ns,1000,900,,20,912.737,95.540,95.099,1007.836
epoll,slack=1ns,1000,900,,21,913.288,95.169,94.548,1007.836
epoll,slack=1ns,1000,900,,22,913.107,94.798,94.729,1007.836
epoll,slack=1ns,1000,900,,23,913.268,95.089,94.568,1007.836
epoll,slack=1ns,1000,900,,24,913.097,95.149,94.739,1007.836
epoll,slack=1ns,1000,900,,25,913.068,94.808,94.768,1007.836
epoll,slack=1ns,1000,900,,26,914.290,94.137,93.546,1007.836
epoll,slack=1ns,1000,900,,27,912.737,95.349,95.099,1007.836
epoll,slack=1ns,1000,900,,28,912.867,95.880,94.969,1007.836
epoll,slack=1ns,1000,900,,29,912.827,95.740,95.009,1007.836
epoll,slack=1ns,1000,900,,30,912.607,95.690,95.229,1007.836
epoll,slack=1ns,1000,900,,31,912.266,96.030,95.570,1007.836
epoll,slack=1ns,1000,900,,32,912.577,95.599,95.259,1007.836
epoll,slack=1ns,1000,900,,33,916.514,91.592,91.322,1007.836
epoll,slack=1ns,1000,900,,34,912.918,95.489,94.918,1007.836
epoll,slack=1ns,1000,900,,35,912.126,96.281,95.710,1007.836
epoll,slack=1ns,1000,1000,,15,1012.966,1001.003,1002.404,1007.685
epoll,slack=1ns,1000,1000,,16,1013.195,1001.013,1002.175,1007.685
epoll,slack=1ns,1000,1000,,17,1017.303,997.236,998.067,1007.685
epoll,slack=1ns,1000,1000,,18,1013.006,1000.802,1002.364,1007.685
epoll,slack=1ns,1000,1000,,19,1012.865,1000.702,1002.505,1007.685
epoll,slack=1ns,1000,1000,,20,1012.755,1001.323,1002.615,1007.685
epoll,slack=1ns,1000,1000,,21,1013.487,1000.692,1001.883,1007.685
epoll,slack=1ns,1000,1000,,22,1013.015,1001.244,1002.355,1007.685
epoll,slack=1ns,1000,1000,,23,1012.785,1000.902,1002.585,1007.685
epoll,slack=1ns,1000,1000,,24,1012.925,1001.083,1002.445,1007.685
epoll,slack=1ns,1000,1000,,25,1012.835,1001.123,1002.535,1007.685
epoll,slack=1ns,1000,1000,,26,1013.096,1001.043,1002.274,1007.685
epoll,slack=1ns,1000,1000,,27,1013.416,1000.822,1001.954,1007.685
epoll,slack=1ns,1000,1000,,28,1012.755,1001.263,1002.615,1007.685
epoll,slack=1ns,1000,1000,,29,1013.226,1001.083,1002.144,1007.685
epoll,slack=1ns,1000,1000,,30,1013.176,1001.443,1002.194,1007.685
epoll,slack=1ns,1000,1000,,31,1013.436,1000.813,1001.934,1007.685
epoll,slack=1ns,1000,1000,,32,1014.187,999.510,1001.183,1007.685
epoll,slack=1ns,1000,1000,,33,1018.737,995.001,996.633,1007.685
epoll,slack=1ns,1000,1000,,34,1012.865,1000.973,1002.505,1007.685
epoll,slack=1ns,1000,1000,,35,1013.446,1000.752,1001.924,1007.685
epoll,slack=1ns,1000,1100,,15,1114.176,900.614,901.334,1007.755
epoll,slack=1ns,1000,1100,,16,1112.733,901.004,902.777,1007.755
epoll,slack=1ns,1000,1100,,17,1116.600,897.288,898.910,1007.755
epoll,slack=1ns,1000,1100,,18,1112.833,900.714,902.677,1007.755
epoll,slack=1ns,1000,1100,,19,1113.625,900.413,901.885,1007.755
epoll,slack=1ns,1000,1100,,20,1113.384,900.915,902.126,1007.755
epoll,slack=1ns,1000,1100,,21,1118.604,900.714,896.906,1007.755
epoll,slack=1ns,1000,1100,,22,1113.224,900.774,902.286,1007.755
epoll,slack=1ns,1000,1100,,23,1112.873,901.506,902.637,1007.755
epoll,slack=1ns,1000,1100,,24,1113.203,901.556,902.307,1007.755
epoll,slack=1ns,1000,1100,,25,1113.555,901.325,901.955,1007.755
epoll,slack=1ns,1000,1100,,26,1112.953,901.285,902.557,1007.755
epoll,slack=1ns,1000,1100,,27,1113.535,901.044,901.975,1007.755
epoll,slack=1ns,1000,1100,,28,1112.763,901.486,902.747,1007.755
epoll,slack=1ns,1000,1100,,29,1113.664,900.765,901.846,1007.755
epoll,slack=1ns,1000,1100,,30,1113.223,901.626,902.287,1007.755
epoll,slack=1ns,1000,1100,,31,1113.044,901.335,902.466,1007.755
epoll,slack=1ns,1000,1100,,32,1113.444,901.045,902.066,1007.755
epoll,slack=1ns,1000,1100,,33,1118.263,895.945,897.247,1007.755
epoll,slack=1ns,1000,1100,,34,1113.444,901.556,902.066,1007.755
epoll,slack=1ns,1000,1100,,35,1113.013,901.186,902.497,1007.755
epoll,slack=1ns,1000,1200,,15,1213.001,801.277,802.791,1007.896
epoll,slack=1ns,1000,1200,,16,1213.252,800.927,802.540,1007.896
epoll,slack=1ns,1000,1200,,17,1216.057,798.001,799.735,1007.896
epoll,slack=1ns,1000,1200,,18,1213.041,801.127,802.751,1007.896
epoll,slack=1ns,1000,1200,,19,1213.322,801.457,802.470,1007.896
epoll,slack=1ns,1000,1200,,20,1213.232,800.967,802.560,1007.896
epoll,slack=1ns,1000,1200,,21,1213.222,801.537,802.570,1007.896
epoll,slack=1ns,1000,1200,,22,1213.372,801.197,802.420,1007.896
epoll,slack=1ns,1000,1200,,23,1213.212,801.808,802.580,1007.896
epoll,slack=1ns,1000,1200,,24,1214.565,800.205,801.227,1007.896
epoll,slack=1ns,1000,1200,,25,1212.821,800.846,802.971,1007.896
epoll,slack=1ns,1000,1200,,26,1213.282,800.957,802.510,1007.896
epoll,slack=1ns,1000,1200,,27,1213.211,800.606,802.581,1007.896
epoll,slack=1ns,1000,1200,,28,1213.132,801.197,802.660,1007.896
epoll,slack=1ns,1000,1200,,29,1213.182,801.036,802.610,1007.896
epoll,slack=1ns,1000,1200,,30,1213.443,801.207,802.349,1007.896
epoll,slack=1ns,1000,1200,,31,1213.121,801.147,802.671,1007.896
epoll,slack=1ns,1000,1200,,32,1213.903,800.366,801.889,1007.896
epoll,slack=1ns,1000,1200,,33,1218.021,795.887,797.771,1007.896
epoll,slack=1ns,1000,1200,,34,1213.382,800.465,802.410,1007.896
epoll,slack=1ns,1000,1200,,35,1213.192,800.957,802.600,1007.896
epoll,slack=1ns,1000,1300,,15,1313.260,701.009,702.550,1007.905
epoll,slack=1ns,1000,1300,,16,1313.110,701.239,702.700,1007.905
epoll,slack=1ns,1000,1300,,17,1317.317,696.731,698.493,1007.905
epoll,slack=1ns,1000,1300,,18,1312.939,701.089,702.871,1007.905
epoll,slack=1ns,1000,1300,,19,1314.002,700.267,701.808,1007.905
epoll,slack=1ns,1000,1300,,20,1313.049,701.289,702.761,1007.905
epoll,slack=1ns,1000,1300,,21,1313.260,700.688,702.550,1007.905
epoll,slack=1ns,1000,1300,,22,1313.190,700.809,702.620,1007.905
epoll,slack=1ns,1000,1300,,23,1313.340,700.637,702.470,1007.905
epoll,slack=1ns,1000,1300,,24,1313.441,700.888,702.369,1007.905
epoll,slack=1ns,1000,1300,,25,1313.060,700.968,702.750,1007.905
epoll,slack=1ns,1000,1300,,26,1313.130,700.758,702.680,1007.905
epoll,slack=1ns,1000,1300,,27,1313.681,700.317,702.129,1007.905
epoll,slack=1ns,1000,1300,,28,1313.521,700.427,702.289,1007.905
epoll,slack=1ns,1000,1300,,29,1313.792,700.427,702.018,1007.905
epoll,slack=1ns,1000,1300,,30,1313.320,700.718,702.490,1007.905
epoll,slack=1ns,1000,1300,,31,1313.611,702.361,702.199,1007.905
epoll,slack=1ns,1000,1300,,32,1313.591,700.577,702.219,1007.905
epoll,slack=1ns,1000,1300,,33,1317.789,695.979,698.021,1007.905
epoll,slack=1ns,1000,1300,,34,1312.960,700.878,702.850,1007.905
epoll,slack=1ns,1000,1300,,35,1313.240,700.638,702.570,1007.905
epoll,slack=1ns,1000,1400,,15,1413.379,601.661,602.793,1008.086
epoll,slack=1ns,1000,1400,,16,1412.968,601.932,603.204,1008.086
epoll,slack=1ns,1000,1400,,17,1416.494,598.356,599.678,1008.086
epoll,slack=1ns,1000,1400,,18,1413.318,601.431,602.854,1008.086
epoll,slack=1ns,1000,1400,,19,1413.278,601.472,602.894,1008.086
epoll,slack=1ns,1000,1400,,20,1413.098,601.501,603.074,1008.086
epoll,slack=1ns,1000,1400,,21,1413.479,601.671,602.693,1008.086
epoll,slack=1ns,1000,1400,,22,1413.449,601.361,602.723,1008.086
epoll,slack=1ns,1000,1400,,23,1413.729,600.620,602.443,1008.086
epoll,slack=1ns,1000,1400,,24,1413.088,601.481,603.084,1008.086
epoll,slack=1ns,1000,1400,,25,1415.823,598.816,600.349,1008.086
epoll,slack=1ns,1000,1400,,26,1413.409,600.990,602.763,1008.086
epoll,slack=1ns,1000,1400,,27,1413.138,600.820,603.034,1008.086
epoll,slack=1ns,1000,1400,,28,1413.388,601.171,602.784,1008.086
epoll,slack=1ns,1000,1400,,29,1413.669,600.610,602.503,1008.086
epoll,slack=1ns,1000,1400,,30,1412.637,601.381,603.535,1008.086
epoll,slack=1ns,1000,1400,,31,1413.839,600.590,602.333,1008.086
epoll,slack=1ns,1000,1400,,32,1413.048,601.391,603.124,1008.086
epoll,slack=1ns,1000,1400,,33,1418.628,595.300,597.544,1008.086
epoll,slack=1ns,1000,1400,,34,1413.428,600.860,602.744,1008.086
epoll,slack=1ns,1000,1400,,35,1413.128,601.021,603.044,1008.086
epoll,slack=1ns,1000,1500,,15,1513.757,500.752,502.275,1008.016
epoll,slack=1ns,1000,1500,,16,1513.256,500.943,502.776,1008.016
epoll,slack=1ns,1000,1500,,17,1521.892,492.306,494.140,1008.016
epoll,slack=1ns,1000,1500,,18,1513.036,500.481,502.996,1008.016
epoll,slack=1ns,1000,1500,,19,1513.437,500.702,502.595,1008.016
epoll,slack=1ns,1000,1500,,20,1512.685,501.263,503.347,1008.016
epoll,slack=1ns,1000,1500,,21,1513.356,500.982,502.676,1008.016
epoll,slack=1ns,1000,1500,,22,1513.126,501.333,502.906,1008.016
epoll,slack=1ns,1000,1500,,23,1512.996,501.253,503.036,1008.016
epoll,slack=1ns,1000,1500,,24,1513.216,501.193,502.816,1008.016
epoll,slack=1ns,1000,1500,,25,1513.647,500.862,502.385,1008.016
epoll,slack=1ns,1000,1500,,26,1513.527,501.172,502.505,1008.016
epoll,slack=1ns,1000,1500,,27,1513.657,500.832,502.375,1008.016
epoll,slack=1ns,1000,1500,,28,1513.637,500.902,502.395,1008.016
epoll,slack=1ns,1000,1500,,29,1513.707,500.722,502.325,1008.016
epoll,slack=1ns,1000,1500,,30,1513.487,500.992,502.545,1008.016
epoll,slack=1ns,1000,1500,,31,1514.068,500.391,501.964,1008.016
epoll,slack=1ns,1000,1500,,32,1513.828,500.391,502.204,1008.016
epoll,slack=1ns,1000,1500,,33,1518.726,495.933,497.306,1008.016
epoll,slack=1ns,1000,1500,,34,1513.697,500.542,502.335,1008.016
epoll,slack=1ns,1000,1500,,35,1513.586,500.973,502.446,1008.016
epoll,slack=1ns,1000,1600,,15,1612.874,400.784,402.558,1007.716
epoll,slack=1ns,1000,1600,,16,1613.534,400.273,401.898,1007.716
epoll,slack=1ns,1000,1600,,17,1616.951,396.967,398.481,1007.716
epoll,slack=1ns,1000,1600,,18,1613.595,400.373,401.837,1007.716
epoll,slack=1ns,1000,1600,,19,1613.154,400.674,402.278,1007.716
epoll,slack=1ns,1000,1600,,20,1613.284,400.884,402.148,1007.716
epoll,slack=1ns,1000,1600,,21,1613.415,400.373,402.017,1007.716
epoll,slack=1ns,1000,1600,,22,1613.976,400.292,401.456,1007.716
epoll,slack=1ns,1000,1600,,23,1613.515,400.694,401.917,1007.716
epoll,slack=1ns,1000,1600,,24,1613.325,400.944,402.107,1007.716
epoll,slack=1ns,1000,1600,,25,1613.554,400.935,401.878,1007.716
epoll,slack=1ns,1000,1600,,26,1613.715,400.834,401.717,1007.716
epoll,slack=1ns,1000,1600,,27,1613.975,400.413,401.457,1007.716
epoll,slack=1ns,1000,1600,,28,1614.187,400.303,401.245,1007.716
epoll,slack=1ns,1000,1600,,29,1613.424,400.353,402.008,1007.716
epoll,slack=1ns,1000,1600,,30,1613.024,401.004,402.408,1007.716
epoll,slack=1ns,1000,1600,,31,1613.365,400.413,402.067,1007.716
epoll,slack=1ns,1000,1600,,32,1613.906,400.152,401.526,1007.716
epoll,slack=1ns,1000,1600,,33,1617.923,395.685,397.509,1007.716
epoll,slack=1ns,1000,1600,,34,1613.524,399.912,401.908,1007.716
epoll,slack=1ns,1000,1600,,35,1613.195,400.543,402.237,1007.716
epoll,slack=1ns,1000,1700,,15,1713.633,301.057,302.439,1008.036
epoll,slack=1ns,1000,1700,,16,1713.132,301.748,302.940,1008.036
epoll,slack=1ns,1000,1700,,17,1716.498,298.010,299.574,1008.036
epoll,slack=1ns,1000,1700,,18,1713.303,301.086,302.769,1008.036
epoll,slack=1ns,1000,1700,,19,1713.533,301.127,302.539,1008.036
epoll,slack=1ns,1000,1700,,20,1713.382,301.217,302.690,1008.036
epoll,slack=1ns,1000,1700,,21,1713.473,300.775,302.599,1008.036
epoll,slack=1ns,1000,1700,,22,1715.207,299.243,300.865,1008.036
epoll,slack=1ns,1000,1700,,23,1715.827,298.080,300.245,1008.036
epoll,slack=1ns,1000,1700,,24,1714.014,299.624,302.058,1008.036
epoll,slack=1ns,1000,1700,,25,1712.852,300.986,303.220,1008.036
epoll,slack=1ns,1000,1700,,26,1713.262,300.816,302.810,1008.036
epoll,slack=1ns,1000,1700,,27,1713.643,300.485,302.429,1008.036
epoll,slack=1ns,1000,1700,,28,1714.104,300.345,301.968,1008.036
epoll,slack=1ns,1000,1700,,29,1712.842,300.826,303.230,1008.036
epoll,slack=1ns,1000,1700,,30,1712.971,300.937,303.101,1008.036
epoll,slack=1ns,1000,1700,,31,1714.595,299.633,301.477,1008.036
epoll,slack=1ns,1000,1700,,32,1713.433,300.836,302.639,1008.036
epoll,slack=1ns,1000,1700,,33,1719.273,294.725,296.799,1008.036
epoll,slack=1ns,1000,1700,,34,1713.553,300.495,302.519,1008.036
epoll,slack=1ns,1000,1700,,35,1713.363,301.116,302.709,1008.036
epoll,slack=1ns,1000,1800,,15,1813.331,200.847,202.219,1007.775
epoll,slack=1ns,1000,1800,,16,1813.972,199.666,201.578,1007.775
epoll,slack=1ns,1000,1800,,17,1820.494,195.488,195.056,1007.775
epoll,slack=1ns,1000,1800,,18,1813.731,201.189,201.819,1007.775
epoll,slack=1ns,1000,1800,,19,1813.561,200.697,201.989,1007.775
epoll,slack=1ns,1000,1800,,20,1813.441,201.289,202.109,1007.775
epoll,slack=1ns,1000,1800,,21,1813.340,200.968,202.210,1007.775
epoll,slack=1ns,1000,1800,,22,1813.351,200.998,202.199,1007.775
epoll,slack=1ns,1000,1800,,23,1813.040,201.168,202.510,1007.775
epoll,slack=1ns,1000,1800,,24,1813.622,201.208,201.928,1007.775
epoll,slack=1ns,1000,1800,,25,1813.200,201.159,202.350,1007.775
epoll,slack=1ns,1000,1800,,26,1813.661,201.188,201.889,1007.775
epoll,slack=1ns,1000,1800,,27,1813.441,201.159,202.109,1007.775
epoll,slack=1ns,1000,1800,,28,1813.751,201.108,201.799,1007.775
epoll,slack=1ns,1000,1800,,29,1813.742,201.148,201.808,1007.775
epoll,slack=1ns,1000,1800,,30,1813.671,201.439,201.879,1007.775
epoll,slack=1ns,1000,1800,,31,1813.762,201.579,201.788,1007.775
epoll,slack=1ns,1000,1800,,32,1813.892,201.398,201.658,1007.775
epoll,slack=1ns,1000,1800,,33,1819.553,195.497,195.997,1007.775
epoll,slack=1ns,1000,1800,,34,1813.742,201.188,201.808,1007.775
epoll,slack=1ns,1000,1800,,35,1814.283,200.797,201.267,1007.775
epoll,slack=1ns,1000,1900,,15,1913.088,100.770,102.384,1007.736
epoll,slack=1ns,1000,1900,,16,1912.918,100.669,102.554,1007.736
epoll,slack=1ns,1000,1900,,17,1917.266,96.612,98.206,1007.736
epoll,slack=1ns,1000,1900,,18,1913.639,100.509,101.833,1007.736
epoll,slack=1ns,1000,1900,,19,1914.010,100.489,101.462,1007.736
epoll,slack=1ns,1000,1900,,20,1912.979,100.619,102.493,1007.736
epoll,slack=1ns,1000,1900,,21,1913.950,100.318,101.522,1007.736
epoll,slack=1ns,1000,1900,,22,1913.309,101.882,102.163,1007.736
epoll,slack=1ns,1000,1900,,23,1913.639,100.188,101.833,1007.736
epoll,slack=1ns,1000,1900,,24,1913.399,100.379,102.073,1007.736
epoll,slack=1ns,1000,1900,,25,1913.820,100.338,101.652,1007.736
epoll,slack=1ns,1000,1900,,26,1913.359,100.539,102.113,1007.736
epoll,slack=1ns,1000,1900,,27,1913.990,100.249,101.482,1007.736
epoll,slack=1ns,1000,1900,,28,1913.308,100.770,102.164,1007.736
epoll,slack=1ns,1000,1900,,29,1913.599,100.118,101.873,1007.736
epoll,slack=1ns,1000,1900,,30,1912.949,101.110,102.523,1007.736
epoll,slack=1ns,1000,1900,,31,1914.200,100.088,101.272,1007.736
epoll,slack=1ns,1000,1900,,32,1913.700,100.729,101.772,1007.736
epoll,slack=1ns,1000,1900,,33,1919.220,94.698,96.252,1007.736
epoll,slack=1ns,1000,1900,,34,1913.149,100.719,102.323,1007.736
epoll,slack=1ns,1000,1900,,35,1913.719,100.660,101.753,1007.736
epoll,slack=1ns,1000,2000,,15,2015.000,1005.060,1.112,1008.056
epoll,slack=1ns,1000,2000,,16,2013.787,0.261,2.325,1008.056
epoll,slack=1ns,1000,2000,,17,2015.651,1005.802,0.461,1008.056
epoll,slack=1ns,1000,2000,,18,2015.260,1.543,0.852,1008.056
epoll,slack=1ns,1000,2000,,19,2011.934,2.615,4.178,1008.056
epoll,slack=1ns,1000,2000,,20,2027.694,992.767,996.474,1008.056
epoll,slack=1ns,1000,2000,,21,2045.507,975.004,978.661,1008.056
epoll,slack=1ns,1000,2000,,22,2046.620,974.462,977.548,1008.056
epoll,slack=1ns,1000,2000,,23,2046.119,974.643,978.049,1008.056
epoll,slack=1ns,1000,2000,,24,2046.569,974.583,977.599,1008.056
epoll,slack=1ns,1000,2000,,25,2045.477,975.184,978.691,1008.056
epoll,slack=1ns,1000,2000,,26,2045.618,975.304,978.550,1008.056
epoll,slack=1ns,1000,2000,,27,2047.010,974.363,977.158,1008.056
epoll,slack=1ns,1000,2000,,28,2046.159,974.412,978.009,1008.056
epoll,slack=1ns,1000,2000,,29,2045.588,976.226,978.580,1008.056
epoll,slack=1ns,1000,2000,,30,2046.088,974.994,978.080,1008.056
epoll,slack=1ns,1000,2000,,31,2046.569,974.623,977.599,1008.056
epoll,slack=1ns,1000,2000,,32,2046.640,974.452,977.528,1008.056
epoll,slack=1ns,1000,2000,,33,2052.511,967.009,971.657,1008.056
epoll,slack=1ns,1000,2000,,34,2045.998,974.082,978.170,1008.056
epoll,slack=1ns,1000,2000,,35,2046.469,973.781,977.699,1008.056
epoll,slack=1ns,1000,2100,,15,2113.966,906.254,909.362,1007.776
epoll,slack=1ns,1000,2100,,16,2113.656,906.465,909.672,1007.776
epoll,slack=1ns,1000,2100,,17,2117.913,901.967,905.415,1007.776
epoll,slack=1ns,1000,2100,,18,2113.585,906.395,909.743,1007.776
epoll,slack=1ns,1000,2100,,19,2113.846,906.394,909.482,1007.776
epoll,slack=1ns,1000,2100,,20,2114.127,906.094,909.201,1007.776
epoll,slack=1ns,1000,2100,,21,2113.686,906.745,909.642,1007.776
epoll,slack=1ns,1000,2100,,22,2113.736,906.645,909.592,1007.776
epoll,slack=1ns,1000,2100,,23,2129.776,890.775,893.552,1007.776
epoll,slack=1ns,1000,2100,,24,2146.157,874.324,877.171,1007.776
epoll,slack=1ns,1000,2100,,25,2146.768,872.962,876.560,1007.776
epoll,slack=1ns,1000,2100,,26,2145.946,874.335,877.382,1007.776
epoll,slack=1ns,1000,2100,,27,2146.407,873.703,876.921,1007.776
epoll,slack=1ns,1000,2100,,28,2146.628,873.904,876.700,1007.776
epoll,slack=1ns,1000,2100,,29,2146.407,874.284,876.921,1007.776
epoll,slack=1ns,1000,2100,,30,2146.287,874.505,877.041,1007.776
epoll,slack=1ns,1000,2100,,31,2145.385,874.886,877.943,1007.776
epoll,slack=1ns,1000,2100,,32,2145.956,874.655,877.372,1007.776
epoll,slack=1ns,1000,2100,,33,2158.420,862.983,864.908,1007.776
epoll,slack=1ns,1000,2100,,34,2145.926,875.226,877.402,1007.776
epoll,slack=1ns,1000,2100,,35,2145.746,874.856,877.582,1007.776
epoll,slack=1ns,1000,2200,,15,2214.024,806.537,809.904,1007.976
epoll,slack=1ns,1000,2200,,16,2214.425,805.896,809.503,1007.976
epoll,slack=1ns,1000,2200,,17,2217.350,802.920,806.578,1007.976
epoll,slack=1ns,1000,2200,,18,2214.015,806.306,809.913,1007.976
epoll,slack=1ns,1000,2200,,19,2214.425,806.187,809.503,1007.976
epoll,slack=1ns,1000,2200,,20,2214.204,806.557,809.724,1007.976
epoll,slack=1ns,1000,2200,,21,2214.065,806.737,809.863,1007.976
epoll,slack=1ns,1000,2200,,22,2213.614,806.947,810.314,1007.976
epoll,slack=1ns,1000,2200,,23,2214.055,806.777,809.873,1007.976
epoll,slack=1ns,1000,2200,,24,2230.165,790.306,793.763,1007.976
epoll,slack=1ns,1000,2200,,25,2247.207,773.615,776.721,1007.976
epoll,slack=1ns,1000,2200,,26,2247.077,773.164,776.851,1007.976
epoll,slack=1ns,1000,2200,,27,2247.186,773.405,776.742,1007.976
epoll,slack=1ns,1000,2200,,28,2247.097,773.925,776.831,1007.976
epoll,slack=1ns,1000,2200,,29,2246.706,773.094,777.222,1007.976
epoll,slack=1ns,1000,2200,,30,2248.419,771.912,775.509,1007.976
epoll,slack=1ns,1000,2200,,31,2247.237,773.034,776.691,1007.976
epoll,slack=1ns,1000,2200,,32,2247.186,773.435,776.742,1007.976
epoll,slack=1ns,1000,2200,,33,2254.791,765.850,769.137,1007.976
epoll,slack=1ns,1000,2200,,34,2247.027,773.615,776.901,1007.976
epoll,slack=1ns,1000,2200,,35,2247.086,773.395,776.842,1007.976
epoll,slack=1ns,1000,2300,,15,2314.082,705.938,709.516,1007.866
epoll,slack=1ns,1000,2300,,16,2313.862,706.199,709.736,1007.866
epoll,slack=1ns,1000,2300,,17,2317.298,702.552,706.300,1007.866
epoll,slack=1ns,1000,2300,,18,2313.511,706.799,710.087,1007.866
epoll,slack=1ns,1000,2300,,19,2313.822,706.710,709.776,1007.866
epoll,slack=1ns,1000,2300,,20,2329.872,690.769,693.726,1007.866
epoll,slack=1ns,1000,2300,,21,2346.774,673.848,676.824,1007.866
epoll,slack=1ns,1000,2300,,22,2346.443,674.148,677.155,1007.866
epoll,slack=1ns,1000,2300,,23,2346.573,674.098,677.025,1007.866
epoll,slack=1ns,1000,2300,,24,2345.031,675.430,678.567,1007.866
epoll,slack=1ns,1000,2300,,25,2346.113,674.539,677.485,1007.866
epoll,slack=1ns,1000,2300,,26,2346.554,673.536,677.044,1007.866
epoll,slack=1ns,1000,2300,,27,2346.614,673.276,676.984,1007.866
epoll,slack=1ns,1000,2300,,28,2346.203,675.781,677.395,1007.866
epoll,slack=1ns,1000,2300,,29,2346.414,673.927,677.184,1007.866
epoll,slack=1ns,1000,2300,,30,2346.965,673.917,676.633,1007.866
epoll,slack=1ns,1000,2300,,31,2346.724,674.248,676.874,1007.866
epoll,slack=1ns,1000,2300,,32,2514.059,506.593,509.539,1007.866
epoll,slack=1ns,1000,2300,,33,2353.296,667.185,670.302,1007.866
epoll,slack=1ns,1000,2300,,34,2346.303,674.468,677.295,1007.866
epoll,slack=1ns,1000,2300,,35,2345.843,674.328,677.755,1007.866
epoll,slack=1ns,1000,2400,,15,2414.101,606.280,609.227,1007.776
epoll,slack=1ns,1000,2400,,16,2414.041,606.430,609.287,1007.776
epoll,slack=1ns,1000,2400,,17,2419.010,601.261,604.318,1007.776
epoll,slack=1ns,1000,2400,,18,2413.690,607.222,609.638,1007.776
epoll,slack=1ns,1000,2400,,19,2429.670,590.200,593.658,1007.776
epoll,slack=1ns,1000,2400,,20,2446.251,573.559,577.077,1007.776
epoll,slack=1ns,1000,2400,,21,2445.720,574.090,577.608,1007.776
epoll,slack=1ns,1000,2400,,22,2446.612,573.879,576.716,1007.776
epoll,slack=1ns,1000,2400,,23,2445.149,574.721,578.179,1007.776
epoll,slack=1ns,1000,2400,,24,2452.202,567.969,571.126,1007.776
epoll,slack=1ns,1000,2400,,25,2489.732,534.225,533.596,1007.776
epoll,slack=1ns,1000,2400,,26,2446.582,574.470,576.746,1007.776
epoll,slack=1ns,1000,2400,,27,2446.462,574.210,576.866,1007.776
epoll,slack=1ns,1000,2400,,28,2446.772,573.889,576.556,1007.776
epoll,slack=1ns,1000,2400,,29,2446.742,573.920,576.586,1007.776
epoll,slack=1ns,1000,2400,,30,2445.429,576.024,577.899,1007.776
epoll,slack=1ns,1000,2400,,31,2446.161,574.630,577.167,1007.776
epoll,slack=1ns,1000,2400,,32,2446.622,574.611,576.706,1007.776
epoll,slack=1ns,1000,2400,,33,2456.180,564.652,567.148,1007.776
epoll,slack=1ns,1000,2400,,34,2446.592,574.771,576.736,1007.776
epoll,slack=1ns,1000,2400,,35,2446.641,573.960,576.687,1007.776
epoll,slack=1ns,1000,2500,,15,2513.828,506.172,509.140,1007.656
epoll,slack=1ns,1000,2500,,16,2513.889,506.372,509.079,1007.656
epoll,slack=1ns,1000,2500,,17,2517.205,503.707,505.763,1007.656
epoll,slack=1ns,1000,2500,,18,2514.269,505.751,508.699,1007.656
epoll,slack=1ns,1000,2500,,19,2514.039,506.212,508.929,1007.656
epoll,slack=1ns,1000,2500,,20,2514.329,506.743,508.639,1007.656
epoll,slack=1ns,1000,2500,,21,2529.728,490.863,493.240,1007.656
epoll,slack=1ns,1000,2500,,22,2530.961,489.711,492.007,1007.656
epoll,slack=1ns,1000,2500,,23,2546.710,476.306,476.258,1007.656
epoll,slack=1ns,1000,2500,,24,2546.660,474.793,476.308,1007.656
epoll,slack=1ns,1000,2500,,25,2546.910,473.811,476.058,1007.656
epoll,slack=1ns,1000,2500,,26,2546.570,474.292,476.398,1007.656
epoll,slack=1ns,1000,2500,,27,2546.650,474.082,476.318,1007.656
epoll,slack=1ns,1000,2500,,28,2545.478,475.604,477.490,1007.656
epoll,slack=1ns,1000,2500,,29,2546.309,474.443,476.659,1007.656
epoll,slack=1ns,1000,2500,,30,2546.289,474.923,476.679,1007.656
epoll,slack=1ns,1000,2500,,31,2546.219,474.994,476.749,1007.656
epoll,slack=1ns,1000,2500,,32,2545.938,474.954,477.030,1007.656
epoll,slack=1ns,1000,2500,,33,2558.332,462.660,464.636,1007.656
epoll,slack=1ns,1000,2500,,34,2546.129,474.823,476.839,1007.656
epoll,slack=1ns,1000,2500,,35,2548.403,472.158,474.565,1007.656
epoll,slack=1ns,1000,2600,,15,2613.636,406.264,409.392,1007.676
epoll,slack=1ns,1000,2600,,16,2613.656,406.715,409.372,1007.676
epoll,slack=1ns,1000,2600,,17,2617.513,402.978,405.515,1007.676
epoll,slack=1ns,1000,2600,,18,2630.207,390.094,392.821,1007.676
epoll,slack=1ns,1000,2600,,19,2631.780,388.270,391.248,1007.676
epoll,slack=1ns,1000,2600,,20,2646.418,374.073,376.610,1007.676
epoll,slack=1ns,1000,2600,,21,2646.358,374.073,376.670,1007.676
epoll,slack=1ns,1000,2600,,22,2647.891,372.631,375.137,1007.676
epoll,slack=1ns,1000,2600,,23,2646.538,373.953,376.490,1007.676
epoll,slack=1ns,1000,2600,,24,2645.095,375.396,377.933,1007.676
epoll,slack=1ns,1000,2600,,25,2647.069,374.013,375.959,1007.676
epoll,slack=1ns,1000,2600,,26,2646.548,374.244,376.480,1007.676
epoll,slack=1ns,1000,2600,,27,2646.478,373.993,376.550,1007.676
epoll,slack=1ns,1000,2600,,28,2646.378,374.254,376.650,1007.676
epoll,slack=1ns,1000,2600,,29,2646.468,374.023,376.560,1007.676
epoll,slack=1ns,1000,2600,,30,2646.408,374.314,376.620,1007.676
epoll,slack=1ns,1000,2600,,31,2644.834,375.617,378.194,1007.676
epoll,slack=1ns,1000,2600,,32,2646.598,373.983,376.430,1007.676
epoll,slack=1ns,1000,2600,,33,2659.032,361.590,363.996,1007.676
epoll,slack=1ns,1000,2600,,34,2646.808,373.683,376.220,1007.676
epoll,slack=1ns,1000,2600,,35,2646.347,373.834,376.681,1007.676
epoll,slack=1ns,1000,2700,,15,2714.235,305.685,309.033,1007.756
epoll,slack=1ns,1000,2700,,16,2713.974,306.517,309.294,1007.756
epoll,slack=1ns,1000,2700,,17,2717.411,302.960,305.857,1007.756
epoll,slack=1ns,1000,2700,,18,2714.395,305.685,308.873,1007.756
epoll,slack=1ns,1000,2700,,19,2714.455,305.826,308.813,1007.756
epoll,slack=1ns,1000,2700,,20,2729.804,290.476,293.464,1007.756
epoll,slack=1ns,1000,2700,,21,2731.578,288.262,291.690,1007.756
epoll,slack=1ns,1000,2700,,22,2746.055,273.525,277.213,1007.756
epoll,slack=1ns,1000,2700,,23,2746.325,273.444,276.943,1007.756
epoll,slack=1ns,1000,2700,,24,2745.755,273.895,277.513,1007.756
epoll,slack=1ns,1000,2700,,25,2746.235,273.966,277.033,1007.756
epoll,slack=1ns,1000,2700,,26,2746.746,272.973,276.522,1007.756
epoll,slack=1ns,1000,2700,,27,2746.716,273.525,276.552,1007.756
epoll,slack=1ns,1000,2700,,28,2746.516,273.775,276.752,1007.756
epoll,slack=1ns,1000,2700,,29,2747.076,273.745,276.192,1007.756
epoll,slack=1ns,1000,2700,,30,2745.184,275.037,278.084,1007.756
epoll,slack=1ns,1000,2700,,31,2746.666,273.134,276.602,1007.756
epoll,slack=1ns,1000,2700,,32,2748.910,271.270,274.358,1007.756
epoll,slack=1ns,1000,2700,,33,2758.539,262.133,264.729,1007.756
epoll,slack=1ns,1000,2700,,34,2746.736,273.835,276.532,1007.756
epoll,slack=1ns,1000,2700,,35,2746.786,273.805,276.482,1007.756
epoll,slack=1ns,1000,2800,,15,2813.903,206.578,210.325,1008.076
epoll,slack=1ns,1000,2800,,16,2813.872,206.609,210.356,1008.076
epoll,slack=1ns,1000,2800,,17,2816.718,203.713,207.510,1008.076
epoll,slack=1ns,1000,2800,,18,2814.103,206.288,210.125,1008.076
epoll,slack=1ns,1000,2800,,19,2814.263,206.679,209.965,1008.076
epoll,slack=1ns,1000,2800,,20,2814.363,206.268,209.865,1008.076
epoll,slack=1ns,1000,2800,,21,2829.853,191.049,194.375,1008.076
epoll,slack=1ns,1000,2800,,22,2830.945,189.747,193.283,1008.076
epoll,slack=1ns,1000,2800,,23,2846.473,174.218,177.755,1008.076
epoll,slack=1ns,1000,2800,,24,2846.474,174.067,177.754,1008.076
epoll,slack=1ns,1000,2800,,25,2846.985,173.667,177.243,1008.076
epoll,slack=1ns,1000,2800,,26,2846.864,173.667,177.364,1008.076
epoll,slack=1ns,1000,2800,,27,2845.702,174.989,178.526,1008.076
epoll,slack=1ns,1000,2800,,28,2846.434,174.197,177.794,1008.076
epoll,slack=1ns,1000,2800,,29,2846.604,174.388,177.624,1008.076
epoll,slack=1ns,1000,2800,,30,2846.534,174.098,177.694,1008.076
epoll,slack=1ns,1000,2800,,31,2846.534,174.287,177.694,1008.076
epoll,slack=1ns,1000,2800,,32,2845.132,175.390,179.096,1008.076
epoll,slack=1ns,1000,2800,,33,2854.098,166.333,170.130,1008.076
epoll,slack=1ns,1000,2800,,34,2846.754,173.807,177.474,1008.076
epoll,slack=1ns,1000,2800,,35,2846.534,174.117,177.694,1008.076
epoll,slack=1ns,1000,2900,,15,2914.061,107.121,110.827,1008.296
epoll,slack=1ns,1000,2900,,16,2913.931,107.322,110.957,1008.296
epoll,slack=1ns,1000,2900,,17,2918.249,103.124,106.639,1008.296
epoll,slack=1ns,1000,2900,,18,2930.912,90.431,93.976,1008.296
epoll,slack=1ns,1000,2900,,19,2932.074,89.248,92.814,1008.296
epoll,slack=1ns,1000,2900,,20,2946.623,74.500,78.265,1008.296
epoll,slack=1ns,1000,2900,,21,2946.562,74.780,78.326,1008.296
epoll,slack=1ns,1000,2900,,22,2946.793,73.909,78.095,1008.296
epoll,slack=1ns,1000,2900,,23,2945.260,75.902,79.628,1008.296
epoll,slack=1ns,1000,2900,,24,2946.793,74.540,78.095,1008.296
epoll,slack=1ns,1000,2900,,25,2947.033,74.290,77.855,1008.296
epoll,slack=1ns,1000,2900,,26,2946.272,74.740,78.616,1008.296
epoll,slack=1ns,1000,2900,,27,2945.230,75.241,79.658,1008.296
epoll,slack=1ns,1000,2900,,28,2946.643,73.548,78.245,1008.296
epoll,slack=1ns,1000,2900,,29,2946.783,73.508,78.105,1008.296
epoll,slack=1ns,1000,2900,,30,2946.903,73.508,77.985,1008.296
epoll,slack=1ns,1000,2900,,31,2946.582,73.879,78.306,1008.296
epoll,slack=1ns,1000,2900,,32,2945.129,75.543,79.759,1008.296
epoll,slack=1ns,1000,2900,,33,2954.877,65.694,70.011,1008.296
epoll,slack=1ns,1000,2900,,34,2946.602,74.110,78.286,1008.296
epoll,slack=1ns,1000,2900,,35,2946.712,74.230,78.176,1008.296
epoll,slack=1ns,1000,3000,,15,3013.407,6.192,9.531,1007.646
epoll,slack=1ns,1000,3000,,16,3013.728,6.012,9.210,1007.646
epoll,slack=1ns,1000,3000,,17,3016.423,3.497,6.515,1007.646
epoll,slack=1ns,1000,3000,,18,3012.947,7.484,9.991,1007.646
epoll,slack=1ns,1000,3000,,19,3029.468,996.484,1001.116,1007.646
epoll,slack=1ns,1000,3000,,20,3047.021,979.132,983.563,1007.646
epoll,slack=1ns,1000,3000,,21,3046.881,979.823,983.703,1007.646
epoll,slack=1ns,1000,3000,,22,3052.401,976.546,978.183,1007.646
epoll,slack=1ns,1000,3000,,23,3085.534,941.871,945.050,1007.646
epoll,slack=1ns,1000,3000,,24,3047.392,979.803,983.192,1007.646
epoll,slack=1ns,1000,3000,,25,3046.941,980.524,983.643,1007.646
epoll,slack=1ns,1000,3000,,26,3046.861,980.244,983.723,1007.646
epoll,slack=1ns,1000,3000,,27,3046.961,980.714,983.623,1007.646
epoll,slack=1ns,1000,3000,,28,3046.851,980.715,983.733,1007.646
epoll,slack=1ns,1000,3000,,29,3046.139,981.336,984.445,1007.646
epoll,slack=1ns,1000,3000,,30,3047.081,980.184,983.503,1007.646
epoll,slack=1ns,1000,3000,,31,3046.901,980.534,983.683,1007.646
epoll,slack=1ns,1000,3000,,32,3046.881,980.373,983.703,1007.646
epoll,slack=1ns,1000,3000,,33,3054.395,972.039,976.189,1007.646
epoll,slack=1ns,1000,3000,,34,3046.660,979.342,983.924,1007.646
epoll,slack=1ns,1000,3000,,35,3046.841,978.911,983.743,1007.646
epoll,slack=1ns,10000,1000,,15,1090.932,9304.179,9239.499,10330.431
epoll,slack=1ns,10000,1000,,16,1081.324,9266.770,9249.107,10330.431
epoll,slack=1ns,10000,1000,,17,1258.728,9070.170,9071.703,10330.431
epoll,slack=1ns,10000,1000,,18,1080.051,8961.526,9250.380,10330.431
epoll,slack=1ns,10000,1000,,19,1057.759,9397.846,9272.672,10330.431
epoll,slack=1ns,10000,1000,,20,1068.159,8983.226,9262.272,10330.431
epoll,slack=1ns,10000,1000,,21,1061.136,9261.771,9269.295,10330.431
epoll,slack=1ns,10000,1000,,22,1085.441,9248.184,9244.990,10330.431
epoll,slack=1ns,10000,1000,,23,1087.886,9235.731,9242.545,10330.431
epoll,slack=1ns,10000,1000,,24,1078.920,9229.009,9251.511,10330.431
epoll,slack=1ns,10000,1000,,25,1082.576,9204.483,9247.855,10330.431
epoll,slack=1ns,10000,1000,,26,1069.471,9362.600,9260.960,10330.431
epoll,slack=1ns,10000,1000,,27,1077.927,9253.365,9252.504,10330.431
epoll,slack=1ns,10000,1000,,28,1087.335,9223.197,9243.096,10330.431
epoll,slack=1ns,10000,1000,,29,1087.035,9337.543,9243.396,10330.431
epoll,slack=1ns,10000,1000,,30,1307.720,9023.141,9022.711,10330.431
epoll,slack=1ns,10000,1000,,31,1090.862,9238.245,9239.569,10330.431
epoll,slack=1ns,10000,1000,,32,1093.136,9317.044,9237.295,10330.431
epoll,slack=1ns,10000,1000,,33,1229.833,9102.311,9100.598,10330.431
epoll,slack=1ns,10000,1000,,34,1099.218,9211.685,9231.213,10330.431
epoll,slack=1ns,10000,1000,,35,1091.634,9323.216,9238.797,10330.431
epoll,slack=1ns,10000,2000,,15,2313.381,8001.961,8020.304,10333.685
epoll,slack=1ns,10000,2000,,16,2343.747,7991.071,7989.938,10333.685
epoll,slack=1ns,10000,2000,,17,2365.829,7975.382,7967.856,10333.685
epoll,slack=1ns,10000,2000,,18,2341.233,7967.235,7992.452,10333.685
epoll,slack=1ns,10000,2000,,19,2337.597,7995.298,7996.088,10333.685
epoll,slack=1ns,10000,2000,,20,2346.794,8039.952,7986.891,10333.685
epoll,slack=1ns,10000,2000,,21,2336.615,7999.586,7997.070,10333.685
epoll,slack=1ns,10000,2000,,22,2343.498,7990.920,7990.187,10333.685
epoll,slack=1ns,10000,2000,,23,2356.522,8012.340,7977.163,10333.685
epoll,slack=1ns,10000,2000,,24,2343.007,7989.618,7990.678,10333.685
epoll,slack=1ns,10000,2000,,25,2341.864,7989.698,7991.821,10333.685
epoll,slack=1ns,10000,2000,,26,2369.577,8050.141,7964.108,10333.685
epoll,slack=1ns,10000,2000,,27,2317.840,8011.337,8015.845,10333.685
epoll,slack=1ns,10000,2000,,28,2331.896,7985.550,8001.789,10333.685
epoll,slack=1ns,10000,2000,,29,2357.594,8034.723,7976.091,10333.685
epoll,slack=1ns,10000,2000,,30,2339.470,7992.383,7994.215,10333.685
epoll,slack=1ns,10000,2000,,31,2338.348,7991.961,7995.337,10333.685
epoll,slack=1ns,10000,2000,,32,2358.777,8065.761,7974.908,10333.685
epoll,slack=1ns,10000,2000,,33,2457.422,7689.734,7876.263,10333.685
epoll,slack=1ns,10000,2000,,34,2076.135,8225.581,8257.550,10333.685
epoll,slack=1ns,10000,2000,,35,2347.375,7965.572,7986.310,10333.685
epoll,slack=1ns,10000,3000,,15,3340.814,6977.915,6990.519,10331.333
epoll,slack=1ns,10000,3000,,16,3374.767,7040.202,6956.566,10331.333
epoll,slack=1ns,10000,3000,,17,3367.534,6942.748,6963.799,10331.333
epoll,slack=1ns,10000,3000,,18,3340.814,6977.614,6990.519,10331.333
epoll,slack=1ns,10000,3000,,19,3107.775,7331.098,7223.558,10331.333
epoll,slack=1ns,10000,3000,,20,3357.895,6964.340,6973.438,10331.333
epoll,slack=1ns,10000,3000,,21,3341.104,6965.471,6990.229,10331.333
epoll,slack=1ns,10000,3000,,22,3403.161,6997.691,6928.172,10331.333
epoll,slack=1ns,10000,3000,,23,3337.127,6730.098,6994.206,10331.333
epoll,slack=1ns,10000,3000,,24,3196.963,7107.619,7134.370,10331.333
epoll,slack=1ns,10000,3000,,25,3336.896,6733.675,6994.437,10331.333
epoll,slack=1ns,10000,3000,,26,3071.316,7218.978,7260.017,10331.333
epoll,slack=1ns,10000,3000,,27,3431.003,6934.543,6900.330,10331.333
epoll,slack=1ns,10000,3000,,28,3312.370,7007.210,7018.963,10331.333
epoll,slack=1ns,10000,3000,,29,3339.861,6979.999,6991.472,10331.333
epoll,slack=1ns,10000,3000,,30,3428.308,6896.111,6903.025,10331.333
epoll,slack=1ns,10000,3000,,31,3342.276,6976.933,6989.057,10331.333
epoll,slack=1ns,10000,3000,,32,3344.550,6975.189,6986.783,10331.333
epoll,slack=1ns,10000,3000,,33,3377.783,6945.203,6953.550,10331.333
epoll,slack=1ns,10000,3000,,34,3342.247,6993.272,6989.086,10331.333
epoll,slack=1ns,10000,3000,,35,3340.624,6973.767,6990.709,10331.333
epoll,slack=1ns,10000,4000,,15,4368.698,5685.413,5963.666,10332.364
epoll,slack=1ns,10000,4000,,16,4333.301,5978.254,5999.063,10332.364
epoll,slack=1ns,10000,4000,,17,4378.084,5942.067,5954.280,10332.364
epoll,slack=1ns,10000,4000,,18,4344.942,5974.277,5987.422,10332.364
epoll,slack=1ns,10000,4000,,19,4342.709,5975.930,5989.655,10332.364
epoll,slack=1ns,10000,4000,,20,4350.352,6023.029,5982.012,10332.364
epoll,slack=1ns,10000,4000,,21,4341.095,5966.623,5991.269,10332.364
epoll,slack=1ns,10000,4000,,22,4316.157,6002.270,6016.207,10332.364
epoll,slack=1ns,10000,4000,,23,4113.137,5958.978,6219.227,10332.364
epoll,slack=1ns,10000,4000,,24,4086.516,5970.330,6245.848,10332.364
epoll,slack=1ns,10000,4000,,25,4356.724,5958.037,5975.640,10332.364
epoll,slack=1ns,10000,4000,,26,4340.022,5978.225,5992.342,10332.364
epoll,slack=1ns,10000,4000,,27,4342.568,5980.769,5989.796,10332.364
epoll,slack=1ns,10000,4000,,28,4433.609,6014.522,5898.755,10332.364
epoll,slack=1ns,10000,4000,,29,4349.541,5956.764,5982.823,10332.364
epoll,slack=1ns,10000,4000,,30,4359.460,5975.900,5972.904,10332.364
epoll,slack=1ns,10000,4000,,31,4401.008,6013.020,5931.356,10332.364
epoll,slack=1ns,10000,4000,,32,4340.513,5978.375,5991.851,10332.364
epoll,slack=1ns,10000,4000,,33,4221.551,6098.019,6110.813,10332.364
epoll,slack=1ns,10000,4000,,34,4493.272,5566.440,5839.092,10332.364
epoll,slack=1ns,10000,4000,,35,4039.708,6334.153,6292.656,10332.364
epoll,slack=1ns,10000,5000,,15,5402.832,4976.400,4929.572,10332.404
epoll,slack=1ns,10000,5000,,16,5350.003,4965.178,4982.401,10332.404
epoll,slack=1ns,10000,5000,,17,5370.962,4937.386,4961.442,10332.404
epoll,slack=1ns,10000,5000,,18,5424.292,4897.902,4908.112,10332.404
epoll,slack=1ns,10000,5000,,19,5361.234,4965.619,4971.170,10332.404
epoll,slack=1ns,10000,5000,,20,5348.530,4968.906,4983.874,10332.404
epoll,slack=1ns,10000,5000,,21,5358.649,4961.180,4973.755,10332.404
epoll,slack=1ns,10000,5000,,22,5360.333,4954.098,4972.071,10332.404
epoll,slack=1ns,10000,5000,,23,5340.705,4974.756,4991.699,10332.404
epoll,slack=1ns,10000,5000,,24,5351.115,4971.660,4981.289,10332.404
epoll,slack=1ns,10000,5000,,25,5351.746,4992.741,4980.658,10332.404
epoll,slack=1ns,10000,5000,,26,5350.012,4963.556,4982.392,10332.404
epoll,slack=1ns,10000,5000,,27,5345.625,4969.025,4986.779,10332.404
epoll,slack=1ns,10000,5000,,28,5439.171,4986.488,4893.233,10332.404
epoll,slack=1ns,10000,5000,,29,5349.352,4965.609,4983.052,10332.404
epoll,slack=1ns,10000,5000,,30,5348.129,4967.253,4984.275,10332.404
epoll,slack=1ns,10000,5000,,31,5442.005,4876.703,4890.399,10332.404
epoll,slack=1ns,10000,5000,,32,5348.649,4957.855,4983.755,10332.404
epoll,slack=1ns,10000,5000,,33,5375.371,4710.018,4957.033,10332.404
epoll,slack=1ns,10000,5000,,34,5093.290,4964.177,5239.114,10332.404
epoll,slack=1ns,10000,5000,,35,5320.798,4997.690,5011.606,10332.404
epoll,slack=1ns,10000,6000,,15,6354.182,3959.396,3978.874,10333.056
epoll,slack=1ns,10000,6000,,16,6350.594,3965.909,3982.462,10333.056
epoll,slack=1ns,10000,6000,,17,6455.393,3976.007,3877.663,10333.056
epoll,slack=1ns,10000,6000,,18,6349.662,3721.981,3983.394,10333.056
epoll,slack=1ns,10000,6000,,19,6144.838,4160.505,4188.218,10333.056
epoll,slack=1ns,10000,6000,,20,6342.318,3942.927,3990.738,10333.056
epoll,slack=1ns,10000,6000,,21,6439.051,3982.310,3894.005,10333.056
epoll,slack=1ns,10000,6000,,22,6347.889,3967.382,3985.167,10333.056
epoll,slack=1ns,10000,6000,,23,6350.484,3968.143,3982.572,10333.056
epoll,slack=1ns,10000,6000,,24,6437.729,3879.797,3895.327,10333.056
epoll,slack=1ns,10000,6000,,25,6352.006,3961.672,3981.050,10333.056
epoll,slack=1ns,10000,6000,,26,6351.797,3980.146,3981.259,10333.056
epoll,slack=1ns,10000,6000,,27,6356.917,3959.737,3976.139,10333.056
epoll,slack=1ns,10000,6000,,28,6351.455,3721.350,3981.601,10333.056
epoll,slack=1ns,10000,6000,,29,6323.834,3961.842,4009.222,10333.056
epoll,slack=1ns,10000,6000,,30,6109.301,3967.141,4223.755,10333.056
epoll,slack=1ns,10000,6000,,31,6295.341,4165.344,4037.715,10333.056
epoll,slack=1ns,10000,6000,,32,6410.928,4005.824,3922.128,10333.056
epoll,slack=1ns,10000,6000,,33,6364.561,3949.488,3968.495,10333.056
epoll,slack=1ns,10000,6000,,34,6339.714,3972.141,3993.342,10333.056
epoll,slack=1ns,10000,6000,,35,6423.993,4021.563,3909.063,10333.056
epoll,slack=1ns,10000,7000,,15,7352.590,2717.150,2980.896,10333.486
epoll,slack=1ns,10000,7000,,16,7348.432,2952.102,2985.054,10333.486
epoll,slack=1ns,10000,7000,,17,7387.315,2920.503,2946.171,10333.486
epoll,slack=1ns,10000,7000,,18,7478.276,2564.984,2855.210,10333.486
epoll,slack=1ns,10000,7000,,19,7054.008,2972.491,3279.478,10333.486
epoll,slack=1ns,10000,7000,,20,7379.160,3002.667,2954.326,10333.486
epoll,slack=1ns,10000,7000,,21,7353.982,2954.227,2979.504,10333.486
epoll,slack=1ns,10000,7000,,22,7353.461,2957.332,2980.025,10333.486
epoll,slack=1ns,10000,7000,,23,7450.664,2969.525,2882.822,10333.486
epoll,slack=1ns,10000,7000,,24,7352.700,2957.012,2980.786,10333.486
epoll,slack=1ns,10000,7000,,25,7352.658,2962.342,2980.828,10333.486
epoll,slack=1ns,10000,7000,,26,7337.491,3027.044,2995.995,10333.486
epoll,slack=1ns,10000,7000,,27,7163.925,3109.599,3169.561,10333.486
epoll,slack=1ns,10000,7000,,28,7339.835,2696.362,2993.651,10333.486
epoll,slack=1ns,10000,7000,,29,7335.707,2941.874,2997.779,10333.486
epoll,slack=1ns,10000,7000,,30,7360.174,2948.084,2973.312,10333.486
epoll,slack=1ns,10000,7000,,31,7354.874,2958.925,2978.612,10333.486
epoll,slack=1ns,10000,7000,,32,7354.373,2955.880,2979.113,10333.486
epoll,slack=1ns,10000,7000,,33,7383.868,2921.976,2949.618,10333.486
epoll,slack=1ns,10000,7000,,34,7421.308,2986.146,2912.178,10333.486
epoll,slack=1ns,10000,7000,,35,7349.073,2961.110,2984.413,10333.486
epoll,slack=1ns,10000,8000,,15,8367.688,1947.152,1965.718,10333.406
epoll,slack=1ns,10000,8000,,16,8364.533,1941.322,1968.873,10333.406
epoll,slack=1ns,10000,8000,,17,8389.969,1916.935,1943.437,10333.406
epoll,slack=1ns,10000,8000,,18,8370.785,1935.471,1962.621,10333.406
epoll,slack=1ns,10000,8000,,19,8420.628,1971.528,1912.778,10333.406
epoll,slack=1ns,10000,8000,,20,8347.801,1961.780,1985.605,10333.406
epoll,slack=1ns,10000,8000,,21,8361.587,1952.372,1971.819,10333.406
epoll,slack=1ns,10000,8000,,22,8466.984,1960.578,1866.422,10333.406
epoll,slack=1ns,10000,8000,,23,8356.237,1711.108,1977.169,10333.406
epoll,slack=1ns,10000,8000,,24,8348.042,2042.432,1985.364,10333.406
epoll,slack=1ns,10000,8000,,25,8368.278,1945.159,1965.128,10333.406
epoll,slack=1ns,10000,8000,,26,8341.810,1970.766,1991.596,10333.406
epoll,slack=1ns,10000,8000,,27,8362.349,1948.084,1971.057,10333.406
epoll,slack=1ns,10000,8000,,28,8361.867,1967.100,1971.539,10333.406
epoll,slack=1ns,10000,8000,,29,8426.148,1991.847,1907.258,10333.406
epoll,slack=1ns,10000,8000,,30,8084.435,1980.786,2248.971,10333.406
epoll,slack=1ns,10000,8000,,31,8270.945,2006.094,2062.461,10333.406
epoll,slack=1ns,10000,8000,,32,8323.686,1957.782,2009.720,10333.406
epoll,slack=1ns,10000,8000,,33,8473.117,1834.260,1860.289,10333.406
epoll,slack=1ns,10000,8000,,34,8361.776,1945.429,1971.630,10333.406
epoll,slack=1ns,10000,8000,,35,8368.451,1939.457,1964.955,10333.406
epoll,slack=1ns,10000,9000,,15,9473.797,803.452,857.936,10331.733
epoll,slack=1ns,10000,9000,,16,9350.337,927.865,981.396,10331.733
epoll,slack=1ns,10000,9000,,17,9460.674,889.022,871.059,10331.733
epoll,slack=1ns,10000,9000,,18,9370.764,899.161,960.969,10331.733
epoll,slack=1ns,10000,9000,,19,9364.564,961.689,967.169,10331.733
epoll,slack=1ns,10000,9000,,20,9363.943,924.008,967.790,10331.733
epoll,slack=1ns,10000,9000,,21,9363.670,922.385,968.063,10331.733
epoll,slack=1ns,10000,9000,,22,9367.339,903.560,964.394,10331.733
epoll,slack=1ns,10000,9000,,23,9368.611,694.336,963.122,10331.733
epoll,slack=1ns,10000,9000,,24,9070.750,984.081,1260.983,10331.733
epoll,slack=1ns,10000,9000,,25,9376.907,899.512,954.826,10331.733
epoll,slack=1ns,10000,9000,,26,9350.957,936.060,980.776,10331.733
epoll,slack=1ns,10000,9000,,27,9364.905,927.324,966.828,10331.733
epoll,slack=1ns,10000,9000,,28,9379.652,969.754,952.081,10331.733
epoll,slack=1ns,10000,9000,,29,9362.961,917.966,968.772,10331.733
epoll,slack=1ns,10000,9000,,30,9367.979,689.156,963.754,10331.733
epoll,slack=1ns,10000,9000,,31,9296.626,963.232,1035.107,10331.733
epoll,slack=1ns,10000,9000,,32,9347.561,911.334,984.172,10331.733
epoll,slack=1ns,10000,9000,,33,9404.187,870.588,927.546,10331.733
epoll,slack=1ns,10000,9000,,34,9110.375,951.751,1221.358,10331.733
epoll,slack=1ns,10000,9000,,35,9339.807,726.356,991.926,10331.733
epoll,slack=1ns,10000,10000,,15,10337.401,10284.304,10318.771,10328.086
epoll,slack=1ns,10000,10000,,16,10422.424,10312.204,10233.748,10328.086
epoll,slack=1ns,10000,10000,,17,10307.298,10440.808,20.788,10328.086
epoll,slack=1ns,10000,10000,,18,10333.965,10309.361,10322.207,10328.086
epoll,slack=1ns,10000,10000,,19,10393.339,10312.858,10262.833,10328.086
epoll,slack=1ns,10000,10000,,20,10329.507,10436.760,10326.665,10328.086
epoll,slack=1ns,10000,10000,,21,10331.964,10313.407,10324.208,10328.086
epoll,slack=1ns,10000,10000,,22,10363.823,10050.123,10292.349,10328.086
epoll,slack=1ns,10000,10000,,23,10314.801,10338.425,13.285,10328.086
epoll,slack=1ns,10000,10000,,24,10428.513,10312.467,10227.659,10328.086
epoll,slack=1ns,10000,10000,,25,10330.130,10415.810,10326.042,10328.086
epoll,slack=1ns,10000,10000,,26,10332.324,10311.435,10323.848,10328.086
epoll,slack=1ns,10000,10000,,27,10092.643,10338.414,235.443,10328.086
epoll,slack=1ns,10000,10000,,28,10332.444,10314.531,10323.728,10328.086
epoll,slack=1ns,10000,10000,,29,10417.202,10305.684,10238.970,10328.086
epoll,slack=1ns,10000,10000,,30,10346.180,10381.736,10309.992,10328.086
epoll,slack=1ns,10000,10000,,31,10309.491,10302.207,18.595,10328.086
epoll,slack=1ns,10000,10000,,32,10291.878,10050.995,36.208,10328.086
epoll,slack=1ns,10000,10000,,33,10308.829,10295.495,19.257,10328.086
epoll,slack=1ns,10000,10000,,34,10334.957,10318.799,10321.215,10328.086
epoll,slack=1ns,10000,10000,,35,10125.916,10261.110,202.170,10328.086
epoll,slack=1ns,10000,11000,,15,11314.741,9314.990,9351.431,10333.086
epoll,slack=1ns,10000,11000,,16,11298.310,9339.968,9367.862,10333.086
epoll,slack=1ns,10000,11000,,17,11133.100,9252.602,9533.072,10333.086
epoll,slack=1ns,10000,11000,,18,11319.571,9340.919,9346.601,10333.086
epoll,slack=1ns,10000,11000,,19,11313.710,9332.923,9352.462,10333.086
epoll,slack=1ns,10000,11000,,20,11400.914,9319.690,9265.258,10333.086
epoll,slack=1ns,10000,11000,,21,11312.197,9445.224,9353.975,10333.086
epoll,slack=1ns,10000,11000,,22,11314.471,9333.135,9351.701,10333.086
epoll,slack=1ns,10000,11000,,23,11089.949,9314.358,9576.223,10333.086
epoll,slack=1ns,10000,11000,,24,11329.791,9057.817,9336.381,10333.086
epoll,slack=1ns,10000,11000,,25,11318.417,9400.862,9347.755,10333.086
epoll,slack=1ns,10000,11000,,26,11316.555,9298.600,9349.617,10333.086
epoll,slack=1ns,10000,11000,,27,11425.038,9307.828,9241.134,10333.086
epoll,slack=1ns,10000,11000,,28,11287.250,9227.225,9378.922,10333.086
epoll,slack=1ns,10000,11000,,29,11281.157,9026.298,9385.015,10333.086
epoll,slack=1ns,10000,11000,,30,11313.189,9334.726,9352.983,10333.086
epoll,slack=1ns,10000,11000,,31,11357.683,9344.416,9308.489,10333.086
epoll,slack=1ns,10000,11000,,32,11314.361,9433.623,9351.811,10333.086
epoll,slack=1ns,10000,11000,,33,11124.163,8961.616,9542.009,10333.086
epoll,slack=1ns,10000,11000,,34,11298.892,9321.152,9367.280,10333.086
epoll,slack=1ns,10000,11000,,35,11402.687,9153.185,9263.485,10333.086
epoll,slack=1ns,10000,12000,,15,12360.398,8356.858,8301.102,10330.750
epoll,slack=1ns,10000,12000,,16,12331.294,8404.697,8330.206,10330.750
epoll,slack=1ns,10000,12000,,17,12361.891,8285.072,8299.609,10330.750
epoll,slack=1ns,10000,12000,,18,12375.718,8104.974,8285.782,10330.750
epoll,slack=1ns,10000,12000,,19,12315.383,8133.187,8346.117,10330.750
epoll,slack=1ns,10000,12000,,20,12344.287,8306.394,8317.213,10330.750
epoll,slack=1ns,10000,12000,,21,12400.041,8263.453,8261.459,10330.750
epoll,slack=1ns,10000,12000,,22,12372.781,8225.281,8288.719,10330.750
epoll,slack=1ns,10000,12000,,23,12336.091,8260.968,8325.409,10330.750
epoll,slack=1ns,10000,12000,,24,12336.313,8285.324,8325.187,10330.750
epoll,slack=1ns,10000,12000,,25,12343.455,8307.215,8318.045,10330.750
epoll,slack=1ns,10000,12000,,26,12333.076,8313.747,8328.424,10330.750
epoll,slack=1ns,10000,12000,,27,12373.023,8349.373,8288.477,10330.750
epoll,slack=1ns,10000,12000,,28,12338.046,8384.730,8323.454,10330.750
epoll,slack=1ns,10000,12000,,29,12091.122,8271.417,8570.378,10330.750
epoll,slack=1ns,10000,12000,,30,12335.110,8404.908,8326.390,10330.750
epoll,slack=1ns,10000,12000,,31,12337.505,8307.175,8323.995,10330.750
epoll,slack=1ns,10000,12000,,32,12131.367,8014.203,8530.133,10330.750
epoll,slack=1ns,10000,12000,,33,12307.328,8251.800,8354.172,10330.750
epoll,slack=1ns,10000,12000,,34,12086.463,8176.669,8575.037,10330.750
epoll,slack=1ns,10000,12000,,35,12327.576,8269.854,8333.924,10330.750
epoll,slack=1ns,10000,13000,,15,13320.332,7204.632,7343.872,10332.102
epoll,slack=1ns,10000,13000,,16,13354.067,7269.103,7310.137,10332.102
epoll,slack=1ns,10000,13000,,17,13373.602,7264.665,7290.602,10332.102
epoll,slack=1ns,10000,13000,,18,13340.121,7293.597,7324.083,10332.102
epoll,slack=1ns,10000,13000,,19,13095.451,7329.486,7568.753,10332.102
epoll,slack=1ns,10000,13000,,20,13339.579,6920.517,7324.625,10332.102
epoll,slack=1ns,10000,13000,,21,13315.354,7306.483,7348.850,10332.102
epoll,slack=1ns,10000,13000,,22,13342.205,7291.413,7321.999,10332.102
epoll,slack=1ns,10000,13000,,23,13345.131,7296.102,7319.073,10332.102
epoll,slack=1ns,10000,13000,,24,13341.133,7285.042,7323.071,10332.102
epoll,slack=1ns,10000,13000,,25,13438.395,7307.535,7225.809,10332.102
epoll,slack=1ns,10000,13000,,26,13342.666,7424.112,7321.538,10332.102
epoll,slack=1ns,10000,13000,,27,13429.881,7204.841,7234.323,10332.102
epoll,slack=1ns,10000,13000,,28,13421.994,7316.111,7242.210,10332.102
epoll,slack=1ns,10000,13000,,29,13097.995,7255.397,7566.209,10332.102
epoll,slack=1ns,10000,13000,,30,13144.583,7564.858,7519.621,10332.102
epoll,slack=1ns,10000,13000,,31,13339.990,7422.471,7324.214,10332.102
epoll,slack=1ns,10000,13000,,32,13339.959,7263.162,7324.245,10332.102
epoll,slack=1ns,10000,13000,,33,13452.502,7275.183,7211.702,10332.102
epoll,slack=1ns,10000,13000,,34,13342.316,7289.359,7321.888,10332.102
epoll,slack=1ns,10000,13000,,35,13342.206,7295.350,7321.998,10332.102
epoll,slack=1ns,10000,14000,,15,14369.447,6290.432,6294.977,10332.212
epoll,slack=1ns,10000,14000,,16,14340.742,6289.420,6323.682,10332.212
epoll,slack=1ns,10000,14000,,17,14374.146,6266.486,6290.278,10332.212
epoll,slack=1ns,10000,14000,,18,14336.584,6304.178,6327.840,10332.212
epoll,slack=1ns,10000,14000,,19,14403.411,6215.380,6261.013,10332.212
epoll,slack=1ns,10000,14000,,20,14346.915,6301.573,6317.509,10332.212
epoll,slack=1ns,10000,14000,,21,14344.839,6285.823,6319.585,10332.212
epoll,slack=1ns,10000,14000,,22,14349.229,6293.026,6315.195,10332.212
epoll,slack=1ns,10000,14000,,23,14344.651,6273.489,6319.773,10332.212
epoll,slack=1ns,10000,14000,,24,14401.558,6275.523,6262.866,10332.212
epoll,slack=1ns,10000,14000,,25,14346.112,6416.299,6318.312,10332.212
epoll,slack=1ns,10000,14000,,26,14341.865,6290.432,6322.559,10332.212
epoll,slack=1ns,10000,14000,,27,14345.201,6266.637,6319.223,10332.212
epoll,slack=1ns,10000,14000,,28,14343.948,6291.173,6320.476,10332.212
epoll,slack=1ns,10000,14000,,29,14342.437,6030.492,6321.987,10332.212
epoll,slack=1ns,10000,14000,,30,14337.426,6296.924,6326.998,10332.212
epoll,slack=1ns,10000,14000,,31,14345.742,6279.411,6318.682,10332.212
epoll,slack=1ns,10000,14000,,32,14316.668,6104.371,6347.756,10332.212
epoll,slack=1ns,10000,14000,,33,14380.568,6273.269,6283.856,10332.212
epoll,slack=1ns,10000,14000,,34,14345.782,6293.428,6318.642,10332.212
epoll,slack=1ns,10000,14000,,35,14340.682,6287.075,6323.742,10332.212
epoll,slack=1ns,10000,15000,,15,15349.449,5380.330,5313.755,10331.602
epoll,slack=1ns,10000,15000,,16,15349.380,5278.657,5313.824,10331.602
epoll,slack=1ns,10000,15000,,17,15120.560,5398.935,5542.644,10331.602
epoll,slack=1ns,10000,15000,,18,15346.564,5264.051,5316.640,10331.602
epoll,slack=1ns,10000,15000,,19,15381.469,5313.514,5281.735,10331.602
epoll,slack=1ns,10000,15000,,20,15347.907,5397.372,5315.297,10331.602
epoll,slack=1ns,10000,15000,,21,15347.175,5274.600,5316.029,10331.602
epoll,slack=1ns,10000,15000,,22,15458.846,5009.673,5204.358,10331.602
epoll,slack=1ns,10000,15000,,23,15335.694,5194.750,5327.510,10331.602
epoll,slack=1ns,10000,15000,,24,15336.435,5293.847,5326.769,10331.602
epoll,slack=1ns,10000,15000,,25,15348.789,5274.090,5314.415,10331.602
epoll,slack=1ns,10000,15000,,26,15352.995,5303.786,5310.209,10331.602
epoll,slack=1ns,10000,15000,,27,15345.032,5399.175,5318.172,10331.602
epoll,slack=1ns,10000,15000,,28,15350.732,5029.771,5312.472,10331.602
epoll,slack=1ns,10000,15000,,29,15314.403,5386.862,5348.801,10331.602
epoll,slack=1ns,10000,15000,,30,15349.038,5285.131,5314.166,10331.602
epoll,slack=1ns,10000,15000,,31,15439.950,5295.720,5223.254,10331.602
epoll,slack=1ns,10000,15000,,32,15343.779,5029.781,5319.425,10331.602
epoll,slack=1ns,10000,15000,,33,15297.742,5383.786,5365.462,10331.602
epoll,slack=1ns,10000,15000,,34,15341.014,5411.959,5322.190,10331.602
epoll,slack=1ns,10000,15000,,35,15345.522,5256.537,5317.682,10331.602
epoll,slack=1ns,10000,16000,,15,16106.986,4388.274,4558.944,10332.965
epoll,slack=1ns,10000,16000,,16,16349.070,4264.912,4316.860,10332.965
epoll,slack=1ns,10000,16000,,17,16430.674,4291.481,4235.256,10332.965
epoll,slack=1ns,10000,16000,,18,16345.665,4437.506,4320.265,10332.965
epoll,slack=1ns,10000,16000,,19,16386.552,4235.777,4279.378,10332.965
epoll,slack=1ns,10000,16000,,20,16423.389,4322.420,4242.541,10332.965
epoll,slack=1ns,10000,16000,,21,16350.484,4035.660,4315.446,10332.965
epoll,slack=1ns,10000,16000,,22,16354.421,4144.475,4311.509,10332.965
epoll,slack=1ns,10000,16000,,23,16351.947,4284.327,4313.983,10332.965
epoll,slack=1ns,10000,16000,,24,16347.599,4278.978,4318.331,10332.965
epoll,slack=1ns,10000,16000,,25,16337.779,3777.525,4328.151,10332.965
epoll,slack=1ns,10000,16000,,26,16345.113,4190.462,4320.817,10332.965
epoll,slack=1ns,10000,16000,,27,16261.276,4098.168,4404.654,10332.965
epoll,slack=1ns,10000,16000,,28,16359.509,4275.111,4306.421,10332.965
epoll,slack=1ns,10000,16000,,29,16350.023,4279.469,4315.907,10332.965
epoll,slack=1ns,10000,16000,,30,16350.904,4295.469,4315.026,10332.965
epoll,slack=1ns,10000,16000,,31,16351.095,4318.021,4314.835,10332.965
epoll,slack=1ns,10000,16000,,32,16439.250,4282.325,4226.680,10332.965
epoll,slack=1ns,10000,16000,,33,16378.875,4355.042,4287.055,10332.965
epoll,slack=1ns,10000,16000,,34,16355.884,4035.210,4310.046,10332.965
epoll,slack=1ns,10000,16000,,35,16312.612,4055.548,4353.318,10332.965
epoll,slack=1ns,10000,17000,,15,17085.746,3421.406,3586.614,10336.180
epoll,slack=1ns,10000,17000,,16,17310.047,3050.838,3362.313,10336.180
epoll,slack=1ns,10000,17000,,17,17378.816,3289.708,3293.544,10336.180
epoll,slack=1ns,10000,17000,,18,17343.370,3286.542,3328.990,10336.180
epoll,slack=1ns,10000,17000,,19,17467.924,3160.414,3204.436,10336.180
epoll,slack=1ns,10000,17000,,20,17363.018,3263.598,3309.342,10336.180
epoll,slack=1ns,10000,17000,,21,17352.717,3270.462,3319.643,10336.180
epoll,slack=1ns,10000,17000,,22,17352.337,3325.525,3320.023,10336.180
epoll,slack=1ns,10000,17000,,23,17340.134,3290.639,3332.226,10336.180
epoll,slack=1ns,10000,17000,,24,17486.789,3141.329,3185.571,10336.180
epoll,slack=1ns,10000,17000,,25,17101.175,3459.126,3571.185,10336.180
epoll,slack=1ns,10000,17000,,26,17365.743,3090.112,3306.617,10336.180
epoll,slack=1ns,10000,17000,,27,17345.323,3278.938,3327.037,10336.180
epoll,slack=1ns,10000,17000,,28,17111.454,3537.263,3560.906,10336.180
epoll,slack=1ns,10000,17000,,29,17350.974,3274.389,3321.386,10336.180
epoll,slack=1ns,10000,17000,,30,17353.740,3248.680,3318.620,10336.180
epoll,slack=1ns,10000,17000,,31,17277.666,3357.165,3394.694,10336.180
epoll,slack=1ns,10000,17000,,32,17352.527,3252.277,3319.833,10336.180
epoll,slack=1ns,10000,17000,,33,17450.291,3291.692,3222.069,10336.180
epoll,slack=1ns,10000,17000,,34,17350.343,3375.078,3322.017,10336.180
epoll,slack=1ns,10000,17000,,35,17064.275,3264.571,3608.085,10336.180
epoll,slack=1ns,10000,18000,,15,18278.920,2166.064,2384.242,10331.581
epoll,slack=1ns,10000,18000,,16,18321.941,2255.503,2341.221,10331.581
epoll,slack=1ns,10000,18000,,17,18359.883,2237.608,2303.279,10331.581
epoll,slack=1ns,10000,18000,,18,18362.758,2261.052,2300.404,10331.581
epoll,slack=1ns,10000,18000,,19,18383.769,2262.966,2279.393,10331.581
epoll,slack=1ns,10000,18000,,20,18363.299,2253.789,2299.863,10331.581
epoll,slack=1ns,10000,18000,,21,18362.307,2262.255,2300.855,10331.581
epoll,slack=1ns,10000,18000,,22,18371.124,2269.399,2292.038,10331.581
epoll,slack=1ns,10000,18000,,23,18364.270,2254.811,2298.892,10331.581
epoll,slack=1ns,10000,18000,,24,18425.387,2276.021,2237.775,10331.581
epoll,slack=1ns,10000,18000,,25,18146.280,2211.289,2516.882,10331.581
epoll,slack=1ns,10000,18000,,26,18313.225,2393.682,2349.937,10331.581
epoll,slack=1ns,10000,18000,,27,18362.458,2240.134,2300.704,10331.581
epoll,slack=1ns,10000,18000,,28,18084.164,2486.236,2578.998,10331.581
epoll,slack=1ns,10000,18000,,29,18349.693,2422.065,2313.469,10331.581
epoll,slack=1ns,10000,18000,,30,18349.003,2242.899,2314.159,10331.581
epoll,slack=1ns,10000,18000,,31,18397.613,2299.655,2265.549,10331.581
epoll,slack=1ns,10000,18000,,32,18362.188,2377.862,2300.974,10331.581
epoll,slack=1ns,10000,18000,,33,18389.838,2232.099,2273.324,10331.581
epoll,slack=1ns,10000,18000,,34,18458.599,1931.142,2204.563,10331.581
epoll,slack=1ns,10000,18000,,35,18301.724,2036.239,2361.438,10331.581
epoll,slack=1ns,10000,19000,,15,19373.288,1619.045,1276.614,10324.951
epoll,slack=1ns,10000,19000,,16,19372.707,1231.546,1277.195,10324.951
epoll,slack=1ns,10000,19000,,17,19385.591,1220.035,1264.311,10324.951
epoll,slack=1ns,10000,19000,,18,19300.291,1137.970,1349.611,10324.951
epoll,slack=1ns,10000,19000,,19,19365.554,1000.962,1284.348,10324.951
epoll,slack=1ns,10000,19000,,20,19361.898,1315.895,1288.004,10324.951
epoll,slack=1ns,10000,19000,,21,19375.652,1235.304,1274.250,10324.951
epoll,slack=1ns,10000,19000,,22,19102.799,1294.325,1547.103,10324.951
epoll,slack=1ns,10000,19000,,23,19336.960,1192.102,1312.942,10324.951
epoll,slack=1ns,10000,19000,,24,19364.933,1226.326,1284.969,10324.951
epoll,slack=1ns,10000,19000,,25,19351.296,1267.525,1298.606,10324.951
epoll,slack=1ns,10000,19000,,26,19370.232,1239.912,1279.670,10324.951
epoll,slack=1ns,10000,19000,,27,19336.610,1278.915,1313.292,10324.951
epoll,slack=1ns,10000,19000,,28,19098.963,1257.986,1550.939,10324.951
epoll,slack=1ns,10000,19000,,29,19386.102,1197.703,1263.800,10324.951
epoll,slack=1ns,10000,19000,,30,19103.269,1494.461,1546.633,10324.951
epoll,slack=1ns,10000,19000,,31,19362.227,1254.971,1287.675,10324.951
epoll,slack=1ns,10000,19000,,32,19357.720,1261.342,1292.182,10324.951
epoll,slack=1ns,10000,19000,,33,19384.429,1235.213,1265.473,10324.951
epoll,slack=1ns,10000,19000,,34,19361.035,1248.989,1288.867,10324.951
epoll,slack=1ns,10000,19000,,35,19367.888,1257.535,1282.014,10324.951
epoll,slack=1ns,10000,20000,,15,20348.262,7.845,316.502,10332.382
epoll,slack=1ns,10000,20000,,16,20331.540,39.945,333.224,10332.382
epoll,slack=1ns,10000,20000,,17,20476.743,26.260,188.021,10332.382
epoll,slack=1ns,10000,20000,,18,20327.995,10313.296,336.769,10332.382
epoll,slack=1ns,10000,20000,,19,20429.374,28.504,235.390,10332.382
epoll,slack=1ns,10000,20000,,20,20067.565,300.976,597.199,10332.382
epoll,slack=1ns,10000,20000,,21,20330.378,10367.400,334.386,10332.382
epoll,slack=1ns,10000,20000,,22,20314.158,10314.430,350.606,10332.382
epoll,slack=1ns,10000,20000,,23,20476.493,9.598,188.271,10332.382
epoll,slack=1ns,10000,20000,,24,20306.112,70.983,358.652,10332.382
epoll,slack=1ns,10000,20000,,25,20332.402,48.100,332.362,10332.382
epoll,slack=1ns,10000,20000,,26,20344.156,33.683,320.608,10332.382
epoll,slack=1ns,10000,20000,,27,20326.872,39.484,337.892,10332.382
epoll,slack=1ns,10000,20000,,28,20329.516,48.341,335.248,10332.382
epoll,slack=1ns,10000,20000,,29,20160.889,214.744,503.875,10332.382
epoll,slack=1ns,10000,20000,,30,20327.524,134.323,337.240,10332.382
epoll,slack=1ns,10000,20000,,31,20342.881,34.124,321.883,10332.382
epoll,slack=1ns,10000,20000,,32,20327.724,32.461,337.040,10332.382
epoll,slack=1ns,10000,20000,,33,20328.565,18.845,336.199,10332.382
epoll,slack=1ns,10000,20000,,34,20314.609,20.939,350.155,10332.382
epoll,slack=1ns,10000,20000,,35,20329.486,46.227,335.278,10332.382
epoll,slack=1ns,10000,21000,,15,21296.104,9691.059,9705.770,10333.958
epoll,slack=1ns,10000,21000,,16,21290.786,9723.138,9711.088,10333.958
epoll,slack=1ns,10000,21000,,17,21319.578,9748.677,9682.296,10333.958
epoll,slack=1ns,10000,21000,,18,21310.200,9652.716,9691.674,10333.958
epoll,slack=1ns,10000,21000,,19,21079.740,9895.272,9922.134,10333.958
epoll,slack=1ns,10000,21000,,20,21306.144,9381.285,9695.730,10333.958
epoll,slack=1ns,10000,21000,,21,21438.252,9435.106,9563.622,10333.958
epoll,slack=1ns,10000,21000,,22,21289.073,9679.015,9712.801,10333.958
epoll,slack=1ns,10000,21000,,23,21289.352,9636.836,9712.522,10333.958
epoll,slack=1ns,10000,21000,,24,21286.426,9772.491,9715.448,10333.958
epoll,slack=1ns,10000,21000,,25,21311.896,9415.028,9689.978,10333.958
epoll,slack=1ns,10000,21000,,26,21294.562,9752.393,9707.312,10333.958
epoll,slack=1ns,10000,21000,,27,21234.279,9649.169,9767.595,10333.958
epoll,slack=1ns,10000,21000,,28,21286.738,9654.189,9715.136,10333.958
epoll,slack=1ns,10000,21000,,29,21291.425,9675.228,9710.449,10333.958
epoll,slack=1ns,10000,21000,,30,21285.346,9767.370,9716.528,10333.958
epoll,slack=1ns,10000,21000,,31,21284.354,9764.716,9717.520,10333.958
epoll,slack=1ns,10000,21000,,32,21454.322,9056.715,9547.552,10333.958
epoll,slack=1ns,10000,21000,,33,21116.127,9506.150,9885.747,10333.958
epoll,slack=1ns,10000,21000,,34,21100.688,9632.087,9901.186,10333.958
epoll,slack=1ns,10000,21000,,35,21340.958,9648.959,9660.916,10333.958
epoll,slack=1ns,10000,22000,,15,22086.543,8294.962,8909.643,10332.062
epoll,slack=1ns,10000,22000,,16,22323.718,8595.876,8672.468,10332.062
epoll,slack=1ns,10000,22000,,17,22119.646,8036.075,8876.540,10332.062
epoll,slack=1ns,10000,22000,,18,22048.290,8013.663,8947.896,10332.062
epoll,slack=1ns,10000,22000,,19,22022.541,8041.986,8973.645,10332.062
epoll,slack=1ns,10000,22000,,20,22049.032,8003.133,8947.154,10332.062
epoll,slack=1ns,10000,22000,,21,22047.328,8359.393,8948.858,10332.062
epoll,slack=1ns,10000,22000,,22,22341.371,8700.745,8654.815,10332.062
epoll,slack=1ns,10000,22000,,23,22337.894,8722.246,8658.292,10332.062
epoll,slack=1ns,10000,22000,,24,22342.133,8307.545,8654.053,10332.062
epoll,slack=1ns,10000,22000,,25,22088.095,8705.253,8908.091,10332.062
epoll,slack=1ns,10000,22000,,26,22335.030,8406.191,8661.156,10332.062
epoll,slack=1ns,10000,22000,,27,22327.495,8723.498,8668.691,10332.062
epoll,slack=1ns,10000,22000,,28,22339.267,8709.491,8656.919,10332.062
epoll,slack=1ns,10000,22000,,29,22338.676,8734.859,8657.510,10332.062
epoll,slack=1ns,10000,22000,,30,22335.371,8709.462,8660.815,10332.062
epoll,slack=1ns,10000,22000,,31,22340.079,8367.188,8656.107,10332.062
epoll,slack=1ns,10000,22000,,32,22082.604,8027.278,8913.582,10332.062
epoll,slack=1ns,10000,22000,,33,22423.115,8455.203,8573.071,10332.062
epoll,slack=1ns,10000,22000,,34,22347.532,8612.219,8648.654,10332.062
epoll,slack=1ns,10000,22000,,35,22353.575,8604.003,8642.611,10332.062
epoll,slack=1ns,10000,23000,,15,23426.613,7597.139,7547.727,10324.780
epoll,slack=1ns,10000,23000,,16,23448.733,7377.456,7525.607,10324.780
epoll,slack=1ns,10000,23000,,17,23329.110,7377.316,7645.230,10324.780
epoll,slack=1ns,10000,23000,,18,23312.036,7637.306,7662.304,10324.780
epoll,slack=1ns,10000,23000,,19,23341.241,7360.414,7633.099,10324.780
epoll,slack=1ns,10000,23000,,20,23340.010,7365.684,7634.330,10324.780
epoll,slack=1ns,10000,23000,,21,23344.808,7572.263,7629.532,10324.780
epoll,slack=1ns,10000,23000,,22,23313.930,7717.466,7660.410,10324.780
epoll,slack=1ns,10000,23000,,23,23109.897,7588.282,7864.443,10324.780
epoll,slack=1ns,10000,23000,,24,23399.502,7331.489,7574.838,10324.780
epoll,slack=1ns,10000,23000,,25,23338.576,7580.278,7635.764,10324.780
epoll,slack=1ns,10000,23000,,26,23317.428,7579.035,7656.912,10324.780
epoll,slack=1ns,10000,23000,,27,23359.486,7640.591,7614.854,10324.780
epoll,slack=1ns,10000,23000,,28,23345.109,7589.816,7629.231,10324.780
epoll,slack=1ns,10000,23000,,29,23099.868,7491.380,7874.472,10324.780
epoll,slack=1ns,10000,23000,,30,23071.405,7624.942,7902.935,10324.780
epoll,slack=1ns,10000,23000,,31,23339.236,7343.172,7635.104,10324.780
epoll,slack=1ns,10000,23000,,32,23422.386,7566.351,7551.954,10324.780
epoll,slack=1ns,10000,23000,,33,23492.486,7360.043,7481.854,10324.780
epoll,slack=1ns,10000,23000,,34,23336.844,7683.030,7637.496,10324.780
epoll,slack=1ns,10000,23000,,35,23341.063,7440.634,7633.277,10324.780
epoll,slack=1ns,10000,24000,,15,24345.580,6610.343,6648.689,10331.423
epoll,slack=1ns,10000,24000,,16,24344.969,6613.047,6649.300,10331.423
epoll,slack=1ns,10000,24000,,17,24523.035,6146.580,6471.234,10331.423
epoll,slack=1ns,10000,24000,,18,24398.841,6568.485,6595.428,10331.423
epoll,slack=1ns,10000,24000,,19,24351.931,6604.703,6642.338,10331.423
epoll,slack=1ns,10000,24000,,20,24345.960,6575.838,6648.309,10331.423
epoll,slack=1ns,10000,24000,,21,24335.321,6719.288,6658.948,10331.423
epoll,slack=1ns,10000,24000,,22,24339.178,6709.830,6655.091,10331.423
epoll,slack=1ns,10000,24000,,23,24341.553,6702.316,6652.716,10331.423
epoll,slack=1ns,10000,24000,,24,24320.573,6453.978,6673.696,10331.423
epoll,slack=1ns,10000,24000,,25,24342.575,6591.779,6651.694,10331.423
epoll,slack=1ns,10000,24000,,26,24343.155,6580.676,6651.114,10331.423
epoll,slack=1ns,10000,24000,,27,24347.545,6552.945,6646.724,10331.423
epoll,slack=1ns,10000,24000,,28,24347.764,6607.047,6646.505,10331.423
epoll,slack=1ns,10000,24000,,29,24349.207,6620.632,6645.062,10331.423
epoll,slack=1ns,10000,24000,,30,24345.229,6405.859,6649.040,10331.423
epoll,slack=1ns,10000,24000,,31,24390.594,6598.311,6603.675,10331.423
epoll,slack=1ns,10000,24000,,32,24342.173,6553.537,6652.096,10331.423
epoll,slack=1ns,10000,24000,,33,24366.980,6561.741,6627.289,10331.423
epoll,slack=1ns,10000,24000,,34,24356.741,6564.317,6637.528,10331.423
epoll,slack=1ns,10000,24000,,35,24462.660,6499.795,6531.609,10331.423
epoll,slack=1ns,10000,25000,,15,25427.185,5579.945,5583.578,10336.921
epoll,slack=1ns,10000,25000,,16,25348.708,5684.763,5662.055,10336.921
epoll,slack=1ns,10000,25000,,17,25481.707,5229.887,5529.056,10336.921
epoll,slack=1ns,10000,25000,,18,25334.060,5625.782,5676.703,10336.921
epoll,slack=1ns,10000,25000,,19,25345.801,5695.943,5664.962,10336.921
epoll,slack=1ns,10000,25000,,20,25348.257,5630.210,5662.506,10336.921
epoll,slack=1ns,10000,25000,,21,25345.592,5285.491,5665.171,10336.921
epoll,slack=1ns,10000,25000,,22,25352.916,5445.142,5657.847,10336.921
epoll,slack=1ns,10000,25000,,23,25344.519,5552.042,5666.244,10336.921
epoll,slack=1ns,10000,25000,,24,25354.860,5592.860,5655.903,10336.921
epoll,slack=1ns,10000,25000,,25,25363.776,5335.965,5646.987,10336.921
epoll,slack=1ns,10000,25000,,26,25119.838,5722.032,5890.925,10336.921
epoll,slack=1ns,10000,25000,,27,25352.054,5355.283,5658.709,10336.921
epoll,slack=1ns,10000,25000,,28,25342.576,5611.385,5668.187,10336.921
epoll,slack=1ns,10000,25000,,29,25347.013,5714.088,5663.750,10336.921
epoll,slack=1ns,10000,25000,,30,25346.964,5711.182,5663.799,10336.921
epoll,slack=1ns,10000,25000,,31,25345.111,5334.444,5665.652,10336.921
epoll,slack=1ns,10000,25000,,32,25425.050,5439.812,5585.713,10336.921
epoll,slack=1ns,10000,25000,,33,25375.638,5561.431,5635.125,10336.921
epoll,slack=1ns,10000,25000,,34,25079.020,5679.944,5931.743,10336.921
epoll,slack=1ns,10000,25000,,35,25321.326,5606.866,5689.437,10336.921
epoll,slack=1ns,10000,26000,,15,26284.958,4357.285,4715.443,10333.467
epoll,slack=1ns,10000,26000,,16,26390.266,4310.708,4610.135,10333.467
epoll,slack=1ns,10000,26000,,17,26124.616,4869.899,4875.785,10333.467
epoll,slack=1ns,10000,26000,,18,26373.274,4445.812,4627.127,10333.467
epoll,slack=1ns,10000,26000,,19,26351.112,4691.023,4649.289,10333.467
epoll,slack=1ns,10000,26000,,20,26344.620,4479.014,4655.781,10333.467
epoll,slack=1ns,10000,26000,,21,26350.571,4591.606,4649.830,10333.467
epoll,slack=1ns,10000,26000,,22,26429.439,4561.389,4570.962,10333.467
epoll,slack=1ns,10000,26000,,23,26366.331,4553.204,4634.070,10333.467
epoll,slack=1ns,10000,26000,,24,26336.925,4048.955,4663.476,10333.467
epoll,slack=1ns,10000,26000,,25,26345.031,5030.872,4655.370,10333.467
epoll,slack=1ns,10000,26000,,26,26363.927,4619.768,4636.474,10333.467
epoll,slack=1ns,10000,26000,,27,26227.931,4458.064,4772.470,10333.467
epoll,slack=1ns,10000,26000,,28,26422.788,4036.802,4577.613,10333.467
epoll,slack=1ns,10000,26000,,29,26352.074,4692.065,4648.327,10333.467
epoll,slack=1ns,10000,26000,,30,26348.428,4689.740,4651.973,10333.467
epoll,slack=1ns,10000,26000,,31,26313.451,4080.745,4686.950,10333.467
epoll,slack=1ns,10000,26000,,32,26350.662,4221.430,4649.739,10333.467
epoll,slack=1ns,10000,26000,,33,26376.530,4571.047,4623.871,10333.467
epoll,slack=1ns,10000,26000,,34,26354.428,4596.425,4645.973,10333.467
epoll,slack=1ns,10000,26000,,35,26450.860,4587.948,4549.541,10333.467
epoll,slack=1ns,10000,27000,,15,27348.778,3039.527,3641.486,10330.088
epoll,slack=1ns,10000,27000,,16,27333.290,3375.468,3656.974,10330.088
epoll,slack=1ns,10000,27000,,17,27378.786,3508.579,3611.478,10330.088
epoll,slack=1ns,10000,27000,,18,27094.801,3848.688,3895.463,10330.088
epoll,slack=1ns,10000,27000,,19,27361.062,3583.601,3629.202,10330.088
epoll,slack=1ns,10000,27000,,20,27356.413,3587.638,3633.851,10330.088
epoll,slack=1ns,10000,27000,,21,27349.510,3423.519,3640.754,10330.088
epoll,slack=1ns,10000,27000,,22,27335.424,3300.908,3654.840,10330.088
epoll,slack=1ns,10000,27000,,23,27420.123,3556.329,3570.141,10330.088
epoll,slack=1ns,10000,27000,,24,27359.539,3202.313,3630.725,10330.088
epoll,slack=1ns,10000,27000,,25,27305.968,3734.594,3684.296,10330.088
epoll,slack=1ns,10000,27000,,26,27311.559,3509.781,3678.705,10330.088
epoll,slack=1ns,10000,27000,,27,27353.117,3577.339,3637.147,10330.088
epoll,slack=1ns,10000,27000,,28,27103.918,3625.199,3886.346,10330.088
epoll,slack=1ns,10000,27000,,29,27134.746,3811.238,3855.518,10330.088
epoll,slack=1ns,10000,27000,,30,27344.030,3313.753,3646.234,10330.088
epoll,slack=1ns,10000,27000,,31,27352.225,3588.169,3638.039,10330.088
epoll,slack=1ns,10000,27000,,32,27096.855,3602.215,3893.409,10330.088
epoll,slack=1ns,10000,27000,,33,27375.619,3639.486,3614.645,10330.088
epoll,slack=1ns,10000,27000,,34,27351.263,3703.126,3639.001,10330.088
epoll,slack=1ns,10000,27000,,35,27100.381,3656.788,3889.883,10330.088
epoll,slack=1ns,10000,28000,,15,28341.636,2340.212,2666.547,10336.061
epoll,slack=1ns,10000,28000,,16,28360.703,2545.648,2647.480,10336.061
epoll,slack=1ns,10000,28000,,17,28244.043,2784.578,2764.140,10336.061
epoll,slack=1ns,10000,28000,,18,28353.328,2705.549,2654.855,10336.061
epoll,slack=1ns,10000,28000,,19,28355.613,2440.971,2652.570,10336.061
epoll,slack=1ns,10000,28000,,20,28329.575,2246.195,2678.608,10336.061
epoll,slack=1ns,10000,28000,,21,28366.162,2574.983,2642.021,10336.061
epoll,slack=1ns,10000,28000,,22,28359.521,2581.045,2648.662,10336.061
epoll,slack=1ns,10000,28000,,23,28354.911,2682.526,2653.272,10336.061
epoll,slack=1ns,10000,28000,,24,28352.146,2710.218,2656.037,10336.061
epoll,slack=1ns,10000,28000,,25,28353.629,2707.042,2654.554,10336.061
epoll,slack=1ns,10000,28000,,26,28102.627,2509.150,2905.556,10336.061
epoll,slack=1ns,10000,28000,,27,28407.621,2343.247,2600.562,10336.061
epoll,slack=1ns,10000,28000,,28,28359.049,2546.390,2649.134,10336.061
epoll,slack=1ns,10000,28000,,29,28360.091,2607.675,2648.092,10336.061
epoll,slack=1ns,10000,28000,,30,28344.342,2706.611,2663.841,10336.061
epoll,slack=1ns,10000,28000,,31,28349.281,2570.365,2658.902,10336.061
epoll,slack=1ns,10000,28000,,32,28357.797,2588.178,2650.386,10336.061
epoll,slack=1ns,10000,28000,,33,28127.765,2235.765,2880.418,10336.061
epoll,slack=1ns,10000,28000,,34,28349.361,2368.285,2658.822,10336.061
epoll,slack=1ns,10000,28000,,35,28355.192,2687.986,2652.991,10336.061
epoll,slack=1ns,10000,29000,,15,29350.614,1692.414,1622.643,10324.419
epoll,slack=1ns,10000,29000,,16,29082.018,1564.303,1891.239,10324.419
epoll,slack=1ns,10000,29000,,17,29333.531,1629.645,1639.726,10324.419
epoll,slack=1ns,10000,29000,,18,29362.396,1590.061,1610.861,10324.419
epoll,slack=1ns,10000,29000,,19,29429.032,1571.546,1544.225,10324.419
epoll,slack=1ns,10000,29000,,20,29483.874,1561.247,1489.383,10324.419
epoll,slack=1ns,10000,29000,,21,29373.487,1587.395,1599.770,10324.419
epoll,slack=1ns,10000,29000,,22,29367.736,1565.094,1605.521,10324.419
epoll,slack=1ns,10000,29000,,23,29108.849,1678.577,1864.408,10324.419
epoll,slack=1ns,10000,29000,,24,29319.486,1732.999,1653.771,10324.419
epoll,slack=1ns,10000,29000,,25,29336.998,1641.468,1636.259,10324.419
epoll,slack=1ns,10000,29000,,26,29348.991,1692.794,1624.266,10324.419
epoll,slack=1ns,10000,29000,,27,29364.910,1565.765,1608.347,10324.419
epoll,slack=1ns,10000,29000,,28,29364.730,1551.648,1608.527,10324.419
epoll,slack=1ns,10000,29000,,29,29377.826,1575.974,1595.431,10324.419
epoll,slack=1ns,10000,29000,,30,29444.632,1328.879,1528.625,10324.419
epoll,slack=1ns,10000,29000,,31,29396.471,1631.919,1576.786,10324.419
epoll,slack=1ns,10000,29000,,32,29344.141,1722.610,1629.116,10324.419
epoll,slack=1ns,10000,29000,,33,29391.290,1624.756,1581.967,10324.419
epoll,slack=1ns,10000,29000,,34,29363.148,1584.780,1610.109,10324.419
epoll,slack=1ns,10000,29000,,35,29337.740,1260.401,1635.517,10324.419
epoll,slack=1ns,10000,30000,,15,30342.330,348.155,666.900,10336.410
epoll,slack=1ns,10000,30000,,16,30297.205,503.346,712.025,10336.410
epoll,slack=1ns,10000,30000,,17,30366.495,512.414,642.735,10336.410
epoll,slack=1ns,10000,30000,,18,30352.889,465.656,656.341,10336.410
epoll,slack=1ns,10000,30000,,19,30315.960,736.335,693.270,10336.410
epoll,slack=1ns,10000,30000,,20,30366.976,718.421,642.254,10336.410
epoll,slack=1ns,10000,30000,,21,30372.286,705.668,636.944,10336.410
epoll,slack=1ns,10000,30000,,22,30371.583,693.555,637.647,10336.410
epoll,slack=1ns,10000,30000,,23,30370.613,323.688,638.617,10336.410
epoll,slack=1ns,10000,30000,,24,30322.844,526.771,686.386,10336.410
epoll,slack=1ns,10000,30000,,25,30106.346,581.754,902.884,10336.410
epoll,slack=1ns,10000,30000,,26,30496.148,518.465,513.082,10336.410
epoll,slack=1ns,10000,30000,,27,30373.518,664.410,635.712,10336.410
epoll,slack=1ns,10000,30000,,28,30344.724,693.665,664.506,10336.410
epoll,slack=1ns,10000,30000,,29,30371.434,708.282,637.796,10336.410
epoll,slack=1ns,10000,30000,,30,30371.335,695.528,637.895,10336.410
epoll,slack=1ns,10000,30000,,31,30369.711,692.262,639.519,10336.410
epoll,slack=1ns,10000,30000,,32,30285.433,122.981,723.797,10336.410
epoll,slack=1ns,10000,30000,,33,30352.007,507.264,657.223,10336.410
epoll,slack=1ns,10000,30000,,34,30417.892,485.353,591.338,10336.410
epoll,slack=1ns,10000,30000,,35,30355.214,680.209,654.016,10336.410
io_uring,slack=1ns,1000,100,,15,113.613,897.348,893.171,1006.784
io_uring,slack=1ns,1000,100,,16,112.752,893.942,894.032,1006.784
io_uring,slack=1ns,1000,100,,17,116.719,890.054,890.065,1006.784
io_uring,slack=1ns,1000,100,,18,112.782,893.982,894.002,1006.784
io_uring,slack=1ns,1000,100,,19,112.862,894.182,893.922,1006.784
io_uring,slack=1ns,1000,100,,20,113.353,893.671,893.431,1006.784
io_uring,slack=1ns,1000,100,,21,112.652,894.462,894.132,1006.784
io_uring,slack=1ns,1000,100,,22,113.474,894.021,893.310,1006.784
io_uring,slack=1ns,1000,100,,23,113.303,893.741,893.481,1006.784
io_uring,slack=1ns,1000,100,,24,112.692,894.342,894.092,1006.784
io_uring,slack=1ns,1000,100,,25,113.524,893.661,893.260,1006.784
io_uring,slack=1ns,1000,100,,26,113.183,893.590,893.601,1006.784
io_uring,slack=1ns,1000,100,,27,112.813,894.432,893.971,1006.784
io_uring,slack=1ns,1000,100,,28,113.423,893.761,893.361,1006.784
io_uring,slack=1ns,1000,100,,29,112.702,894.112,894.082,1006.784
io_uring,slack=1ns,1000,100,,30,112.902,894.142,893.882,1006.784
io_uring,slack=1ns,1000,100,,31,113.373,893.641,893.411,1006.784
io_uring,slack=1ns,1000,100,,32,112.632,894.072,894.152,1006.784
io_uring,slack=1ns,1000,100,,33,121.198,885.645,885.586,1006.784
io_uring,slack=1ns,1000,100,,34,112.061,894.623,894.723,1006.784
io_uring,slack=1ns,1000,100,,35,112.532,894.232,894.252,1006.784
io_uring,slack=1ns,1000,200,,15,212.791,794.464,794.113,1006.904
io_uring,slack=1ns,1000,200,,16,213.361,793.583,793.543,1006.904
io_uring,slack=1ns,1000,200,,17,215.726,791.128,791.178,1006.904
io_uring,slack=1ns,1000,200,,18,212.840,793.923,794.064,1006.904
io_uring,slack=1ns,1000,200,,19,212.710,794.104,794.194,1006.904
io_uring,slack=1ns,1000,200,,20,212.720,794.093,794.184,1006.904
io_uring,slack=1ns,1000,200,,21,212.590,794.585,794.314,1006.904
io_uring,slack=1ns,1000,200,,22,213.291,793.763,793.613,1006.904
io_uring,slack=1ns,1000,200,,23,212.620,794.634,794.284,1006.904
io_uring,slack=1ns,1000,200,,24,213.211,793.783,793.693,1006.904
io_uring,slack=1ns,1000,200,,25,212.640,794.184,794.264,1006.904
io_uring,slack=1ns,1000,200,,26,212.680,794.504,794.224,1006.904
io_uring,slack=1ns,1000,200,,27,213.332,793.773,793.572,1006.904
io_uring,slack=1ns,1000,200,,28,212.780,794.354,794.124,1006.904
io_uring,slack=1ns,1000,200,,29,213.451,793.613,793.453,1006.904
io_uring,slack=1ns,1000,200,,30,212.670,794.134,794.234,1006.904
io_uring,slack=1ns,1000,200,,31,212.669,794.174,794.235,1006.904
io_uring,slack=1ns,1000,200,,32,212.690,794.064,794.214,1006.904
io_uring,slack=1ns,1000,200,,33,216.797,790.247,790.107,1006.904
io_uring,slack=1ns,1000,200,,34,213.391,793.693,793.513,1006.904
io_uring,slack=1ns,1000,200,,35,212.710,794.104,794.194,1006.904
io_uring,slack=1ns,1000,300,,15,312.658,694.717,694.597,1007.255
io_uring,slack=1ns,1000,300,,16,313.249,694.076,694.006,1007.255
io_uring,slack=1ns,1000,300,,17,315.914,691.420,691.341,1007.255
io_uring,slack=1ns,1000,300,,18,312.869,693.965,694.386,1007.255
io_uring,slack=1ns,1000,300,,19,312.868,694.196,694.387,1007.255
io_uring,slack=1ns,1000,300,,20,312.658,694.757,694.597,1007.255
io_uring,slack=1ns,1000,300,,21,313.289,694.106,693.966,1007.255
io_uring,slack=1ns,1000,300,,22,313.289,693.975,693.966,1007.255
io_uring,slack=1ns,1000,300,,23,312.648,694.677,694.607,1007.255
io_uring,slack=1ns,1000,300,,24,313.289,693.995,693.966,1007.255
io_uring,slack=1ns,1000,300,,25,312.658,694.697,694.597,1007.255
io_uring,slack=1ns,1000,300,,26,313.340,694.045,693.915,1007.255
io_uring,slack=1ns,1000,300,,27,312.798,694.857,694.457,1007.255
io_uring,slack=1ns,1000,300,,28,313.490,694.145,693.765,1007.255
io_uring,slack=1ns,1000,300,,29,312.769,694.396,694.486,1007.255
io_uring,slack=1ns,1000,300,,30,312.698,694.436,694.557,1007.255
io_uring,slack=1ns,1000,300,,31,312.658,694.747,694.597,1007.255
io_uring,slack=1ns,1000,300,,32,313.299,693.965,693.956,1007.255
io_uring,slack=1ns,1000,300,,33,317.548,689.537,689.707,1007.255
io_uring,slack=1ns,1000,300,,34,312.968,694.146,694.287,1007.255
io_uring,slack=1ns,1000,300,,35,312.758,694.346,694.497,1007.255
io_uring,slack=1ns,1000,400,,15,412.816,594.388,594.459,1007.275
io_uring,slack=1ns,1000,400,,16,413.127,594.038,594.148,1007.275
io_uring,slack=1ns,1000,400,,17,421.282,586.543,585.993,1007.275
io_uring,slack=1ns,1000,400,,18,412.877,594.187,594.398,1007.275
io_uring,slack=1ns,1000,400,,19,413.077,594.719,594.198,1007.275
io_uring,slack=1ns,1000,400,,20,412.957,594.117,594.318,1007.275
io_uring,slack=1ns,1000,400,,21,412.796,594.178,594.479,1007.275
io_uring,slack=1ns,1000,400,,22,412.646,594.518,594.629,1007.275
io_uring,slack=1ns,1000,400,,23,412.726,594.358,594.549,1007.275
io_uring,slack=1ns,1000,400,,24,412.907,594.087,594.368,1007.275
io_uring,slack=1ns,1000,400,,25,412.817,594.147,594.458,1007.275
io_uring,slack=1ns,1000,400,,26,412.807,594.267,594.468,1007.275
io_uring,slack=1ns,1000,400,,27,412.887,593.927,594.388,1007.275
io_uring,slack=1ns,1000,400,,28,412.666,594.388,594.609,1007.275
io_uring,slack=1ns,1000,400,,29,412.847,594.327,594.428,1007.275
io_uring,slack=1ns,1000,400,,30,414.139,592.916,593.136,1007.275
io_uring,slack=1ns,1000,400,,31,413.067,594.378,594.208,1007.275
io_uring,slack=1ns,1000,400,,32,413.177,594.037,594.098,1007.275
io_uring,slack=1ns,1000,400,,33,417.756,589.278,589.519,1007.275
io_uring,slack=1ns,1000,400,,34,413.357,593.567,593.918,1007.275
io_uring,slack=1ns,1000,400,,35,412.776,594.308,594.499,1007.275
io_uring,slack=1ns,1000,500,,15,512.694,494.320,494.681,1007.375
io_uring,slack=1ns,1000,500,,16,512.714,494.100,494.661,1007.375
io_uring,slack=1ns,1000,500,,17,515.169,491.925,492.206,1007.375
io_uring,slack=1ns,1000,500,,18,512.744,494.340,494.631,1007.375
io_uring,slack=1ns,1000,500,,19,513.235,494.310,494.140,1007.375
io_uring,slack=1ns,1000,500,,20,513.075,494.099,494.300,1007.375
io_uring,slack=1ns,1000,500,,21,512.965,494.260,494.410,1007.375
io_uring,slack=1ns,1000,500,,22,512.634,494.881,494.741,1007.375
io_uring,slack=1ns,1000,500,,23,513.175,494.199,494.200,1007.375
io_uring,slack=1ns,1000,500,,24,513.035,494.360,494.340,1007.375
io_uring,slack=1ns,1000,500,,25,513.055,493.899,494.320,1007.375
io_uring,slack=1ns,1000,500,,26,512.795,494.981,494.580,1007.375
io_uring,slack=1ns,1000,500,,27,513.024,494.110,494.351,1007.375
io_uring,slack=1ns,1000,500,,28,513.065,493.939,494.310,1007.375
io_uring,slack=1ns,1000,500,,29,512.804,494.029,494.571,1007.375
io_uring,slack=1ns,1000,500,,30,512.745,493.969,494.630,1007.375
io_uring,slack=1ns,1000,500,,31,512.694,494.069,494.681,1007.375
io_uring,slack=1ns,1000,500,,32,512.985,494.090,494.390,1007.375
io_uring,slack=1ns,1000,500,,33,518.715,488.349,488.660,1007.375
io_uring,slack=1ns,1000,500,,34,512.073,494.620,495.302,1007.375
io_uring,slack=1ns,1000,500,,35,512.835,493.879,494.540,1007.375
io_uring,slack=1ns,1000,600,,15,612.632,394.131,394.122,1006.754
io_uring,slack=1ns,1000,600,,16,612.062,395.283,394.692,1006.754
io_uring,slack=1ns,1000,600,,17,615.568,391.446,391.186,1006.754
io_uring,slack=1ns,1000,600,,18,611.921,394.913,394.833,1006.754
io_uring,slack=1ns,1000,600,,19,611.770,395.003,394.984,1006.754
io_uring,slack=1ns,1000,600,,20,611.681,395.413,395.073,1006.754
io_uring,slack=1ns,1000,600,,21,612.593,394.552,394.161,1006.754
io_uring,slack=1ns,1000,600,,22,611.800,394.943,394.954,1006.754
io_uring,slack=1ns,1000,600,,23,611.691,395.333,395.063,1006.754
io_uring,slack=1ns,1000,600,,24,612.472,394.592,394.282,1006.754
io_uring,slack=1ns,1000,600,,25,611.871,395.164,394.883,1006.754
io_uring,slack=1ns,1000,600,,26,612.391,394.923,394.363,1006.754
io_uring,slack=1ns,1000,600,,27,612.713,394.321,394.041,1006.754
io_uring,slack=1ns,1000,600,,28,611.811,394.883,394.943,1006.754
io_uring,slack=1ns,1000,600,,29,611.911,394.942,394.843,1006.754
io_uring,slack=1ns,1000,600,,30,611.801,394.923,394.953,1006.754
io_uring,slack=1ns,1000,600,,31,611.781,395.253,394.973,1006.754
io_uring,slack=1ns,1000,600,,32,612.482,394.602,394.272,1006.754
io_uring,slack=1ns,1000,600,,33,616.870,389.904,389.884,1006.754
io_uring,slack=1ns,1000,600,,34,611.861,394.882,394.893,1006.754
io_uring,slack=1ns,1000,600,,35,611.791,394.993,394.963,1006.754
io_uring,slack=1ns,1000,700,,15,712.881,293.903,293.903,1006.784
io_uring,slack=1ns,1000,700,,16,712.670,294.154,294.114,1006.784
io_uring,slack=1ns,1000,700,,17,716.137,290.606,290.647,1006.784
io_uring,slack=1ns,1000,700,,18,713.031,293.953,293.753,1006.784
io_uring,slack=1ns,1000,700,,19,712.931,293.913,293.853,1006.784
io_uring,slack=1ns,1000,700,,20,711.949,294.854,294.835,1006.784
io_uring,slack=1ns,1000,700,,21,711.799,294.925,294.985,1006.784
io_uring,slack=1ns,1000,700,,22,711.879,294.895,294.905,1006.784
io_uring,slack=1ns,1000,700,,23,712.149,294.815,294.635,1006.784
io_uring,slack=1ns,1000,700,,24,712.129,294.875,294.655,1006.784
io_uring,slack=1ns,1000,700,,25,711.638,295.115,295.146,1006.784
io_uring,slack=1ns,1000,700,,26,713.723,293.061,293.061,1006.784
io_uring,slack=1ns,1000,700,,27,711.809,294.914,294.975,1006.784
io_uring,slack=1ns,1000,700,,28,711.749,295.035,295.035,1006.784
io_uring,slack=1ns,1000,700,,29,712.260,294.774,294.524,1006.784
io_uring,slack=1ns,1000,700,,30,712.470,294.955,294.314,1006.784
io_uring,slack=1ns,1000,700,,31,711.969,294.935,294.815,1006.784
io_uring,slack=1ns,1000,700,,32,711.749,295.065,295.035,1006.784
io_uring,slack=1ns,1000,700,,33,716.718,290.045,290.066,1006.784
io_uring,slack=1ns,1000,700,,34,712.020,294.884,294.764,1006.784
io_uring,slack=1ns,1000,700,,35,712.049,294.925,294.735,1006.784
io_uring,slack=1ns,1000,800,,15,812.869,194.195,193.955,1006.824
io_uring,slack=1ns,1000,800,,16,812.999,194.015,193.825,1006.824
io_uring,slack=1ns,1000,800,,17,815.845,190.899,190.979,1006.824
io_uring,slack=1ns,1000,800,,18,811.987,194.806,194.837,1006.824
io_uring,slack=1ns,1000,800,,19,811.937,194.777,194.887,1006.824
io_uring,slack=1ns,1000,800,,20,811.917,195.137,194.907,1006.824
io_uring,slack=1ns,1000,800,,21,812.177,194.827,194.647,1006.824
io_uring,slack=1ns,1000,800,,22,812.127,194.947,194.697,1006.824
io_uring,slack=1ns,1000,800,,23,812.418,194.836,194.406,1006.824
io_uring,slack=1ns,1000,800,,24,811.948,195.087,194.876,1006.824
io_uring,slack=1ns,1000,800,,25,812.157,194.917,194.667,1006.824
io_uring,slack=1ns,1000,800,,26,812.458,194.826,194.366,1006.824
io_uring,slack=1ns,1000,800,,27,812.158,194.967,194.666,1006.824
io_uring,slack=1ns,1000,800,,28,811.736,195.057,195.088,1006.824
io_uring,slack=1ns,1000,800,,29,812.258,194.786,194.566,1006.824
io_uring,slack=1ns,1000,800,,30,812.038,194.956,194.786,1006.824
io_uring,slack=1ns,1000,800,,31,811.737,195.047,195.087,1006.824
io_uring,slack=1ns,1000,800,,32,812.067,194.997,194.757,1006.824
io_uring,slack=1ns,1000,800,,33,817.678,190.709,189.146,1006.824
io_uring,slack=1ns,1000,800,,34,811.807,194.936,195.017,1006.824
io_uring,slack=1ns,1000,800,,35,811.677,195.067,195.147,1006.824
io_uring,slack=1ns,1000,900,,15,912.597,94.257,94.357,1006.954
io_uring,slack=1ns,1000,900,,16,912.266,94.818,94.688,1006.954
io_uring,slack=1ns,1000,900,,17,915.572,91.432,91.382,1006.954
io_uring,slack=1ns,1000,900,,18,912.266,94.839,94.688,1006.954
io_uring,slack=1ns,1000,900,,19,912.195,94.839,94.759,1006.954
io_uring,slack=1ns,1000,900,,20,911.755,94.958,95.199,1006.954
io_uring,slack=1ns,1000,900,,21,912.096,94.908,94.858,1006.954
io_uring,slack=1ns,1000,900,,22,912.016,95.059,94.938,1006.954
io_uring,slack=1ns,1000,900,,23,911.784,94.939,95.170,1006.954
io_uring,slack=1ns,1000,900,,24,911.665,95.129,95.289,1006.954
io_uring,slack=1ns,1000,900,,25,911.975,95.159,94.979,1006.954
io_uring,slack=1ns,1000,900,,26,912.065,94.859,94.889,1006.954
io_uring,slack=1ns,1000,900,,27,911.825,94.989,95.129,1006.954
io_uring,slack=1ns,1000,900,,28,912.025,95.550,94.929,1006.954
io_uring,slack=1ns,1000,900,,29,912.286,94.858,94.668,1006.954
io_uring,slack=1ns,1000,900,,30,911.855,95.219,95.099,1006.954
io_uring,slack=1ns,1000,900,,31,912.166,94.858,94.788,1006.954
io_uring,slack=1ns,1000,900,,32,912.106,94.978,94.848,1006.954
io_uring,slack=1ns,1000,900,,33,917.216,89.879,89.738,1006.954
io_uring,slack=1ns,1000,900,,34,911.865,94.908,95.089,1006.954
io_uring,slack=1ns,1000,900,,35,911.986,94.978,94.968,1006.954
io_uring,slack=1ns,1000,1000,,15,1013.617,998.748,1000.611,1007.114
io_uring,slack=1ns,1000,1000,,16,1013.176,998.919,1001.052,1007.114
io_uring,slack=1ns,1000,1000,,17,1016.572,995.742,997.656,1007.114
io_uring,slack=1ns,1000,1000,,18,1013.096,998.808,1001.132,1007.114
io_uring,slack=1ns,1000,1000,,19,1012.875,999.009,1001.353,1007.114
io_uring,slack=1ns,1000,1000,,20,1012.805,999.420,1001.423,1007.114
io_uring,slack=1ns,1000,1000,,21,1013.336,998.909,1000.892,1007.114
io_uring,slack=1ns,1000,1000,,22,1013.256,998.928,1000.972,1007.114
io_uring,slack=1ns,1000,1000,,23,1012.905,999.130,1001.323,1007.114
io_uring,slack=1ns,1000,1000,,24,1013.296,998.898,1000.932,1007.114
io_uring,slack=1ns,1000,1000,,25,1013.276,999.069,1000.952,1007.114
io_uring,slack=1ns,1000,1000,,26,1013.246,998.798,1000.982,1007.114
io_uring,slack=1ns,1000,1000,,27,1013.216,999.019,1001.012,1007.114
io_uring,slack=1ns,1000,1000,,28,1012.785,999.981,1001.443,1007.114
io_uring,slack=1ns,1000,1000,,29,1012.494,999.861,1001.734,1007.114
io_uring,slack=1ns,1000,1000,,30,1012.334,1000.001,1001.894,1007.114
io_uring,slack=1ns,1000,1000,,31,1012.624,1000.151,1001.604,1007.114
io_uring,slack=1ns,1000,1000,,32,1012.294,999.911,1001.934,1007.114
io_uring,slack=1ns,1000,1000,,33,1018.355,993.789,995.873,1007.114
io_uring,slack=1ns,1000,1000,,34,1012.204,999.951,1002.024,1007.114
io_uring,slack=1ns,1000,1000,,35,1012.484,999.721,1001.744,1007.114
io_uring,slack=1ns,1000,1100,,15,1113.184,898.811,901.204,1007.194
io_uring,slack=1ns,1000,1100,,16,1112.893,899.522,901.495,1007.194
io_uring,slack=1ns,1000,1100,,17,1116.870,895.124,897.518,1007.194
io_uring,slack=1ns,1000,1100,,18,1113.134,899.071,901.254,1007.194
io_uring,slack=1ns,1000,1100,,19,1113.193,898.771,901.195,1007.194
io_uring,slack=1ns,1000,1100,,20,1113.063,898.851,901.325,1007.194
io_uring,slack=1ns,1000,1100,,21,1112.993,899.011,901.395,1007.194
io_uring,slack=1ns,1000,1100,,22,1113.034,899.040,901.354,1007.194
io_uring,slack=1ns,1000,1100,,23,1113.154,899.302,901.234,1007.194
io_uring,slack=1ns,1000,1100,,24,1113.294,899.281,901.094,1007.194
io_uring,slack=1ns,1000,1100,,25,1113.444,899.151,900.944,1007.194
io_uring,slack=1ns,1000,1100,,26,1113.344,899.262,901.044,1007.194
io_uring,slack=1ns,1000,1100,,27,1112.602,900.043,901.786,1007.194
io_uring,slack=1ns,1000,1100,,28,1113.585,899.171,900.803,1007.194
io_uring,slack=1ns,1000,1100,,29,1113.264,899.031,901.124,1007.194
io_uring,slack=1ns,1000,1100,,30,1113.053,899.191,901.335,1007.194
io_uring,slack=1ns,1000,1100,,31,1113.445,899.622,900.943,1007.194
io_uring,slack=1ns,1000,1100,,32,1113.995,898.660,900.393,1007.194
io_uring,slack=1ns,1000,1100,,33,1119.005,893.300,895.383,1007.194
io_uring,slack=1ns,1000,1100,,34,1112.943,899.011,901.445,1007.194
io_uring,slack=1ns,1000,1100,,35,1113.414,899.162,900.974,1007.194
io_uring,slack=1ns,1000,1200,,15,1213.071,798.903,800.635,1006.853
io_uring,slack=1ns,1000,1200,,16,1213.021,798.893,800.685,1006.853
io_uring,slack=1ns,1000,1200,,17,1217.119,795.016,796.587,1006.853
io_uring,slack=1ns,1000,1200,,18,1213.101,799.073,800.605,1006.853
io_uring,slack=1ns,1000,1200,,19,1213.402,801.277,800.304,1006.853
io_uring,slack=1ns,1000,1200,,20,1213.623,798.742,800.083,1006.853
io_uring,slack=1ns,1000,1200,,21,1212.912,799.433,800.794,1006.853
io_uring,slack=1ns,1000,1200,,22,1213.503,799.082,800.203,1006.853
io_uring,slack=1ns,1000,1200,,23,1212.892,799.794,800.814,1006.853
io_uring,slack=1ns,1000,1200,,24,1213.472,799.143,800.234,1006.853
io_uring,slack=1ns,1000,1200,,25,1212.741,799.674,800.965,1006.853
io_uring,slack=1ns,1000,1200,,26,1213.142,799.384,800.564,1006.853
io_uring,slack=1ns,1000,1200,,27,1213.352,799.453,800.354,1006.853
io_uring,slack=1ns,1000,1200,,28,1212.841,799.524,800.865,1006.853
io_uring,slack=1ns,1000,1200,,29,1213.613,799.714,800.093,1006.853
io_uring,slack=1ns,1000,1200,,30,1213.312,799.884,800.394,1006.853
io_uring,slack=1ns,1000,1200,,31,1213.433,799.814,800.273,1006.853
io_uring,slack=1ns,1000,1200,,32,1213.593,799.343,800.113,1006.853
io_uring,slack=1ns,1000,1200,,33,1218.913,794.133,794.793,1006.853
io_uring,slack=1ns,1000,1200,,34,1213.222,799.624,800.484,1006.853
io_uring,slack=1ns,1000,1200,,35,1213.152,799.323,800.554,1006.853
io_uring,slack=1ns,1000,1300,,15,1313.030,699.726,701.058,1007.044
io_uring,slack=1ns,1000,1300,,16,1314.132,698.393,699.956,1007.044
io_uring,slack=1ns,1000,1300,,17,1316.446,695.779,697.642,1007.044
io_uring,slack=1ns,1000,1300,,18,1313.350,699.326,700.738,1007.044
io_uring,slack=1ns,1000,1300,,19,1313.460,698.885,700.628,1007.044
io_uring,slack=1ns,1000,1300,,20,1313.079,699.045,701.009,1007.044
io_uring,slack=1ns,1000,1300,,21,1314.292,698.174,699.796,1007.044
io_uring,slack=1ns,1000,1300,,22,1313.580,698.534,700.508,1007.044
io_uring,slack=1ns,1000,1300,,23,1313.360,699.005,700.728,1007.044
io_uring,slack=1ns,1000,1300,,24,1313.050,699.145,701.038,1007.044
io_uring,slack=1ns,1000,1300,,25,1312.719,699.085,701.369,1007.044
io_uring,slack=1ns,1000,1300,,26,1313.150,699.155,700.938,1007.044
io_uring,slack=1ns,1000,1300,,27,1313.170,699.225,700.918,1007.044
io_uring,slack=1ns,1000,1300,,28,1312.969,699.135,701.119,1007.044
io_uring,slack=1ns,1000,1300,,29,1313.861,697.843,700.227,1007.044
io_uring,slack=1ns,1000,1300,,30,1313.140,699.025,700.948,1007.044
io_uring,slack=1ns,1000,1300,,31,1313.390,698.915,700.698,1007.044
io_uring,slack=1ns,1000,1300,,32,1312.979,699.456,701.109,1007.044
io_uring,slack=1ns,1000,1300,,33,1318.560,693.354,695.528,1007.044
io_uring,slack=1ns,1000,1300,,34,1313.521,698.674,700.567,1007.044
io_uring,slack=1ns,1000,1300,,35,1313.150,699.104,700.938,1007.044
io_uring,slack=1ns,1000,1400,,15,1413.750,598.555,600.618,1007.184
io_uring,slack=1ns,1000,1400,,16,1412.878,599.006,601.490,1007.184
io_uring,slack=1ns,1000,1400,,17,1417.496,595.280,596.872,1007.184
io_uring,slack=1ns,1000,1400,,18,1413.398,598.666,600.970,1007.184
io_uring,slack=1ns,1000,1400,,19,1413.429,598.606,600.939,1007.184
io_uring,slack=1ns,1000,1400,,20,1413.338,599.257,601.030,1007.184
io_uring,slack=1ns,1000,1400,,21,1413.549,598.896,600.819,1007.184
io_uring,slack=1ns,1000,1400,,22,1418.758,592.084,595.610,1007.184
io_uring,slack=1ns,1000,1400,,23,1413.469,599.076,600.899,1007.184
io_uring,slack=1ns,1000,1400,,24,1413.359,599.738,601.009,1007.184
io_uring,slack=1ns,1000,1400,,25,1413.168,599.367,601.200,1007.184
io_uring,slack=1ns,1000,1400,,26,1413.078,599.377,601.290,1007.184
io_uring,slack=1ns,1000,1400,,27,1415.342,597.794,599.026,1007.184
io_uring,slack=1ns,1000,1400,,28,1413.449,599.558,600.919,1007.184
io_uring,slack=1ns,1000,1400,,29,1413.187,599.919,601.181,1007.184
io_uring,slack=1ns,1000,1400,,30,1413.318,599.468,601.050,1007.184
io_uring,slack=1ns,1000,1400,,31,1413.328,599.467,601.040,1007.184
io_uring,slack=1ns,1000,1400,,32,1414.130,599.037,600.238,1007.184
io_uring,slack=1ns,1000,1400,,33,1419.139,593.596,595.229,1007.184
io_uring,slack=1ns,1000,1400,,34,1413.539,598.996,600.829,1007.184
io_uring,slack=1ns,1000,1400,,35,1413.118,599.468,601.250,1007.184
io_uring,slack=1ns,1000,1500,,15,1512.906,499.770,501.704,1007.305
io_uring,slack=1ns,1000,1500,,16,1513.316,499.369,501.294,1007.305
io_uring,slack=1ns,1000,1500,,17,1516.653,496.454,497.957,1007.305
io_uring,slack=1ns,1000,1500,,18,1513.416,499.750,501.194,1007.305
io_uring,slack=1ns,1000,1500,,19,1513.587,499.089,501.023,1007.305
io_uring,slack=1ns,1000,1500,,20,1513.466,499.089,501.144,1007.305
io_uring,slack=1ns,1000,1500,,21,1513.537,499.229,501.073,1007.305
io_uring,slack=1ns,1000,1500,,22,1513.537,498.667,501.073,1007.305
io_uring,slack=1ns,1000,1500,,23,1513.597,499.600,501.013,1007.305
io_uring,slack=1ns,1000,1500,,24,1513.467,498.708,501.143,1007.305
io_uring,slack=1ns,1000,1500,,25,1513.396,498.898,501.214,1007.305
io_uring,slack=1ns,1000,1500,,26,1513.307,499.219,501.303,1007.305
io_uring,slack=1ns,1000,1500,,27,1513.577,498.788,501.033,1007.305
io_uring,slack=1ns,1000,1500,,28,1513.817,498.888,500.793,1007.305
io_uring,slack=1ns,1000,1500,,29,1513.597,498.849,501.013,1007.305
io_uring,slack=1ns,1000,1500,,30,1513.396,499.299,501.214,1007.305
io_uring,slack=1ns,1000,1500,,31,1513.938,498.337,500.672,1007.305
io_uring,slack=1ns,1000,1500,,32,1513.857,498.819,500.753,1007.305
io_uring,slack=1ns,1000,1500,,33,1519.217,493.128,495.393,1007.305
io_uring,slack=1ns,1000,1500,,34,1513.116,499.339,501.494,1007.305
io_uring,slack=1ns,1000,1500,,35,1512.895,499.921,501.715,1007.305
io_uring,slack=1ns,1000,1600,,15,1613.354,398.860,400.856,1007.105
io_uring,slack=1ns,1000,1600,,16,1612.984,399.161,401.226,1007.105
io_uring,slack=1ns,1000,1600,,17,1616.230,395.574,397.980,1007.105
io_uring,slack=1ns,1000,1600,,18,1613.415,398.389,400.795,1007.105
io_uring,slack=1ns,1000,1600,,19,1613.174,398.890,401.036,1007.105
io_uring,slack=1ns,1000,1600,,20,1612.914,399.221,401.296,1007.105
io_uring,slack=1ns,1000,1600,,21,1613.455,398.760,400.755,1007.105
io_uring,slack=1ns,1000,1600,,22,1613.354,398.760,400.856,1007.105
io_uring,slack=1ns,1000,1600,,23,1613.956,398.409,400.254,1007.105
io_uring,slack=1ns,1000,1600,,24,1613.264,399.191,400.946,1007.105
io_uring,slack=1ns,1000,1600,,25,1613.294,398.931,400.916,1007.105
io_uring,slack=1ns,1000,1600,,26,1613.565,398.880,400.645,1007.105
io_uring,slack=1ns,1000,1600,,27,1613.344,399.051,400.866,1007.105
io_uring,slack=1ns,1000,1600,,28,1613.595,398.519,400.615,1007.105
io_uring,slack=1ns,1000,1600,,29,1613.475,399.071,400.735,1007.105
io_uring,slack=1ns,1000,1600,,30,1614.546,398.119,399.664,1007.105
io_uring,slack=1ns,1000,1600,,31,1613.986,399.081,400.224,1007.105
io_uring,slack=1ns,1000,1600,,32,1614.236,398.589,399.974,1007.105
io_uring,slack=1ns,1000,1600,,33,1619.537,393.169,394.673,1007.105
io_uring,slack=1ns,1000,1600,,34,1613.906,398.880,400.304,1007.105
io_uring,slack=1ns,1000,1600,,35,1613.985,398.921,400.225,1007.105
io_uring,slack=1ns,1000,1700,,15,1713.604,298.651,300.224,1006.914
io_uring,slack=1ns,1000,1700,,16,1712.912,298.822,300.916,1006.914
io_uring,slack=1ns,1000,1700,,17,1716.288,295.446,297.540,1006.914
io_uring,slack=1ns,1000,1700,,18,1713.623,298.131,300.205,1006.914
io_uring,slack=1ns,1000,1700,,19,1713.482,298.161,300.346,1006.914
io_uring,slack=1ns,1000,1700,,20,1713.283,298.792,300.545,1006.914
io_uring,slack=1ns,1000,1700,,21,1715.025,297.600,298.803,1006.914
io_uring,slack=1ns,1000,1700,,22,1713.613,298.982,300.215,1006.914
io_uring,slack=1ns,1000,1700,,23,1713.503,298.171,300.325,1006.914
io_uring,slack=1ns,1000,1700,,24,1713.363,298.822,300.465,1006.914
io_uring,slack=1ns,1000,1700,,25,1713.433,298.471,300.395,1006.914
io_uring,slack=1ns,1000,1700,,26,1713.453,298.191,300.375,1006.914
io_uring,slack=1ns,1000,1700,,27,1717.951,295.556,295.877,1006.914
io_uring,slack=1ns,1000,1700,,28,1713.773,298.652,300.055,1006.914
io_uring,slack=1ns,1000,1700,,29,1713.432,299.163,300.396,1006.914
io_uring,slack=1ns,1000,1700,,30,1713.363,299.523,300.465,1006.914
io_uring,slack=1ns,1000,1700,,31,1713.964,298.481,299.864,1006.914
io_uring,slack=1ns,1000,1700,,32,1713.373,299.363,300.455,1006.914
io_uring,slack=1ns,1000,1700,,33,1718.121,294.314,295.707,1006.914
io_uring,slack=1ns,1000,1700,,34,1713.483,298.672,300.345,1006.914
io_uring,slack=1ns,1000,1700,,35,1713.583,299.072,300.245,1006.914
io_uring,slack=1ns,1000,1800,,15,1813.531,198.674,200.959,1007.245
io_uring,slack=1ns,1000,1800,,16,1813.261,199.305,201.229,1007.245
io_uring,slack=1ns,1000,1800,,17,1815.685,196.279,198.805,1007.245
io_uring,slack=1ns,1000,1800,,18,1813.340,198.694,201.150,1007.245
io_uring,slack=1ns,1000,1800,,19,1813.591,198.494,200.899,1007.245
io_uring,slack=1ns,1000,1800,,20,1813.521,198.463,200.969,1007.245
io_uring,slack=1ns,1000,1800,,21,1813.741,198.624,200.749,1007.245
io_uring,slack=1ns,1000,1800,,22,1813.360,199.756,201.130,1007.245
io_uring,slack=1ns,1000,1800,,23,1813.661,198.704,200.829,1007.245
io_uring,slack=1ns,1000,1800,,24,1813.241,198.874,201.249,1007.245
io_uring,slack=1ns,1000,1800,,25,1813.180,199.105,201.310,1007.245
io_uring,slack=1ns,1000,1800,,26,1813.240,198.794,201.250,1007.245
io_uring,slack=1ns,1000,1800,,27,1813.371,198.643,201.119,1007.245
io_uring,slack=1ns,1000,1800,,28,1813.822,198.463,200.668,1007.245
io_uring,slack=1ns,1000,1800,,29,1813.361,199.004,201.129,1007.245
io_uring,slack=1ns,1000,1800,,30,1814.072,198.483,200.418,1007.245
io_uring,slack=1ns,1000,1800,,31,1814.083,198.914,200.407,1007.245
io_uring,slack=1ns,1000,1800,,32,1814.342,198.594,200.148,1007.245
io_uring,slack=1ns,1000,1800,,33,1818.470,193.965,196.020,1007.245
io_uring,slack=1ns,1000,1800,,34,1813.360,199.085,201.130,1007.245
io_uring,slack=1ns,1000,1800,,35,1813.812,198.543,200.678,1007.245
io_uring,slack=1ns,1000,1900,,15,1913.038,99.016,100.750,1006.894
io_uring,slack=1ns,1000,1900,,16,1912.888,98.826,100.900,1006.894
io_uring,slack=1ns,1000,1900,,17,1917.106,95.129,96.682,1006.894
io_uring,slack=1ns,1000,1900,,18,1913.669,98.525,100.119,1006.894
io_uring,slack=1ns,1000,1900,,19,1914.091,97.904,99.697,1006.894
io_uring,slack=1ns,1000,1900,,20,1913.949,98.416,99.839,1006.894
io_uring,slack=1ns,1000,1900,,21,1913.819,98.205,99.969,1006.894
io_uring,slack=1ns,1000,1900,,22,1913.669,98.736,100.119,1006.894
io_uring,slack=1ns,1000,1900,,23,1913.819,98.335,99.969,1006.894
io_uring,slack=1ns,1000,1900,,24,1914.161,98.204,99.627,1006.894
io_uring,slack=1ns,1000,1900,,25,1913.690,98.555,100.098,1006.894
io_uring,slack=1ns,1000,1900,,26,1913.719,98.736,100.069,1006.894
io_uring,slack=1ns,1000,1900,,27,1914.140,98.335,99.648,1006.894
io_uring,slack=1ns,1000,1900,,28,1913.749,98.396,100.039,1006.894
io_uring,slack=1ns,1000,1900,,29,1913.549,98.866,100.239,1006.894
io_uring,slack=1ns,1000,1900,,30,1913.499,98.585,100.289,1006.894
io_uring,slack=1ns,1000,1900,,31,1918.579,94.788,95.209,1006.894
io_uring,slack=1ns,1000,1900,,32,1913.599,98.555,100.189,1006.894
io_uring,slack=1ns,1000,1900,,33,1919.240,93.486,94.548,1006.894
io_uring,slack=1ns,1000,1900,,34,1913.589,98.816,100.199,1006.894
io_uring,slack=1ns,1000,1900,,35,1913.389,99.787,100.399,1006.894
io_uring,slack=1ns,1000,2000,,15,2013.066,1003.878,0.480,1006.773
io_uring,slack=1ns,1000,2000,,16,2014.118,1003.137,1006.201,1006.773
io_uring,slack=1ns,1000,2000,,17,2017.114,999.931,1003.205,1006.773
io_uring,slack=1ns,1000,2000,,18,2013.907,1003.738,1006.412,1006.773
io_uring,slack=1ns,1000,2000,,19,2013.918,1003.327,1006.401,1006.773
io_uring,slack=1ns,1000,2000,,20,2013.337,1004.239,0.209,1006.773
io_uring,slack=1ns,1000,2000,,21,2014.058,1003.948,1006.261,1006.773
io_uring,slack=1ns,1000,2000,,22,2014.118,1003.829,1006.201,1006.773
io_uring,slack=1ns,1000,2000,,23,2014.378,1003.678,1005.941,1006.773
io_uring,slack=1ns,1000,2000,,24,2014.399,1003.217,1005.920,1006.773
io_uring,slack=1ns,1000,2000,,25,2014.489,1002.996,1005.830,1006.773
io_uring,slack=1ns,1000,2000,,26,2013.818,1003.698,1006.501,1006.773
io_uring,slack=1ns,1000,2000,,27,2013.908,1003.938,1006.411,1006.773
io_uring,slack=1ns,1000,2000,,28,2014.208,1003.367,1006.111,1006.773
io_uring,slack=1ns,1000,2000,,29,2014.239,1003.527,1006.080,1006.773
io_uring,slack=1ns,1000,2000,,30,2029.918,987.888,990.401,1006.773
io_uring,slack=1ns,1000,2000,,31,2046.089,970.796,974.230,1006.773
io_uring,slack=1ns,1000,2000,,32,2046.098,971.036,974.221,1006.773
io_uring,slack=1ns,1000,2000,,33,2053.623,963.111,966.696,1006.773
io_uring,slack=1ns,1000,2000,,34,2045.848,971.508,974.471,1006.773
io_uring,slack=1ns,1000,2000,,35,2032.442,984.723,987.877,1006.773
io_uring,slack=1ns,1000,2100,,15,2113.936,903.229,906.866,1006.934
io_uring,slack=1ns,1000,2100,,16,2114.176,902.748,906.626,1006.934
io_uring,slack=1ns,1000,2100,,17,2116.952,899.872,903.850,1006.934
io_uring,slack=1ns,1000,2100,,18,2113.916,903.449,906.886,1006.934
io_uring,slack=1ns,1000,2100,,19,2113.896,903.309,906.906,1006.934
io_uring,slack=1ns,1000,2100,,20,2114.167,903.569,906.635,1006.934
io_uring,slack=1ns,1000,2100,,21,2129.716,891.046,891.086,1006.934
io_uring,slack=1ns,1000,2100,,22,2131.629,885.636,889.173,1006.934
io_uring,slack=1ns,1000,2100,,23,2175.141,842.374,845.661,1006.934
io_uring,slack=1ns,1000,2100,,24,2145.876,871.930,874.926,1006.934
io_uring,slack=1ns,1000,2100,,25,2145.285,872.682,875.517,1006.934
io_uring,slack=1ns,1000,2100,,26,2146.537,871.389,874.265,1006.934
io_uring,slack=1ns,1000,2100,,27,2146.567,871.099,874.235,1006.934
io_uring,slack=1ns,1000,2100,,28,2146.497,871.519,874.305,1006.934
io_uring,slack=1ns,1000,2100,,29,2145.796,872.120,875.006,1006.934
io_uring,slack=1ns,1000,2100,,30,2145.125,872.872,875.677,1006.934
io_uring,slack=1ns,1000,2100,,31,2146.778,871.258,874.024,1006.934
io_uring,slack=1ns,1000,2100,,32,2146.558,871.629,874.244,1006.934
io_uring,slack=1ns,1000,2100,,33,2154.312,863.945,866.490,1006.934
io_uring,slack=1ns,1000,2100,,34,2146.177,871.519,874.625,1006.934
io_uring,slack=1ns,1000,2100,,35,2145.505,873.964,875.297,1006.934
io_uring,slack=1ns,1000,2200,,15,2214.425,802.800,807.370,1007.265
io_uring,slack=1ns,1000,2200,,16,2213.754,803.922,808.041,1007.265
io_uring,slack=1ns,1000,2200,,17,2217.591,799.343,804.204,1007.265
io_uring,slack=1ns,1000,2200,,18,2213.494,803.812,808.301,1007.265
io_uring,slack=1ns,1000,2200,,19,2214.234,803.652,807.561,1007.265
io_uring,slack=1ns,1000,2200,,20,2213.884,803.832,807.911,1007.265
io_uring,slack=1ns,1000,2200,,21,2214.134,803.762,807.661,1007.265
io_uring,slack=1ns,1000,2200,,22,2229.794,788.082,792.001,1007.265
io_uring,slack=1ns,1000,2200,,23,2245.755,771.240,776.040,1007.265
io_uring,slack=1ns,1000,2200,,24,2245.884,771.521,775.911,1007.265
io_uring,slack=1ns,1000,2200,,25,2246.486,770.519,775.309,1007.265
io_uring,slack=1ns,1000,2200,,26,2246.125,771.611,775.670,1007.265
io_uring,slack=1ns,1000,2200,,27,2246.145,770.930,775.650,1007.265
io_uring,slack=1ns,1000,2200,,28,2246.445,770.940,775.350,1007.265
io_uring,slack=1ns,1000,2200,,29,2246.536,771.400,775.259,1007.265
io_uring,slack=1ns,1000,2200,,30,2251.776,765.530,770.019,1007.265
io_uring,slack=1ns,1000,2200,,31,2246.345,771.641,775.450,1007.265
io_uring,slack=1ns,1000,2200,,32,2246.205,771.371,775.590,1007.265
io_uring,slack=1ns,1000,2200,,33,2254.360,763.406,767.435,1007.265
io_uring,slack=1ns,1000,2200,,34,2246.545,771.221,775.250,1007.265
io_uring,slack=1ns,1000,2200,,35,2246.435,771.271,775.360,1007.265
io_uring,slack=1ns,1000,2300,,15,2314.143,703.903,706.929,1007.024
io_uring,slack=1ns,1000,2300,,16,2314.484,703.683,706.588,1007.024
io_uring,slack=1ns,1000,2300,,17,2316.848,701.349,704.224,1007.024
io_uring,slack=1ns,1000,2300,,18,2314.303,703.673,706.769,1007.024
io_uring,slack=1ns,1000,2300,,19,2313.652,704.214,707.420,1007.024
io_uring,slack=1ns,1000,2300,,20,2330.113,688.595,690.959,1007.024
io_uring,slack=1ns,1000,2300,,21,2346.063,671.272,675.009,1007.024
io_uring,slack=1ns,1000,2300,,22,2346.494,671.573,674.578,1007.024
io_uring,slack=1ns,1000,2300,,23,2346.864,670.892,674.208,1007.024
io_uring,slack=1ns,1000,2300,,24,2346.874,671.092,674.198,1007.024
io_uring,slack=1ns,1000,2300,,25,2347.155,670.481,673.917,1007.024
io_uring,slack=1ns,1000,2300,,26,2345.812,671.894,675.260,1007.024
io_uring,slack=1ns,1000,2300,,27,2347.264,669.930,673.808,1007.024
io_uring,slack=1ns,1000,2300,,28,2346.434,670.952,674.638,1007.024
io_uring,slack=1ns,1000,2300,,29,2346.182,671.143,674.890,1007.024
io_uring,slack=1ns,1000,2300,,30,2346.864,670.982,674.208,1007.024
io_uring,slack=1ns,1000,2300,,31,2347.044,670.682,674.028,1007.024
io_uring,slack=1ns,1000,2300,,32,2347.164,670.862,673.908,1007.024
io_uring,slack=1ns,1000,2300,,33,2354.278,663.107,666.794,1007.024
io_uring,slack=1ns,1000,2300,,34,2347.055,670.371,674.017,1007.024
io_uring,slack=1ns,1000,2300,,35,2343.938,673.086,677.134,1007.024
io_uring,slack=1ns,1000,2400,,15,2414.021,603.635,606.361,1006.794
io_uring,slack=1ns,1000,2400,,16,2413.229,603.455,607.153,1006.794
io_uring,slack=1ns,1000,2400,,17,2417.277,599.537,603.105,1006.794
io_uring,slack=1ns,1000,2400,,18,2413.911,603.525,606.471,1006.794
io_uring,slack=1ns,1000,2400,,19,2429.429,587.956,590.953,1006.794
io_uring,slack=1ns,1000,2400,,20,2446.101,570.954,574.281,1006.794
io_uring,slack=1ns,1000,2400,,21,2451.180,566.005,569.202,1006.794
io_uring,slack=1ns,1000,2400,,22,2445.970,571.565,574.412,1006.794
io_uring,slack=1ns,1000,2400,,23,2445.370,572.567,575.012,1006.794
io_uring,slack=1ns,1000,2400,,24,2445.870,572.186,574.512,1006.794
io_uring,slack=1ns,1000,2400,,25,2446.913,571.434,573.469,1006.794
io_uring,slack=1ns,1000,2400,,26,2445.690,572.106,574.692,1006.794
io_uring,slack=1ns,1000,2400,,27,2445.690,571.866,574.692,1006.794
io_uring,slack=1ns,1000,2400,,28,2446.361,572.136,574.021,1006.794
io_uring,slack=1ns,1000,2400,,29,2446.572,571.595,573.810,1006.794
io_uring,slack=1ns,1000,2400,,30,2447.804,570.614,572.578,1006.794
io_uring,slack=1ns,1000,2400,,31,2446.581,571.826,573.801,1006.794
io_uring,slack=1ns,1000,2400,,32,2446.572,571.555,573.810,1006.794
io_uring,slack=1ns,1000,2400,,33,2452.362,566.385,568.020,1006.794
io_uring,slack=1ns,1000,2400,,34,2446.181,571.555,574.201,1006.794
io_uring,slack=1ns,1000,2400,,35,2866.582,151.465,153.800,1006.794
io_uring,slack=1ns,1000,2500,,15,2514.079,504.178,507.233,1007.104
io_uring,slack=1ns,1000,2500,,16,2514.069,503.597,507.243,1007.104
io_uring,slack=1ns,1000,2500,,17,2517.775,500.802,503.537,1007.104
io_uring,slack=1ns,1000,2500,,18,2514.580,503.407,506.732,1007.104
io_uring,slack=1ns,1000,2500,,19,2514.509,504.429,506.803,1007.104
io_uring,slack=1ns,1000,2500,,20,2530.058,487.878,491.254,1007.104
io_uring,slack=1ns,1000,2500,,21,2532.273,485.894,489.039,1007.104
io_uring,slack=1ns,1000,2500,,22,2546.469,471.247,474.843,1007.104
io_uring,slack=1ns,1000,2500,,23,2546.419,471.537,474.893,1007.104
io_uring,slack=1ns,1000,2500,,24,2546.369,471.357,474.943,1007.104
io_uring,slack=1ns,1000,2500,,25,2545.578,472.769,475.734,1007.104
io_uring,slack=1ns,1000,2500,,26,2546.640,471.126,474.672,1007.104
io_uring,slack=1ns,1000,2500,,27,2546.720,470.455,474.592,1007.104
io_uring,slack=1ns,1000,2500,,28,2546.159,471.226,475.153,1007.104
io_uring,slack=1ns,1000,2500,,29,2546.700,471.166,474.612,1007.104
io_uring,slack=1ns,1000,2500,,30,2546.700,471.377,474.612,1007.104
io_uring,slack=1ns,1000,2500,,31,2553.833,463.762,467.479,1007.104
io_uring,slack=1ns,1000,2500,,32,2546.550,471.006,474.762,1007.104
io_uring,slack=1ns,1000,2500,,33,2554.725,463.251,466.587,1007.104
io_uring,slack=1ns,1000,2500,,34,2546.219,471.247,475.093,1007.104
io_uring,slack=1ns,1000,2500,,35,2546.579,470.956,474.733,1007.104
io_uring,slack=1ns,1000,2600,,15,2613.526,404.090,407.276,1006.934
io_uring,slack=1ns,1000,2600,,16,2613.826,403.680,406.976,1006.934
io_uring,slack=1ns,1000,2600,,17,2618.204,399.221,402.598,1006.934
io_uring,slack=1ns,1000,2600,,18,2614.127,403.659,406.675,1006.934
io_uring,slack=1ns,1000,2600,,19,2614.397,403.159,406.405,1006.934
io_uring,slack=1ns,1000,2600,,20,2629.866,387.779,390.936,1006.934
io_uring,slack=1ns,1000,2600,,21,2646.538,371.289,374.264,1006.934
io_uring,slack=1ns,1000,2600,,22,2647.229,370.196,373.573,1006.934
io_uring,slack=1ns,1000,2600,,23,2646.227,371.268,374.575,1006.934
io_uring,slack=1ns,1000,2600,,24,2645.406,371.679,375.396,1006.934
io_uring,slack=1ns,1000,2600,,25,2645.817,371.378,374.985,1006.934
io_uring,slack=1ns,1000,2600,,26,2645.757,371.258,375.045,1006.934
io_uring,slack=1ns,1000,2600,,27,2646.628,370.877,374.174,1006.934
io_uring,slack=1ns,1000,2600,,28,2646.368,371.519,374.434,1006.934
io_uring,slack=1ns,1000,2600,,29,2645.045,372.981,375.757,1006.934
io_uring,slack=1ns,1000,2600,,30,2646.718,370.958,374.084,1006.934
io_uring,slack=1ns,1000,2600,,31,2646.247,371.689,374.555,1006.934
io_uring,slack=1ns,1000,2600,,32,2646.198,371.659,374.604,1006.934
io_uring,slack=1ns,1000,2600,,33,2654.883,363.764,365.919,1006.934
io_uring,slack=1ns,1000,2600,,34,2646.167,371.629,374.635,1006.934
io_uring,slack=1ns,1000,2600,,35,2652.570,364.285,368.232,1006.934
io_uring,slack=1ns,1000,2700,,15,2714.205,303.852,306.354,1006.853
io_uring,slack=1ns,1000,2700,,16,2714.245,304.182,306.314,1006.853
io_uring,slack=1ns,1000,2700,,17,2717.371,300.635,303.188,1006.853
io_uring,slack=1ns,1000,2700,,18,2729.775,288.222,290.784,1006.853
io_uring,slack=1ns,1000,2700,,19,2732.048,285.808,288.511,1006.853
io_uring,slack=1ns,1000,2700,,20,2745.714,272.453,274.845,1006.853
io_uring,slack=1ns,1000,2700,,21,2746.556,270.909,274.003,1006.853
io_uring,slack=1ns,1000,2700,,22,2746.546,271.411,274.013,1006.853
io_uring,slack=1ns,1000,2700,,23,2744.592,272.823,275.967,1006.853
io_uring,slack=1ns,1000,2700,,24,2746.265,271.491,274.294,1006.853
io_uring,slack=1ns,1000,2700,,25,2746.326,271.941,274.233,1006.853
io_uring,slack=1ns,1000,2700,,26,2746.486,270.899,274.073,1006.853
io_uring,slack=1ns,1000,2700,,27,2746.035,271.311,274.524,1006.853
io_uring,slack=1ns,1000,2700,,28,2744.642,273.404,275.917,1006.853
io_uring,slack=1ns,1000,2700,,29,2746.416,270.659,274.143,1006.853
io_uring,slack=1ns,1000,2700,,30,2746.305,270.339,274.254,1006.853
io_uring,slack=1ns,1000,2700,,31,2746.556,271.661,274.003,1006.853
io_uring,slack=1ns,1000,2700,,32,2746.375,272.062,274.184,1006.853
io_uring,slack=1ns,1000,2700,,33,2753.980,264.467,266.579,1006.853
io_uring,slack=1ns,1000,2700,,34,2746.386,272.252,274.173,1006.853
io_uring,slack=1ns,1000,2700,,35,2746.395,272.062,274.164,1006.853
io_uring,slack=1ns,1000,2800,,15,2813.883,203.142,207.789,1007.224
io_uring,slack=1ns,1000,2800,,16,2813.812,203.964,207.860,1007.224
io_uring,slack=1ns,1000,2800,,17,2816.467,200.718,205.205,1007.224
io_uring,slack=1ns,1000,2800,,18,2829.612,188.895,192.060,1007.224
io_uring,slack=1ns,1000,2800,,19,2835.594,183.715,186.078,1007.224
io_uring,slack=1ns,1000,2800,,20,2846.815,170.540,174.857,1007.224
io_uring,slack=1ns,1000,2800,,21,2846.805,170.641,174.867,1007.224
io_uring,slack=1ns,1000,2800,,22,2846.424,171.292,175.248,1007.224
io_uring,slack=1ns,1000,2800,,23,2845.702,171.963,175.970,1007.224
io_uring,slack=1ns,1000,2800,,24,2846.494,170.721,175.178,1007.224
io_uring,slack=1ns,1000,2800,,25,2846.835,170.861,174.837,1007.224
io_uring,slack=1ns,1000,2800,,26,2846.935,170.591,174.737,1007.224
io_uring,slack=1ns,1000,2800,,27,2846.864,170.601,174.808,1007.224
io_uring,slack=1ns,1000,2800,,28,2844.841,172.334,176.831,1007.224
io_uring,slack=1ns,1000,2800,,29,2847.055,170.661,174.617,1007.224
io_uring,slack=1ns,1000,2800,,30,2846.945,170.470,174.727,1007.224
io_uring,slack=1ns,1000,2800,,31,2846.885,170.921,174.787,1007.224
io_uring,slack=1ns,1000,2800,,32,2846.985,170.902,174.687,1007.224
io_uring,slack=1ns,1000,2800,,33,2853.507,164.279,168.165,1007.224
io_uring,slack=1ns,1000,2800,,34,2847.215,170.721,174.457,1007.224
io_uring,slack=1ns,1000,2800,,35,2847.165,170.521,174.507,1007.224
io_uring,slack=1ns,1000,2900,,15,2914.121,103.374,106.291,1006.804
io_uring,slack=1ns,1000,2900,,16,2913.881,103.484,106.531,1006.804
io_uring,slack=1ns,1000,2900,,17,2917.498,99.387,102.914,1006.804
io_uring,slack=1ns,1000,2900,,18,2928.808,88.727,91.604,1006.804
io_uring,slack=1ns,1000,2900,,19,2930.943,86.312,89.469,1006.804
io_uring,slack=1ns,1000,2900,,20,2946.382,71.094,74.030,1006.804
io_uring,slack=1ns,1000,2900,,21,2946.612,70.472,73.800,1006.804
io_uring,slack=1ns,1000,2900,,22,2946.462,70.984,73.950,1006.804
io_uring,slack=1ns,1000,2900,,23,2945.129,72.126,75.283,1006.804
io_uring,slack=1ns,1000,2900,,24,2945.410,71.384,75.002,1006.804
io_uring,slack=1ns,1000,2900,,25,2946.492,71.154,73.920,1006.804
io_uring,slack=1ns,1000,2900,,26,2946.582,70.983,73.830,1006.804
io_uring,slack=1ns,1000,2900,,27,2946.572,70.543,73.840,1006.804
io_uring,slack=1ns,1000,2900,,28,2944.558,72.597,75.854,1006.804
io_uring,slack=1ns,1000,2900,,29,2946.301,70.974,74.111,1006.804
io_uring,slack=1ns,1000,2900,,30,2946.452,70.973,73.960,1006.804
io_uring,slack=1ns,1000,2900,,31,2946.512,71.264,73.900,1006.804
io_uring,slack=1ns,1000,2900,,32,2946.452,72.146,73.960,1006.804
io_uring,slack=1ns,1000,2900,,33,2955.028,62.748,65.384,1006.804
io_uring,slack=1ns,1000,2900,,34,2945.991,71.995,74.421,1006.804
io_uring,slack=1ns,1000,2900,,35,2945.581,72.416,74.831,1006.804
io_uring,slack=1ns,1000,3000,,15,3013.919,3.426,6.703,1006.874
io_uring,slack=1ns,1000,3000,,16,3014.921,2.214,5.701,1006.874
io_uring,slack=1ns,1000,3000,,17,3030.450,991.936,997.046,1006.874
io_uring,slack=1ns,1000,3000,,18,3046.860,976.387,980.636,1006.874
io_uring,slack=1ns,1000,3000,,19,3046.289,976.316,981.207,1006.874
io_uring,slack=1ns,1000,3000,,20,3046.541,975.935,980.955,1006.874
io_uring,slack=1ns,1000,3000,,21,3046.791,975.915,980.705,1006.874
io_uring,slack=1ns,1000,3000,,22,3046.971,976.146,980.525,1006.874
io_uring,slack=1ns,1000,3000,,23,3053.984,969.764,973.512,1006.874
io_uring,slack=1ns,1000,3000,,24,3051.319,972.058,976.177,1006.874
io_uring,slack=1ns,1000,3000,,25,3051.199,975.555,976.297,1006.874
io_uring,slack=1ns,1000,3000,,26,3047.031,976.516,980.465,1006.874
io_uring,slack=1ns,1000,3000,,27,3046.370,976.998,981.126,1006.874
io_uring,slack=1ns,1000,3000,,28,3046.870,976.377,980.626,1006.874
io_uring,slack=1ns,1000,3000,,29,3047.031,976.556,980.465,1006.874
io_uring,slack=1ns,1000,3000,,30,3045.719,978.310,981.777,1006.874
io_uring,slack=1ns,1000,3000,,31,3046.410,976.657,981.086,1006.874
io_uring,slack=1ns,1000,3000,,32,3045.929,977.097,981.567,1006.874
io_uring,slack=1ns,1000,3000,,33,3055.227,968.521,972.269,1006.874
io_uring,slack=1ns,1000,3000,,34,3046.941,976.186,980.555,1006.874
io_uring,slack=1ns,1000,3000,,35,3046.270,976.546,981.226,1006.874
io_uring,slack=1ns,10000,1000,,15,1082.236,9240.050,9239.697,10321.933
io_uring,slack=1ns,10000,1000,,16,1081.273,9359.243,9240.660,10321.933
io_uring,slack=1ns,10000,1000,,17,1108.294,9214.582,9213.639,10321.933
io_uring,slack=1ns,10000,1000,,18,1087.646,9235.090,9234.287,10321.933
io_uring,slack=1ns,10000,1000,,19,1089.449,9327.983,9232.484,10321.933
io_uring,slack=1ns,10000,1000,,20,1325.073,9000.709,8996.860,10321.933
io_uring,slack=1ns,10000,1000,,21,1092.956,8966.904,9228.977,10321.933
io_uring,slack=1ns,10000,1000,,22,1070.023,8999.688,9251.910,10321.933
io_uring,slack=1ns,10000,1000,,23,1081.554,8955.012,9240.379,10321.933
io_uring,slack=1ns,10000,1000,,24,1061.086,9234.529,9260.847,10321.933
io_uring,slack=1ns,10000,1000,,25,1079.150,9224.068,9242.783,10321.933
io_uring,slack=1ns,10000,1000,,26,1228.471,9094.396,9093.462,10321.933
io_uring,slack=1ns,10000,1000,,27,1093.176,9217.565,9228.757,10321.933
io_uring,slack=1ns,10000,1000,,28,1092.505,9358.523,9229.428,10321.933
io_uring,slack=1ns,10000,1000,,29,1141.457,9180.486,9180.476,10321.933
io_uring,slack=1ns,10000,1000,,30,1083.548,9239.538,9238.385,10321.933
io_uring,slack=1ns,10000,1000,,31,1081.855,9329.829,9240.078,10321.933
io_uring,slack=1ns,10000,1000,,32,1094.829,9225.761,9227.104,10321.933
io_uring,slack=1ns,10000,1000,,33,1108.545,9193.713,9213.388,10321.933
io_uring,slack=1ns,10000,1000,,34,1083.738,9334.878,9238.195,10321.933
io_uring,slack=1ns,10000,1000,,35,1082.135,9206.084,9239.798,10321.933
io_uring,slack=1ns,10000,2000,,15,2343.328,7966.103,7977.995,10321.323
io_uring,slack=1ns,10000,2000,,16,2343.718,8006.288,7977.605,10321.323
io_uring,slack=1ns,10000,2000,,17,2365.259,7952.528,7956.064,10321.323
io_uring,slack=1ns,10000,2000,,18,2177.044,7873.259,8144.279,10321.323
io_uring,slack=1ns,10000,2000,,19,2115.539,8174.865,8205.784,10321.323
io_uring,slack=1ns,10000,2000,,20,2092.416,8303.508,8228.907,10321.323
io_uring,slack=1ns,10000,2000,,21,2310.375,8011.397,8010.948,10321.323
io_uring,slack=1ns,10000,2000,,22,2313.682,8009.756,8007.641,10321.323
io_uring,slack=1ns,10000,2000,,23,2380.286,8052.116,7941.037,10321.323
io_uring,slack=1ns,10000,2000,,24,2302.109,8007.079,8019.214,10321.323
io_uring,slack=1ns,10000,2000,,25,2338.168,7983.146,7983.155,10321.323
io_uring,slack=1ns,10000,2000,,26,2396.537,8038.799,7924.786,10321.323
io_uring,slack=1ns,10000,2000,,27,2339.220,7987.774,7982.103,10321.323
io_uring,slack=1ns,10000,2000,,28,2342.125,7969.560,7979.198,10321.323
io_uring,slack=1ns,10000,2000,,29,2368.304,8054.799,7953.019,10321.323
io_uring,slack=1ns,10000,2000,,30,2340.462,7972.255,7980.861,10321.323
io_uring,slack=1ns,10000,2000,,31,2341.775,7967.656,7979.548,10321.323
io_uring,slack=1ns,10000,2000,,32,2383.553,8035.422,7937.770,10321.323
io_uring,slack=1ns,10000,2000,,33,2365.890,7725.021,7955.433,10321.323
io_uring,slack=1ns,10000,2000,,34,2080.663,8212.677,8240.660,10321.323
io_uring,slack=1ns,10000,2000,,35,2298.152,8026.597,8023.171,10321.323
io_uring,slack=1ns,10000,3000,,15,3333.109,6801.423,6954.470,10287.579
io_uring,slack=1ns,10000,3000,,16,3347.035,6967.434,6940.544,10287.579
io_uring,slack=1ns,10000,3000,,17,3364.038,6914.655,6923.541,10287.579
io_uring,slack=1ns,10000,3000,,18,3342.708,6968.626,6944.871,10287.579
io_uring,slack=1ns,10000,3000,,19,3359.398,6944.241,6928.181,10287.579
io_uring,slack=1ns,10000,3000,,20,3459.728,6968.196,6827.851,10287.579
io_uring,slack=1ns,10000,3000,,21,3343.278,6969.207,6944.301,10287.579
io_uring,slack=1ns,10000,3000,,22,3341.115,6975.790,6946.464,10287.579
io_uring,slack=1ns,10000,3000,,23,3431.113,6892.635,6856.466,10287.579
io_uring,slack=1ns,10000,3000,,24,3342.636,6971.422,6944.943,10287.579
io_uring,slack=1ns,10000,3000,,25,3363.566,6953.850,6924.013,10287.579
io_uring,slack=1ns,10000,3000,,26,3350.171,6974.978,6937.408,10287.579
io_uring,slack=1ns,10000,3000,,27,3341.265,6971.712,6946.314,10287.579
io_uring,slack=1ns,10000,3000,,28,3343.128,6967.906,6944.451,10287.579
io_uring,slack=1ns,10000,3000,,29,3345.903,6959.049,6941.676,10287.579
io_uring,slack=1ns,10000,3000,,30,3088.870,7355.594,7198.709,10287.579
io_uring,slack=1ns,10000,3000,,31,3340.193,6957.154,6947.386,10287.579
io_uring,slack=1ns,10000,3000,,32,3336.275,6999.135,6951.304,10287.579
io_uring,slack=1ns,10000,3000,,33,3371.281,6979.558,6916.298,10287.579
io_uring,slack=1ns,10000,3000,,34,3358.947,6952.926,6928.632,10287.579
io_uring,slack=1ns,10000,3000,,35,3342.558,6971.592,6945.021,10287.579
io_uring,slack=1ns,10000,4000,,15,4341.236,5968.596,5983.724,10324.960
io_uring,slack=1ns,10000,4000,,16,4347.838,5961.163,5977.122,10324.960
io_uring,slack=1ns,10000,4000,,17,4133.383,6306.633,6191.577,10324.960
io_uring,slack=1ns,10000,4000,,18,4347.697,5954.039,5977.263,10324.960
io_uring,slack=1ns,10000,4000,,19,4347.236,5963.677,5977.724,10324.960
io_uring,slack=1ns,10000,4000,,20,4450.722,5869.179,5874.238,10324.960
io_uring,slack=1ns,10000,4000,,21,4348.328,5961.944,5976.632,10324.960
io_uring,slack=1ns,10000,4000,,22,4352.617,5959.880,5972.343,10324.960
io_uring,slack=1ns,10000,4000,,23,4352.496,5961.904,5972.464,10324.960
io_uring,slack=1ns,10000,4000,,24,4339.763,5970.389,5985.197,10324.960
io_uring,slack=1ns,10000,4000,,25,4342.207,5968.175,5982.753,10324.960
io_uring,slack=1ns,10000,4000,,26,4348.158,5961.904,5976.802,10324.960
io_uring,slack=1ns,10000,4000,,27,4378.536,5686.245,5946.424,10324.960
io_uring,slack=1ns,10000,4000,,28,4083.090,6279.371,6241.870,10324.960
io_uring,slack=1ns,10000,4000,,29,4324.093,5743.422,6000.867,10324.960
io_uring,slack=1ns,10000,4000,,30,4344.672,5968.385,5980.288,10324.960
io_uring,slack=1ns,10000,4000,,31,4347.337,5965.451,5977.623,10324.960
io_uring,slack=1ns,10000,4000,,32,4440.231,5935.435,5884.729,10324.960
io_uring,slack=1ns,10000,4000,,33,4374.007,5936.545,5950.953,10324.960
io_uring,slack=1ns,10000,4000,,34,4344.682,5963.767,5980.278,10324.960
io_uring,slack=1ns,10000,4000,,35,4428.039,6012.759,5896.921,10324.960
io_uring,slack=1ns,10000,5000,,15,5348.991,4954.338,4974.775,10323.766
io_uring,slack=1ns,10000,5000,,16,5395.989,4915.435,4927.777,10323.766
io_uring,slack=1ns,10000,5000,,17,5363.418,4941.895,4960.348,10323.766
io_uring,slack=1ns,10000,5000,,18,5351.075,4947.805,4972.691,10323.766
io_uring,slack=1ns,10000,5000,,19,5351.286,4953.978,4972.480,10323.766
io_uring,slack=1ns,10000,5000,,20,5356.394,4952.124,4967.372,10323.766
io_uring,slack=1ns,10000,5000,,21,5348.690,4960.119,4975.076,10323.766
io_uring,slack=1ns,10000,5000,,22,5349.973,4958.937,4973.793,10323.766
io_uring,slack=1ns,10000,5000,,23,5442.286,4867.535,4881.480,10323.766
io_uring,slack=1ns,10000,5000,,24,5344.793,4710.910,4978.973,10323.766
io_uring,slack=1ns,10000,5000,,25,5087.269,4964.658,5236.497,10323.766
io_uring,slack=1ns,10000,5000,,26,5052.283,4990.536,5271.483,10323.766
io_uring,slack=1ns,10000,5000,,27,5101.615,4924.032,5222.151,10323.766
io_uring,slack=1ns,10000,5000,,28,5089.763,5175.814,5234.003,10323.766
io_uring,slack=1ns,10000,5000,,29,5342.179,4952.054,4981.587,10323.766
io_uring,slack=1ns,10000,5000,,30,5353.620,4956.181,4970.146,10323.766
io_uring,slack=1ns,10000,5000,,31,5364.059,4938.689,4959.707,10323.766
io_uring,slack=1ns,10000,5000,,32,5349.572,4948.027,4974.194,10323.766
io_uring,slack=1ns,10000,5000,,33,5372.073,4934.131,4951.693,10323.766
io_uring,slack=1ns,10000,5000,,34,5393.044,4813.513,4930.722,10323.766
io_uring,slack=1ns,10000,5000,,35,5343.721,4964.307,4980.045,10323.766
io_uring,slack=1ns,10000,6000,,15,6350.905,3892.351,3975.468,10326.373
io_uring,slack=1ns,10000,6000,,16,6343.732,3957.814,3982.641,10326.373
io_uring,slack=1ns,10000,6000,,17,6139.408,3893.683,4186.965,10326.373
io_uring,slack=1ns,10000,6000,,18,6087.240,4200.460,4239.133,10326.373
io_uring,slack=1ns,10000,6000,,19,6356.987,4003.129,3969.386,10326.373
io_uring,slack=1ns,10000,6000,,20,6349.373,3952.353,3977.000,10326.373
io_uring,slack=1ns,10000,6000,,21,6347.239,3953.566,3979.134,10326.373
io_uring,slack=1ns,10000,6000,,22,6398.655,4016.945,3927.718,10326.373
io_uring,slack=1ns,10000,6000,,23,6341.578,3962.573,3984.795,10326.373
io_uring,slack=1ns,10000,6000,,24,6361.285,3714.386,3965.088,10326.373
io_uring,slack=1ns,10000,6000,,25,6334.835,3967.302,3991.538,10326.373
io_uring,slack=1ns,10000,6000,,26,6397.984,4002.578,3928.389,10326.373
io_uring,slack=1ns,10000,6000,,27,6345.194,3958.316,3981.179,10326.373
io_uring,slack=1ns,10000,6000,,28,6349.182,3961.330,3977.191,10326.373
io_uring,slack=1ns,10000,6000,,29,6448.389,3974.105,3877.984,10326.373
io_uring,slack=1ns,10000,6000,,30,6349.101,3953.206,3977.272,10326.373
io_uring,slack=1ns,10000,6000,,31,6348.601,3954.758,3977.772,10326.373
io_uring,slack=1ns,10000,6000,,32,6477.714,3837.758,3848.659,10326.373
io_uring,slack=1ns,10000,6000,,33,6367.136,3935.653,3959.237,10326.373
io_uring,slack=1ns,10000,6000,,34,6353.098,3959.488,3973.275,10326.373
io_uring,slack=1ns,10000,6000,,35,6354.883,3952.835,3971.490,10326.373
io_uring,slack=1ns,10000,7000,,15,7345.887,2952.653,2977.511,10323.398
io_uring,slack=1ns,10000,7000,,16,7396.442,3010.312,2926.956,10323.398
io_uring,slack=1ns,10000,7000,,17,7380.220,2916.957,2943.178,10323.398
io_uring,slack=1ns,10000,7000,,18,7339.815,2744.012,2983.583,10323.398
io_uring,slack=1ns,10000,7000,,19,7084.806,3336.054,3238.592,10323.398
io_uring,slack=1ns,10000,7000,,20,7341.108,2965.146,2982.290,10323.398
io_uring,slack=1ns,10000,7000,,21,7349.023,2950.490,2974.375,10323.398
io_uring,slack=1ns,10000,7000,,22,7352.849,2948.936,2970.549,10323.398
io_uring,slack=1ns,10000,7000,,23,7445.935,2976.228,2877.463,10323.398
io_uring,slack=1ns,10000,7000,,24,7352.310,2948.154,2971.088,10323.398
io_uring,slack=1ns,10000,7000,,25,7350.776,2964.116,2972.622,10323.398
io_uring,slack=1ns,10000,7000,,26,7462.434,2843.399,2860.964,10323.398
io_uring,slack=1ns,10000,7000,,27,7354.092,2925.593,2969.306,10323.398
io_uring,slack=1ns,10000,7000,,28,7110.564,3191.884,3212.834,10323.398
io_uring,slack=1ns,10000,7000,,29,7288.478,3015.221,3034.920,10323.398
io_uring,slack=1ns,10000,7000,,30,7360.745,2965.989,2962.653,10323.398
io_uring,slack=1ns,10000,7000,,31,7350.856,2948.956,2972.542,10323.398
io_uring,slack=1ns,10000,7000,,32,7352.349,2951.462,2971.049,10323.398
io_uring,slack=1ns,10000,7000,,33,7474.728,2839.240,2848.670,10323.398
io_uring,slack=1ns,10000,7000,,34,7350.596,2946.542,2972.802,10323.398
io_uring,slack=1ns,10000,7000,,35,7354.974,2945.750,2968.424,10323.398
io_uring,slack=1ns,10000,8000,,15,8289.461,1972.280,2034.676,10324.137
io_uring,slack=1ns,10000,8000,,16,8340.969,1922.336,1983.168,10324.137
io_uring,slack=1ns,10000,8000,,17,8369.482,1925.281,1954.655,10324.137
io_uring,slack=1ns,10000,8000,,18,8342.602,1955.157,1981.535,10324.137
io_uring,slack=1ns,10000,8000,,19,8363.730,1934.879,1960.407,10324.137
io_uring,slack=1ns,10000,8000,,20,8360.245,1834.561,1963.892,10324.137
io_uring,slack=1ns,10000,8000,,21,8369.162,1933.045,1954.975,10324.137
io_uring,slack=1ns,10000,8000,,22,8363.762,1934.388,1960.375,10324.137
io_uring,slack=1ns,10000,8000,,23,8363.121,1700.158,1961.016,10324.137
io_uring,slack=1ns,10000,8000,,24,8094.164,2206.741,2229.973,10324.137
io_uring,slack=1ns,10000,8000,,25,8365.222,1937.665,1958.915,10324.137
io_uring,slack=1ns,10000,8000,,26,8368.050,1973.041,1956.087,10324.137
io_uring,slack=1ns,10000,8000,,27,8363.481,1930.060,1960.656,10324.137
io_uring,slack=1ns,10000,8000,,28,8357.951,1946.220,1966.186,10324.137
io_uring,slack=1ns,10000,8000,,29,8366.747,1943.556,1957.390,10324.137
io_uring,slack=1ns,10000,8000,,30,8289.492,1768.997,2034.645,10324.137
io_uring,slack=1ns,10000,8000,,31,8350.255,1946.300,1973.882,10324.137
io_uring,slack=1ns,10000,8000,,32,8361.748,1935.320,1962.389,10324.137
io_uring,slack=1ns,10000,8000,,33,8397.545,1900.876,1926.592,10324.137
io_uring,slack=1ns,10000,8000,,34,8085.147,2025.169,2238.990,10324.137
io_uring,slack=1ns,10000,8000,,35,8394.179,1672.807,1929.958,10324.137
io_uring,slack=1ns,10000,9000,,15,9353.363,906.805,955.868,10309.231
io_uring,slack=1ns,10000,9000,,16,9362.218,913.348,947.013,10309.231
io_uring,slack=1ns,10000,9000,,17,9387.367,979.632,921.864,10309.231
io_uring,slack=1ns,10000,9000,,18,9365.646,908.018,943.585,10309.231
io_uring,slack=1ns,10000,9000,,19,9423.263,969.814,885.968,10309.231
io_uring,slack=1ns,10000,9000,,20,9362.180,684.888,947.051,10309.231
io_uring,slack=1ns,10000,9000,,21,9342.290,1189.137,966.941,10309.231
io_uring,slack=1ns,10000,9000,,22,9351.730,905.543,957.501,10309.231
io_uring,slack=1ns,10000,9000,,23,9425.248,884.133,883.983,10309.231
io_uring,slack=1ns,10000,9000,,24,9095.206,1190.849,1214.025,10309.231
io_uring,slack=1ns,10000,9000,,25,9092.002,962.871,1217.229,10309.231
io_uring,slack=1ns,10000,9000,,26,9394.049,866.840,915.182,10309.231
io_uring,slack=1ns,10000,9000,,27,9426.329,977.369,882.902,10309.231
io_uring,slack=1ns,10000,9000,,28,9363.532,909.971,945.699,10309.231
io_uring,slack=1ns,10000,9000,,29,9371.477,896.696,937.754,10309.231
io_uring,slack=1ns,10000,9000,,30,9370.584,884.664,938.647,10309.231
io_uring,slack=1ns,10000,9000,,31,9361.097,928.637,948.134,10309.231
io_uring,slack=1ns,10000,9000,,32,9094.455,1193.525,1214.776,10309.231
io_uring,slack=1ns,10000,9000,,33,9362.830,913.418,946.401,10309.231
io_uring,slack=1ns,10000,9000,,34,9399.450,855.689,909.781,10309.231
io_uring,slack=1ns,10000,9000,,35,9315.671,964.053,993.560,10309.231
io_uring,slack=1ns,10000,10000,,15,10318.318,10423.946,10311.660,10314.989
io_uring,slack=1ns,10000,10000,,16,10090.588,10023.023,224.401,10314.989
io_uring,slack=1ns,10000,10000,,17,10163.857,10188.383,151.132,10314.989
io_uring,slack=1ns,10000,10000,,18,10321.784,10343.826,10308.194,10314.989
io_uring,slack=1ns,10000,10000,,19,10323.325,10302.538,10306.653,10314.989
io_uring,slack=1ns,10000,10000,,20,10432.754,10304.972,10197.224,10314.989
io_uring,slack=1ns,10000,10000,,21,10322.474,10405.402,10307.504,10314.989
io_uring,slack=1ns,10000,10000,,22,10300.574,10291.227,14.415,10314.989
io_uring,slack=1ns,10000,10000,,23,10337.472,10305.294,10292.506,10314.989
io_uring,slack=1ns,10000,10000,,24,10323.407,10291.548,10306.571,10314.989
io_uring,slack=1ns,10000,10000,,25,10326.822,10307.938,10303.156,10314.989
io_uring,slack=1ns,10000,10000,,26,10318.408,10044.593,10311.570,10314.989
io_uring,slack=1ns,10000,10000,,27,10210.695,10276.989,104.294,10314.989
io_uring,slack=1ns,10000,10000,,28,10320.913,10309.840,10309.065,10314.989
io_uring,slack=1ns,10000,10000,,29,10354.596,10290.406,10275.382,10314.989
io_uring,slack=1ns,10000,10000,,30,10090.318,10276.057,224.671,10314.989
io_uring,slack=1ns,10000,10000,,31,10429.006,10326.163,10200.972,10314.989
io_uring,slack=1ns,10000,10000,,32,10319.991,10392.716,10309.987,10314.989
io_uring,slack=1ns,10000,10000,,33,10336.712,10284.374,10293.266,10314.989
io_uring,slack=1ns,10000,10000,,34,10311.525,10290.685,3.464,10314.989
io_uring,slack=1ns,10000,10000,,35,10320.502,10293.380,10309.476,10314.989
io_uring,slack=1ns,10000,11000,,15,11317.357,9313.889,9333.963,10325.660
io_uring,slack=1ns,10000,11000,,16,11105.088,9721.285,9546.232,10325.660
io_uring,slack=1ns,10000,11000,,17,11121.317,9553.540,9530.003,10325.660
io_uring,slack=1ns,10000,11000,,18,11321.001,9309.851,9330.319,10325.660
io_uring,slack=1ns,10000,11000,,19,11417.917,9318.297,9233.403,10325.660
io_uring,slack=1ns,10000,11000,,20,11092.153,9653.375,9559.167,10325.660
io_uring,slack=1ns,10000,11000,,21,11322.276,9288.712,9329.044,10325.660
io_uring,slack=1ns,10000,11000,,22,11436.801,9320.571,9214.519,10325.660
io_uring,slack=1ns,10000,11000,,23,11316.023,9409.248,9335.297,10325.660
io_uring,slack=1ns,10000,11000,,24,11318.579,9313.628,9332.741,10325.660
io_uring,slack=1ns,10000,11000,,25,11118.291,9633.079,9533.029,10325.660
io_uring,slack=1ns,10000,11000,,26,11318.930,9031.177,9332.390,10325.660
io_uring,slack=1ns,10000,11000,,27,11390.764,9337.262,9260.556,10325.660
io_uring,slack=1ns,10000,11000,,28,11107.452,9559.320,9543.868,10325.660
io_uring,slack=1ns,10000,11000,,29,11303.531,9309.108,9347.789,10325.660
io_uring,slack=1ns,10000,11000,,30,11297.529,9340.108,9353.791,10325.660
io_uring,slack=1ns,10000,11000,,31,11314.241,9294.843,9337.079,10325.660
io_uring,slack=1ns,10000,11000,,32,11360.105,9324.639,9291.215,10325.660
io_uring,slack=1ns,10000,11000,,33,11352.363,9405.922,9298.957,10325.660
io_uring,slack=1ns,10000,11000,,34,11356.308,9254.237,9295.012,10325.660
io_uring,slack=1ns,10000,11000,,35,11421.733,9320.250,9229.587,10325.660
io_uring,slack=1ns,10000,12000,,15,12333.206,8305.272,8297.878,10315.542
io_uring,slack=1ns,10000,12000,,16,12338.195,8408.315,8292.889,10315.542
io_uring,slack=1ns,10000,12000,,17,12360.018,8273.751,8271.066,10315.542
io_uring,slack=1ns,10000,12000,,18,12389.463,8317.143,8241.621,10315.542
io_uring,slack=1ns,10000,12000,,19,12338.506,8322.534,8292.578,10315.542
io_uring,slack=1ns,10000,12000,,20,12390.824,8285.825,8240.260,10315.542
io_uring,slack=1ns,10000,12000,,21,12115.758,8245.167,8515.326,10315.542
io_uring,slack=1ns,10000,12000,,22,12353.886,8205.704,8277.198,10315.542
io_uring,slack=1ns,10000,12000,,23,12339.648,8308.437,8291.436,10315.542
io_uring,slack=1ns,10000,12000,,24,12335.601,8285.144,8295.483,10315.542
io_uring,slack=1ns,10000,12000,,25,12433.365,8021.686,8197.719,10315.542
io_uring,slack=1ns,10000,12000,,26,12334.931,8292.496,8296.153,10315.542
io_uring,slack=1ns,10000,12000,,27,12434.047,8336.550,8197.037,10315.542
io_uring,slack=1ns,10000,12000,,28,12335.831,8414.627,8295.253,10315.542
io_uring,slack=1ns,10000,12000,,29,12337.935,8292.247,8293.149,10315.542
io_uring,slack=1ns,10000,12000,,30,12399.661,8328.315,8231.423,10315.542
io_uring,slack=1ns,10000,12000,,31,12335.461,8017.550,8295.623,10315.542
io_uring,slack=1ns,10000,12000,,32,12467.949,7978.446,8163.135,10315.542
io_uring,slack=1ns,10000,12000,,33,12365.869,8246.870,8265.215,10315.542
io_uring,slack=1ns,10000,12000,,34,12419.139,8334.746,8211.945,10315.542
io_uring,slack=1ns,10000,12000,,35,12334.519,8398.247,8296.565,10315.542
io_uring,slack=1ns,10000,13000,,15,13095.211,7264.163,7554.029,10324.620
io_uring,slack=1ns,10000,13000,,16,13138.291,7554.901,7510.949,10324.620
io_uring,slack=1ns,10000,13000,,17,13367.111,7233.646,7282.129,10324.620
io_uring,slack=1ns,10000,13000,,18,13347.976,7263.492,7301.264,10324.620
io_uring,slack=1ns,10000,13000,,19,13343.387,7281.055,7305.853,10324.620
io_uring,slack=1ns,10000,13000,,20,13097.305,7525.154,7551.935,10324.620
io_uring,slack=1ns,10000,13000,,21,13341.714,7266.568,7307.526,10324.620
io_uring,slack=1ns,10000,13000,,22,13343.517,7262.751,7305.723,10324.620
io_uring,slack=1ns,10000,13000,,23,13348.066,7273.971,7301.174,10324.620
io_uring,slack=1ns,10000,13000,,24,13339.681,7277.778,7309.559,10324.620
io_uring,slack=1ns,10000,13000,,25,13490.404,6993.685,7158.836,10324.620
io_uring,slack=1ns,10000,13000,,26,13398.331,7188.200,7250.909,10324.620
io_uring,slack=1ns,10000,13000,,27,13437.965,7299.600,7211.275,10324.620
io_uring,slack=1ns,10000,13000,,28,13341.634,7287.657,7307.606,10324.620
io_uring,slack=1ns,10000,13000,,29,13341.995,7278.710,7307.245,10324.620
io_uring,slack=1ns,10000,13000,,30,13298.413,7302.806,7350.827,10324.620
io_uring,slack=1ns,10000,13000,,31,13342.075,7291.514,7307.165,10324.620
io_uring,slack=1ns,10000,13000,,32,13401.457,7317.113,7247.783,10324.620
io_uring,slack=1ns,10000,13000,,33,13369.957,7262.891,7279.283,10324.620
io_uring,slack=1ns,10000,13000,,34,13343.527,7231.142,7305.713,10324.620
io_uring,slack=1ns,10000,13000,,35,13347.234,7017.509,7302.006,10324.620
io_uring,slack=1ns,10000,14000,,15,14327.027,6226.550,6292.797,10309.912
io_uring,slack=1ns,10000,14000,,16,14364.097,6368.809,6255.727,10309.912
io_uring,slack=1ns,10000,14000,,17,14364.156,6259.754,6255.668,10309.912
io_uring,slack=1ns,10000,14000,,18,14442.193,6280.773,6177.631,10309.912
io_uring,slack=1ns,10000,14000,,19,14098.307,6263.621,6521.517,10309.912
io_uring,slack=1ns,10000,14000,,20,14123.494,6464.870,6496.330,10309.912
io_uring,slack=1ns,10000,14000,,21,14339.920,6287.266,6279.904,10309.912
io_uring,slack=1ns,10000,14000,,22,14341.603,6278.580,6278.221,10309.912
io_uring,slack=1ns,10000,14000,,23,14340.723,6281.784,6279.101,10309.912
io_uring,slack=1ns,10000,14000,,24,14095.021,6525.984,6524.803,10309.912
io_uring,slack=1ns,10000,14000,,25,14301.719,6287.516,6318.105,10309.912
io_uring,slack=1ns,10000,14000,,26,14341.203,6271.466,6278.621,10309.912
io_uring,slack=1ns,10000,14000,,27,14434.329,6296.392,6185.495,10309.912
io_uring,slack=1ns,10000,14000,,28,14339.701,6281.363,6280.123,10309.912
io_uring,slack=1ns,10000,14000,,29,14260.152,6110.092,6359.672,10309.912
io_uring,slack=1ns,10000,14000,,30,14391.107,5887.213,6228.717,10309.912
io_uring,slack=1ns,10000,14000,,31,14267.866,6317.883,6351.958,10309.912
io_uring,slack=1ns,10000,14000,,32,14340.402,5980.287,6279.422,10309.912
io_uring,slack=1ns,10000,14000,,33,14364.448,6239.334,6255.376,10309.912
io_uring,slack=1ns,10000,14000,,34,14341.585,6269.943,6278.239,10309.912
io_uring,slack=1ns,10000,14000,,35,14347.916,6301.542,6271.908,10309.912
io_uring,slack=1ns,10000,15000,,15,15345.923,5275.964,5299.525,10322.724
io_uring,slack=1ns,10000,15000,,16,15347.436,5263.209,5298.012,10322.724
io_uring,slack=1ns,10000,15000,,17,15376.180,5353.449,5269.268,10322.724
io_uring,slack=1ns,10000,15000,,18,15346.394,5267.427,5299.054,10322.724
io_uring,slack=1ns,10000,15000,,19,15439.119,4934.731,5206.329,10322.724
io_uring,slack=1ns,10000,15000,,20,15361.222,4706.582,5284.226,10322.724
io_uring,slack=1ns,10000,15000,,21,15061.057,5020.523,5584.391,10322.724
io_uring,slack=1ns,10000,15000,,22,15326.487,5236.058,5318.961,10322.724
io_uring,slack=1ns,10000,15000,,23,15333.309,5253.280,5312.139,10322.724
io_uring,slack=1ns,10000,15000,,24,15314.384,5264.502,5331.064,10322.724
io_uring,slack=1ns,10000,15000,,25,15418.049,5290.470,5227.399,10322.724
io_uring,slack=1ns,10000,15000,,26,15343.419,5253.921,5302.029,10322.724
io_uring,slack=1ns,10000,15000,,27,15369.268,5244.303,5276.180,10322.724
io_uring,slack=1ns,10000,15000,,28,15345.703,5299.597,5299.745,10322.724
io_uring,slack=1ns,10000,15000,,29,15346.925,5261.156,5298.523,10322.724
io_uring,slack=1ns,10000,15000,,30,15496.766,4960.551,5148.682,10322.724
io_uring,slack=1ns,10000,15000,,31,15350.101,5252.429,5295.347,10322.724
io_uring,slack=1ns,10000,15000,,32,15460.047,5147.362,5185.401,10322.724
io_uring,slack=1ns,10000,15000,,33,15374.145,5237.492,5271.303,10322.724
io_uring,slack=1ns,10000,15000,,34,15351.434,5031.743,5294.014,10322.724
io_uring,slack=1ns,10000,15000,,35,15333.811,5276.694,5311.637,10322.724
io_uring,slack=1ns,10000,16000,,15,16472.842,3898.202,4111.192,10292.017
io_uring,slack=1ns,10000,16000,,16,16327.190,4163.861,4256.844,10292.017
io_uring,slack=1ns,10000,16000,,17,16378.815,4309.035,4205.219,10292.017
io_uring,slack=1ns,10000,16000,,18,16353.158,4260.163,4230.876,10292.017
io_uring,slack=1ns,10000,16000,,19,16101.033,4525.241,4483.001,10292.017
io_uring,slack=1ns,10000,16000,,20,16118.356,4242.760,4465.678,10292.017
io_uring,slack=1ns,10000,16000,,21,16142.351,4214.477,4441.683,10292.017
io_uring,slack=1ns,10000,16000,,22,16351.555,4242.289,4232.479,10292.017
io_uring,slack=1ns,10000,16000,,23,16348.669,4351.735,4235.365,10292.017
io_uring,slack=1ns,10000,16000,,24,16349.190,4268.198,4234.844,10292.017
io_uring,slack=1ns,10000,16000,,25,16099.400,4520.814,4484.634,10292.017
io_uring,slack=1ns,10000,16000,,26,16351.353,4256.977,4232.681,10292.017
io_uring,slack=1ns,10000,16000,,27,16350.623,4266.315,4233.411,10292.017
io_uring,slack=1ns,10000,16000,,28,16344.731,3992.279,4239.303,10292.017
io_uring,slack=1ns,10000,16000,,29,16429.130,4290.310,4154.904,10292.017
io_uring,slack=1ns,10000,16000,,30,16378.594,3988.242,4205.440,10292.017
io_uring,slack=1ns,10000,16000,,31,16426.516,4031.422,4157.518,10292.017
io_uring,slack=1ns,10000,16000,,32,16346.145,4261.475,4237.889,10292.017
io_uring,slack=1ns,10000,16000,,33,16422.287,4295.290,4161.747,10292.017
io_uring,slack=1ns,10000,16000,,34,16337.928,4258.961,4246.106,10292.017
io_uring,slack=1ns,10000,16000,,35,16350.141,4266.806,4233.893,10292.017
io_uring,slack=1ns,10000,17000,,15,17355.903,3254.171,3292.875,10324.389
io_uring,slack=1ns,10000,17000,,16,17354.872,3264.500,3293.906,10324.389
io_uring,slack=1ns,10000,17000,,17,17374.158,2976.038,3274.620,10324.389
io_uring,slack=1ns,10000,17000,,18,17464.218,3152.920,3184.560,10324.389
io_uring,slack=1ns,10000,17000,,19,17353.148,3232.961,3295.630,10324.389
io_uring,slack=1ns,10000,17000,,20,17357.206,3271.604,3291.572,10324.389
io_uring,slack=1ns,10000,17000,,21,17370.741,3241.587,3278.037,10324.389
io_uring,slack=1ns,10000,17000,,22,17098.250,3178.829,3550.528,10324.389
io_uring,slack=1ns,10000,17000,,23,17372.885,3174.541,3275.893,10324.389
io_uring,slack=1ns,10000,17000,,24,17443.689,3279.909,3205.089,10324.389
io_uring,slack=1ns,10000,17000,,25,17288.177,3313.081,3360.601,10324.389
io_uring,slack=1ns,10000,17000,,26,17350.914,3261.374,3297.864,10324.389
io_uring,slack=1ns,10000,17000,,27,17351.786,3263.909,3296.992,10324.389
io_uring,slack=1ns,10000,17000,,28,17327.200,3260.463,3321.578,10324.389
io_uring,slack=1ns,10000,17000,,29,17357.426,3242.389,3291.352,10324.389
io_uring,slack=1ns,10000,17000,,30,17349.111,3260.823,3299.667,10324.389
io_uring,slack=1ns,10000,17000,,31,17365.261,3285.971,3283.517,10324.389
io_uring,slack=1ns,10000,17000,,32,17083.421,3278.256,3565.357,10324.389
io_uring,slack=1ns,10000,17000,,33,17097.738,3625.810,3551.040,10324.389
io_uring,slack=1ns,10000,17000,,34,17349.401,3020.211,3299.377,10324.389
io_uring,slack=1ns,10000,17000,,35,17424.543,3280.891,3224.235,10324.389
io_uring,slack=1ns,10000,18000,,15,18106.706,2288.764,2541.086,10323.896
io_uring,slack=1ns,10000,18000,,16,18327.061,2401.797,2320.731,10323.896
io_uring,slack=1ns,10000,18000,,17,18362.947,2238.631,2284.845,10323.896
io_uring,slack=1ns,10000,18000,,18,18097.759,2554.094,2550.033,10323.896
io_uring,slack=1ns,10000,18000,,19,18278.929,2315.996,2368.863,10323.896
io_uring,slack=1ns,10000,18000,,20,18124.589,2483.001,2523.203,10323.896
io_uring,slack=1ns,10000,18000,,21,18359.931,2336.816,2287.861,10323.896
io_uring,slack=1ns,10000,18000,,22,18111.053,2245.975,2536.739,10323.896
io_uring,slack=1ns,10000,18000,,23,18378.977,1968.813,2268.815,10323.896
io_uring,slack=1ns,10000,18000,,24,18480.720,2201.581,2167.072,10323.896
io_uring,slack=1ns,10000,18000,,25,18356.405,2239.622,2291.387,10323.896
io_uring,slack=1ns,10000,18000,,26,18361.414,2224.043,2286.378,10323.896
io_uring,slack=1ns,10000,18000,,27,18103.941,2572.679,2543.851,10323.896
io_uring,slack=1ns,10000,18000,,28,18363.619,2245.944,2284.173,10323.896
io_uring,slack=1ns,10000,18000,,29,18490.157,2123.654,2157.635,10323.896
io_uring,slack=1ns,10000,18000,,30,18362.016,1999.541,2285.776,10323.896
io_uring,slack=1ns,10000,18000,,31,18350.553,2240.815,2297.239,10323.896
io_uring,slack=1ns,10000,18000,,32,18360.333,2242.798,2287.459,10323.896
io_uring,slack=1ns,10000,18000,,33,18457.346,2083.909,2190.446,10323.896
io_uring,slack=1ns,10000,18000,,34,18362.086,2250.754,2285.706,10323.896
io_uring,slack=1ns,10000,18000,,35,18378.736,2287.854,2269.056,10323.896
io_uring,slack=1ns,10000,19000,,15,19321.932,950.838,1329.392,10325.662
io_uring,slack=1ns,10000,19000,,16,19362.879,1226.847,1288.445,10325.662
io_uring,slack=1ns,10000,19000,,17,19391.372,1261.312,1259.952,10325.662
io_uring,slack=1ns,10000,19000,,18,19362.848,984.482,1288.476,10325.662
io_uring,slack=1ns,10000,19000,,19,19471.975,1125.617,1179.349,10325.662
io_uring,slack=1ns,10000,19000,,20,19365.053,1188.034,1286.271,10325.662
io_uring,slack=1ns,10000,19000,,21,19395.449,1264.789,1255.875,10325.662
io_uring,slack=1ns,10000,19000,,22,19362.808,1239.271,1288.516,10325.662
io_uring,slack=1ns,10000,19000,,23,19364.812,1247.096,1286.512,10325.662
io_uring,slack=1ns,10000,19000,,24,19358.510,1259.198,1292.814,10325.662
io_uring,slack=1ns,10000,19000,,25,19332.994,990.643,1318.330,10325.662
io_uring,slack=1ns,10000,19000,,26,19362.699,1184.397,1288.625,10325.662
io_uring,slack=1ns,10000,19000,,27,19363.911,962.700,1287.413,10325.662
io_uring,slack=1ns,10000,19000,,28,19364.291,1249.500,1287.033,10325.662
io_uring,slack=1ns,10000,19000,,29,19414.495,1263.868,1236.829,10325.662
io_uring,slack=1ns,10000,19000,,30,19343.171,1027.824,1308.153,10325.662
io_uring,slack=1ns,10000,19000,,31,19444.922,1063.290,1206.402,10325.662
io_uring,slack=1ns,10000,19000,,32,19365.774,1233.820,1285.550,10325.662
io_uring,slack=1ns,10000,19000,,33,19403.335,1274.638,1247.989,10325.662
io_uring,slack=1ns,10000,19000,,34,19363.429,1235.554,1287.895,10325.662
io_uring,slack=1ns,10000,19000,,35,19202.297,927.174,1449.027,10325.662
io_uring,slack=1ns,10000,20000,,15,20172.701,135.154,472.813,10322.757
io_uring,slack=1ns,10000,20000,,16,20339.054,4.649,306.460,10322.757
io_uring,slack=1ns,10000,20000,,17,20411.641,39.194,233.873,10322.757
io_uring,slack=1ns,10000,20000,,18,20326.671,26.800,318.843,10322.757
io_uring,slack=1ns,10000,20000,,19,20323.555,31.850,321.959,10322.757
io_uring,slack=1ns,10000,20000,,20,20382.396,24.947,263.118,10322.757
io_uring,slack=1ns,10000,20000,,21,20325.160,13.595,320.354,10322.757
io_uring,slack=1ns,10000,20000,,22,20065.770,70.112,579.744,10322.757
io_uring,slack=1ns,10000,20000,,23,20342.421,10325.760,303.093,10322.757
io_uring,slack=1ns,10000,20000,,24,20149.058,187.433,496.456,10322.757
io_uring,slack=1ns,10000,20000,,25,20379.650,10340.428,265.864,10322.757
io_uring,slack=1ns,10000,20000,,26,20097.411,463.822,548.103,10322.757
io_uring,slack=1ns,10000,20000,,27,20352.440,10309.519,293.074,10322.757
io_uring,slack=1ns,10000,20000,,28,20341.309,25.207,304.205,10322.757
io_uring,slack=1ns,10000,20000,,29,20330.739,40.666,314.775,10322.757
io_uring,slack=1ns,10000,20000,,30,20323.686,57.488,321.828,10322.757
io_uring,slack=1ns,10000,20000,,31,20331.640,13.505,313.874,10322.757
io_uring,slack=1ns,10000,20000,,32,20328.006,29.405,317.508,10322.757
io_uring,slack=1ns,10000,20000,,33,20086.629,265.840,558.885,10322.757
io_uring,slack=1ns,10000,20000,,34,20361.707,10304.670,283.807,10322.757
io_uring,slack=1ns,10000,20000,,35,20373.250,30.637,272.264,10322.757
io_uring,slack=1ns,10000,21000,,15,21287.260,9743.915,9687.650,10324.970
io_uring,slack=1ns,10000,21000,,16,21289.423,9606.128,9685.487,10324.970
io_uring,slack=1ns,10000,21000,,17,21313.808,9493.045,9661.102,10324.970
io_uring,slack=1ns,10000,21000,,18,21250.399,9790.485,9724.511,10324.970
io_uring,slack=1ns,10000,21000,,19,21294.641,9652.736,9680.269,10324.970
io_uring,slack=1ns,10000,21000,,20,21290.704,9658.728,9684.206,10324.970
io_uring,slack=1ns,10000,21000,,21,21146.904,9468.018,9828.006,10324.970
io_uring,slack=1ns,10000,21000,,22,21284.884,9553.980,9690.026,10324.970
io_uring,slack=1ns,10000,21000,,23,21285.484,9666.112,9689.426,10324.970
io_uring,slack=1ns,10000,21000,,24,21278.421,9515.958,9696.489,10324.970
io_uring,slack=1ns,10000,21000,,25,21282.310,9750.578,9692.600,10324.970
io_uring,slack=1ns,10000,21000,,26,21284.765,9782.510,9690.145,10324.970
io_uring,slack=1ns,10000,21000,,27,21280.695,9779.004,9694.215,10324.970
io_uring,slack=1ns,10000,21000,,28,21513.342,8941.759,9461.568,10324.970
io_uring,slack=1ns,10000,21000,,29,21412.262,9437.411,9562.648,10324.970
io_uring,slack=1ns,10000,21000,,30,21299.592,9596.220,9675.318,10324.970
io_uring,slack=1ns,10000,21000,,31,21284.001,9716.375,9690.909,10324.970
io_uring,slack=1ns,10000,21000,,32,21310.502,9597.001,9664.408,10324.970
io_uring,slack=1ns,10000,21000,,33,21340.398,9629.582,9634.512,10324.970
io_uring,slack=1ns,10000,21000,,34,21284.553,9391.064,9690.357,10324.970
io_uring,slack=1ns,10000,21000,,35,21247.403,9497.672,9727.507,10324.970
io_uring,slack=1ns,10000,22000,,15,22348.544,8313.688,8622.784,10323.776
io_uring,slack=1ns,10000,22000,,16,22377.868,8511.179,8593.460,10323.776
io_uring,slack=1ns,10000,22000,,17,22359.013,8587.393,8612.315,10323.776
io_uring,slack=1ns,10000,22000,,18,22340.137,8720.491,8631.191,10323.776
io_uring,slack=1ns,10000,22000,,19,22339.256,8704.743,8632.072,10323.776
io_uring,slack=1ns,10000,22000,,20,22337.032,8715.904,8634.296,10323.776
io_uring,slack=1ns,10000,22000,,21,22338.765,8543.319,8632.563,10323.776
io_uring,slack=1ns,10000,22000,,22,22086.681,8534.572,8884.647,10323.776
io_uring,slack=1ns,10000,22000,,23,22252.844,8592.662,8718.484,10323.776
io_uring,slack=1ns,10000,22000,,24,22336.742,8580.367,8634.586,10323.776
io_uring,slack=1ns,10000,22000,,25,22335.420,8586.929,8635.908,10323.776
io_uring,slack=1ns,10000,22000,,26,22336.141,8601.288,8635.187,10323.776
io_uring,slack=1ns,10000,22000,,27,22339.597,8595.417,8631.731,10323.776
io_uring,slack=1ns,10000,22000,,28,22371.016,8621.276,8600.312,10323.776
io_uring,slack=1ns,10000,22000,,29,22103.062,8594.565,8868.266,10323.776
io_uring,slack=1ns,10000,22000,,30,22186.438,8520.866,8784.890,10323.776
io_uring,slack=1ns,10000,22000,,31,22095.598,8535.885,8875.730,10323.776
io_uring,slack=1ns,10000,22000,,32,22350.898,8579.648,8620.430,10323.776
io_uring,slack=1ns,10000,22000,,33,22364.103,8542.497,8607.225,10323.776
io_uring,slack=1ns,10000,22000,,34,22335.259,8600.226,8636.069,10323.776
io_uring,slack=1ns,10000,22000,,35,22337.943,8683.773,8633.385,10323.776
io_uring,slack=1ns,10000,23000,,15,23346.601,7530.956,7619.474,10322.025
io_uring,slack=1ns,10000,23000,,16,23330.370,7634.049,7635.705,10322.025
io_uring,slack=1ns,10000,23000,,17,23365.958,7538.167,7600.117,10322.025
io_uring,slack=1ns,10000,23000,,18,23354.698,7575.557,7611.377,10322.025
io_uring,slack=1ns,10000,23000,,19,23347.243,7575.728,7618.832,10322.025
io_uring,slack=1ns,10000,23000,,20,23096.241,7519.243,7869.834,10322.025
io_uring,slack=1ns,10000,23000,,21,23338.986,7596.658,7627.089,10322.025
io_uring,slack=1ns,10000,23000,,22,23340.901,7562.855,7625.174,10322.025
io_uring,slack=1ns,10000,23000,,23,23342.994,7579.196,7623.081,10322.025
io_uring,slack=1ns,10000,23000,,24,23353.684,7576.591,7612.391,10322.025
io_uring,slack=1ns,10000,23000,,25,23456.128,7562.073,7509.947,10322.025
io_uring,slack=1ns,10000,23000,,26,23349.026,7593.651,7617.049,10322.025
io_uring,slack=1ns,10000,23000,,27,23322.687,7060.891,7643.388,10322.025
io_uring,slack=1ns,10000,23000,,28,23336.892,7543.799,7629.183,10322.025
io_uring,slack=1ns,10000,23000,,29,23469.673,7438.121,7496.402,10322.025
io_uring,slack=1ns,10000,23000,,30,23347.743,7321.852,7618.332,10322.025
io_uring,slack=1ns,10000,23000,,31,23339.808,7696.234,7626.267,10322.025
io_uring,slack=1ns,10000,23000,,32,23354.598,7575.908,7611.477,10322.025
io_uring,slack=1ns,10000,23000,,33,23375.336,7298.928,7590.739,10322.025
io_uring,slack=1ns,10000,23000,,34,23299.303,7394.177,7666.772,10322.025
io_uring,slack=1ns,10000,23000,,35,23340.781,7594.823,7625.294,10322.025
io_uring,slack=1ns,10000,24000,,15,24405.083,6450.082,6569.431,10324.838
io_uring,slack=1ns,10000,24000,,16,24350.500,6299.969,6624.014,10324.838
io_uring,slack=1ns,10000,24000,,17,24363.555,6641.172,6610.959,10324.838
io_uring,slack=1ns,10000,24000,,18,24345.480,6571.811,6629.034,10324.838
io_uring,slack=1ns,10000,24000,,19,24289.815,6634.068,6684.699,10324.838
io_uring,slack=1ns,10000,24000,,20,24302.421,6290.621,6672.093,10324.838
io_uring,slack=1ns,10000,24000,,21,24351.602,6583.372,6622.912,10324.838
io_uring,slack=1ns,10000,24000,,22,24365.600,6328.442,6608.914,10324.838
io_uring,slack=1ns,10000,24000,,23,24342.726,6607.919,6631.788,10324.838
io_uring,slack=1ns,10000,24000,,24,24384.052,6573.705,6590.462,10324.838
io_uring,slack=1ns,10000,24000,,25,24475.324,6454.070,6499.190,10324.838
io_uring,slack=1ns,10000,24000,,26,24101.122,6579.304,6873.392,10324.838
io_uring,slack=1ns,10000,24000,,27,24367.853,6258.382,6606.661,10324.838
io_uring,slack=1ns,10000,24000,,28,24457.881,6503.263,6516.633,10324.838
io_uring,slack=1ns,10000,24000,,29,24352.392,6576.300,6622.122,10324.838
io_uring,slack=1ns,10000,24000,,30,24346.633,6609.722,6627.881,10324.838
io_uring,slack=1ns,10000,24000,,31,24357.804,6402.572,6616.710,10324.838
io_uring,slack=1ns,10000,24000,,32,24344.619,6585.697,6629.895,10324.838
io_uring,slack=1ns,10000,24000,,33,24121.169,6497.491,6853.345,10324.838
io_uring,slack=1ns,10000,24000,,34,24330.623,6567.232,6643.891,10324.838
io_uring,slack=1ns,10000,24000,,35,24349.317,6587.060,6625.197,10324.838
io_uring,slack=1ns,10000,25000,,15,25297.892,5349.632,5671.852,10323.248
io_uring,slack=1ns,10000,25000,,16,25341.753,5554.227,5627.991,10323.248
io_uring,slack=1ns,10000,25000,,17,25375.607,5558.836,5594.137,10323.248
io_uring,slack=1ns,10000,25000,,18,25340.450,5326.639,5629.294,10323.248
io_uring,slack=1ns,10000,25000,,19,25424.199,5552.604,5545.545,10323.248
io_uring,slack=1ns,10000,25000,,20,25354.988,5581.387,5614.756,10323.248
io_uring,slack=1ns,10000,25000,,21,25350.801,5570.798,5618.943,10323.248
io_uring,slack=1ns,10000,25000,,22,25344.619,5044.248,5625.125,10323.248
io_uring,slack=1ns,10000,25000,,23,25460.677,5271.605,5509.067,10323.248
io_uring,slack=1ns,10000,25000,,24,25344.849,5570.628,5624.895,10323.248
io_uring,slack=1ns,10000,25000,,25,25343.867,5453.948,5625.877,10323.248
io_uring,slack=1ns,10000,25000,,26,25326.255,5604.420,5643.489,10323.248
io_uring,slack=1ns,10000,25000,,27,25349.008,5574.996,5620.736,10323.248
io_uring,slack=1ns,10000,25000,,28,25433.095,5587.799,5536.649,10323.248
io_uring,slack=1ns,10000,25000,,29,25451.451,5610.041,5518.293,10323.248
io_uring,slack=1ns,10000,25000,,30,25475.716,5433.259,5494.028,10323.248
io_uring,slack=1ns,10000,25000,,31,25351.553,5563.854,5618.191,10323.248
io_uring,slack=1ns,10000,25000,,32,25344.038,5572.510,5625.706,10323.248
io_uring,slack=1ns,10000,25000,,33,25392.259,5555.440,5577.485,10323.248
io_uring,slack=1ns,10000,25000,,34,25346.953,5652.231,5622.791,10323.248
io_uring,slack=1ns,10000,25000,,35,25103.055,5527.295,5866.689,10323.248
io_uring,slack=1ns,10000,26000,,15,26356.304,4526.142,4609.981,10322.095
io_uring,slack=1ns,10000,26000,,16,26342.557,4344.481,4623.728,10322.095
io_uring,slack=1ns,10000,26000,,17,26375.489,4659.685,4590.796,10322.095
io_uring,slack=1ns,10000,26000,,18,26348.909,4559.035,4617.376,10322.095
io_uring,slack=1ns,10000,26000,,19,26348.679,4529.018,4617.606,10322.095
io_uring,slack=1ns,10000,26000,,20,26352.847,4302.583,4613.438,10322.095
io_uring,slack=1ns,10000,26000,,21,26357.524,4555.218,4608.761,10322.095
io_uring,slack=1ns,10000,26000,,22,26368.365,4314.395,4597.920,10322.095
io_uring,slack=1ns,10000,26000,,23,26362.936,4575.736,4603.349,10322.095
io_uring,slack=1ns,10000,26000,,24,26428.289,4590.704,4537.996,10322.095
io_uring,slack=1ns,10000,26000,,25,26506.636,4296.802,4459.649,10322.095
io_uring,slack=1ns,10000,26000,,26,26316.348,4447.084,4649.937,10322.095
io_uring,slack=1ns,10000,26000,,27,26387.983,4388.925,4578.302,10322.095
io_uring,slack=1ns,10000,26000,,28,26328.640,4588.150,4637.645,10322.095
io_uring,slack=1ns,10000,26000,,29,26456.381,4572.861,4509.904,10322.095
io_uring,slack=1ns,10000,26000,,30,26355.231,4554.016,4611.054,10322.095
io_uring,slack=1ns,10000,26000,,31,26356.583,4567.872,4609.702,10322.095
io_uring,slack=1ns,10000,26000,,32,26347.416,4313.914,4618.869,10322.095
io_uring,slack=1ns,10000,26000,,33,26110.171,4502.919,4856.114,10322.095
io_uring,slack=1ns,10000,26000,,34,26342.497,4552.613,4623.788,10322.095
io_uring,slack=1ns,10000,26000,,35,26342.908,4557.512,4623.377,10322.095
io_uring,slack=1ns,10000,27000,,15,27354.031,3583.770,3632.603,10328.878
io_uring,slack=1ns,10000,27000,,16,27353.227,3270.572,3633.407,10328.878
io_uring,slack=1ns,10000,27000,,17,27379.968,3633.725,3606.666,10328.878
io_uring,slack=1ns,10000,27000,,18,27358.418,3487.690,3628.216,10328.878
io_uring,slack=1ns,10000,27000,,19,27354.319,3651.498,3632.315,10328.878
io_uring,slack=1ns,10000,27000,,20,27341.406,3293.545,3645.228,10328.878
io_uring,slack=1ns,10000,27000,,21,27357.135,3630.097,3629.499,10328.878
io_uring,slack=1ns,10000,27000,,22,27358.319,3505.974,3628.315,10328.878
io_uring,slack=1ns,10000,27000,,23,27348.919,3673.951,3637.715,10328.878
io_uring,slack=1ns,10000,27000,,24,27357.807,3552.021,3628.827,10328.878
io_uring,slack=1ns,10000,27000,,25,27353.027,3567.550,3633.607,10328.878
io_uring,slack=1ns,10000,27000,,26,27090.434,3517.997,3896.200,10328.878
io_uring,slack=1ns,10000,27000,,27,27295.680,3042.072,3690.954,10328.878
io_uring,slack=1ns,10000,27000,,28,27069.944,3597.818,3916.690,10328.878
io_uring,slack=1ns,10000,27000,,29,27362.966,3533.807,3623.668,10328.878
io_uring,slack=1ns,10000,27000,,30,27358.427,3534.458,3628.207,10328.878
io_uring,slack=1ns,10000,27000,,31,27325.266,3672.838,3661.368,10328.878
io_uring,slack=1ns,10000,27000,,32,27350.312,3679.892,3636.322,10328.878
io_uring,slack=1ns,10000,27000,,33,27092.437,3547.673,3894.197,10328.878
io_uring,slack=1ns,10000,27000,,34,27477.642,3456.412,3508.992,10328.878
io_uring,slack=1ns,10000,27000,,35,27356.864,3559.795,3629.770,10328.878
io_uring,slack=1ns,10000,28000,,15,28371.413,2528.215,2588.200,10319.871
io_uring,slack=1ns,10000,28000,,16,28352.737,2549.484,2606.876,10319.871
io_uring,slack=1ns,10000,28000,,17,28376.683,2550.005,2582.930,10319.871
io_uring,slack=1ns,10000,28000,,18,28102.335,2273.166,2857.278,10319.871
io_uring,slack=1ns,10000,28000,,19,28401.148,2601.072,2558.465,10319.871
io_uring,slack=1ns,10000,28000,,20,28360.913,2506.744,2598.700,10319.871
io_uring,slack=1ns,10000,28000,,21,28353.549,2614.788,2606.064,10319.871
io_uring,slack=1ns,10000,28000,,22,28355.661,2566.858,2603.952,10319.871
io_uring,slack=1ns,10000,28000,,23,28354.941,2559.424,2604.672,10319.871
io_uring,slack=1ns,10000,28000,,24,28345.312,2573.451,2614.301,10319.871
io_uring,slack=1ns,10000,28000,,25,28355.181,2132.601,2604.432,10319.871
io_uring,slack=1ns,10000,28000,,26,28355.332,2552.070,2604.281,10319.871
io_uring,slack=1ns,10000,28000,,27,28357.907,2556.147,2601.706,10319.871
io_uring,slack=1ns,10000,28000,,28,28387.753,2285.098,2571.860,10319.871
io_uring,slack=1ns,10000,28000,,29,28344.761,2658.290,2614.852,10319.871
io_uring,slack=1ns,10000,28000,,30,28352.898,2565.885,2606.715,10319.871
io_uring,slack=1ns,10000,28000,,31,28355.551,2588.639,2604.062,10319.871
io_uring,slack=1ns,10000,28000,,32,28108.398,2526.622,2851.215,10319.871
io_uring,slack=1ns,10000,28000,,33,28496.799,2432.665,2462.814,10319.871
io_uring,slack=1ns,10000,28000,,34,28360.290,2558.993,2599.323,10319.871
io_uring,slack=1ns,10000,28000,,35,28374.508,2646.638,2585.105,10319.871
io_uring,slack=1ns,10000,29000,,15,29364.629,1548.022,1604.383,10323.004
io_uring,slack=1ns,10000,29000,,16,29366.374,1299.203,1602.638,10323.004
io_uring,slack=1ns,10000,29000,,17,29470.959,1536.440,1498.053,10323.004
io_uring,slack=1ns,10000,29000,,18,29398.464,1519.177,1570.548,10323.004
io_uring,slack=1ns,10000,29000,,19,29096.676,1315.675,1872.336,10323.004
io_uring,slack=1ns,10000,29000,,20,29729.686,1175.230,1239.326,10323.004
io_uring,slack=1ns,10000,29000,,21,29466.673,1549.744,1502.339,10323.004
io_uring,slack=1ns,10000,29000,,22,29353.890,1326.696,1615.122,10323.004
io_uring,slack=1ns,10000,29000,,23,29347.166,1520.450,1621.846,10323.004
io_uring,slack=1ns,10000,29000,,24,29358.980,1558.521,1610.032,10323.004
io_uring,slack=1ns,10000,29000,,25,29334.062,1549.454,1634.950,10323.004
io_uring,slack=1ns,10000,29000,,26,29369.880,1287.211,1599.132,10323.004
io_uring,slack=1ns,10000,29000,,27,29358.308,1524.748,1610.704,10323.004
io_uring,slack=1ns,10000,29000,,28,29349.572,1606.581,1619.440,10323.004
io_uring,slack=1ns,10000,29000,,29,29347.418,1568.349,1621.594,10323.004
io_uring,slack=1ns,10000,29000,,30,29359.459,1552.350,1609.553,10323.004
io_uring,slack=1ns,10000,29000,,31,29410.257,1526.581,1558.755,10323.004
io_uring,slack=1ns,10000,29000,,32,29351.856,1687.513,1617.156,10323.004
io_uring,slack=1ns,10000,29000,,33,29492.009,1090.040,1477.003,10323.004
io_uring,slack=1ns,10000,29000,,34,29336.428,1638.041,1632.584,10323.004
io_uring,slack=1ns,10000,29000,,35,29348.689,1564.142,1620.323,10323.004
io_uring,slack=1ns,10000,30000,,15,30285.472,85.982,684.956,10323.476
io_uring,slack=1ns,10000,30000,,16,30338.131,502.365,632.297,10323.476
io_uring,slack=1ns,10000,30000,,17,30466.904,477.127,503.524,10323.476
io_uring,slack=1ns,10000,30000,,18,30369.741,717.019,600.687,10323.476
io_uring,slack=1ns,10000,30000,,19,30338.192,666.804,632.236,10323.476
io_uring,slack=1ns,10000,30000,,20,30388.757,700.407,581.671,10323.476
io_uring,slack=1ns,10000,30000,,21,30348.871,52.048,621.557,10323.476
io_uring,slack=1ns,10000,30000,,22,30326.670,481.405,643.758,10323.476
io_uring,slack=1ns,10000,30000,,23,30486.341,505.701,484.087,10323.476
io_uring,slack=1ns,10000,30000,,24,30352.499,670.581,617.929,10323.476
io_uring,slack=1ns,10000,30000,,25,30398.595,10306.375,571.833,10323.476
io_uring,slack=1ns,10000,30000,,26,30385.148,492.717,585.280,10323.476
io_uring,slack=1ns,10000,30000,,27,30342.891,521.802,627.537,10323.476
io_uring,slack=1ns,10000,30000,,28,30360.233,32.041,610.195,10323.476
io_uring,slack=1ns,10000,30000,,29,30060.319,912.606,910.109,10323.476
io_uring,slack=1ns,10000,30000,,30,30362.548,482.998,607.880,10323.476
io_uring,slack=1ns,10000,30000,,31,30365.291,491.825,605.137,10323.476
io_uring,slack=1ns,10000,30000,,32,30375.292,654.370,595.136,10323.476
io_uring,slack=1ns,10000,30000,,33,30397.945,666.784,572.483,10323.476
io_uring,slack=1ns,10000,30000,,34,30103.711,545.065,866.717,10323.476
io_uring,slack=1ns,10000,30000,,35,30400.159,180.940,570.269,10323.476
iocp,timer=1ms,1000,,0.050,15,1034.700,998.300,483.400,1518.100
iocp,timer=1ms,1000,,0.050,16,516.400,997.700,1001.700,1518.100
iocp,timer=1ms,1000,,0.050,17,516.800,1001.500,1001.300,1518.100
iocp,timer=1ms,1000,,0.050,18,670.300,848.800,847.800,1518.100
iocp,timer=1ms,1000,,0.050,19,519.800,997.000,998.300,1518.100
iocp,timer=1ms,1000,,0.050,20,517.300,998.300,1000.800,1518.100
iocp,timer=1ms,1000,,0.050,21,515.800,505.500,1002.300,1518.100
iocp,timer=1ms,1000,,0.050,22,517.300,1003.500,1000.800,1518.100
iocp,timer=1ms,1000,,0.050,23,502.800,1001.400,1015.300,1518.100
iocp,timer=1ms,1000,,0.050,24,507.200,1003.100,1010.900,1518.100
iocp,timer=1ms,1000,,0.050,25,520.200,995.800,997.900,1518.100
iocp,timer=1ms,1000,,0.050,26,515.700,998.400,1002.400,1518.100
iocp,timer=1ms,1000,,0.050,27,515.300,998.400,1002.800,1518.100
iocp,timer=1ms,1000,,0.050,28,515.100,1174.600,1003.000,1518.100
iocp,timer=1ms,1000,,0.050,29,545.900,996.300,972.200,1518.100
iocp,timer=1ms,1000,,0.050,30,521.100,996.100,997.000,1518.100
iocp,timer=1ms,1000,,0.050,31,517.500,1012.400,1000.600,1518.100
iocp,timer=1ms,1000,,0.050,32,516.400,997.300,1001.700,1518.100
iocp,timer=1ms,1000,,0.050,33,515.400,998.200,1002.700,1518.100
iocp,timer=1ms,1000,,0.050,34,527.800,985.600,990.300,1518.100
iocp,timer=1ms,1000,,0.050,35,515.200,998.300,1002.900,1518.100
iocp,timer=1ms,1000,,0.150,15,1063.600,1110.100,454.700,1518.300
iocp,timer=1ms,1000,,0.150,16,531.800,994.600,986.500,1518.300
iocp,timer=1ms,1000,,0.150,17,524.700,1003.800,993.600,1518.300
iocp,timer=1ms,1000,,0.150,18,529.300,1012.700,989.000,1518.300
iocp,timer=1ms,1000,,0.150,19,529.900,1015.900,988.400,1518.300
iocp,timer=1ms,1000,,0.150,20,530.000,996.100,988.300,1518.300
iocp,timer=1ms,1000,,0.150,21,520.700,998.000,997.600,1518.300
iocp,timer=1ms,1000,,0.150,22,518.400,998.300,999.900,1518.300
iocp,timer=1ms,1000,,0.150,23,515.200,998.400,1003.100,1518.300
iocp,timer=1ms,1000,,0.150,24,515.100,998.400,1003.200,1518.300
iocp,timer=1ms,1000,,0.150,25,515.200,1226.700,1003.100,1518.300
iocp,timer=1ms,1000,,0.150,26,534.600,996.600,983.700,1518.300
iocp,timer=1ms,1000,,0.150,27,525.500,999.700,992.800,1518.300
iocp,timer=1ms,1000,,0.150,28,529.500,995.200,988.800,1518.300
iocp,timer=1ms,1000,,0.150,29,530.700,1023.800,987.600,1518.300
iocp,timer=1ms,1000,,0.150,30,517.900,996.800,1000.400,1518.300
iocp,timer=1ms,1000,,0.150,31,516.300,998.200,1002.000,1518.300
iocp,timer=1ms,1000,,0.150,32,515.300,999.800,1003.000,1518.300
iocp,timer=1ms,1000,,0.150,33,515.800,997.700,1002.500,1518.300
iocp,timer=1ms,1000,,0.150,34,523.600,991.300,994.700,1518.300
iocp,timer=1ms,1000,,0.150,35,516.200,1191.200,1002.100,1518.300
iocp,timer=1ms,1000,,0.250,15,1040.100,995.700,482.800,1522.900
iocp,timer=1ms,1000,,0.250,16,516.900,997.900,1006.000,1522.900
iocp,timer=1ms,1000,,0.250,17,516.300,1001.700,1006.600,1522.900
iocp,timer=1ms,1000,,0.250,18,515.400,998.200,1007.500,1522.900
iocp,timer=1ms,1000,,0.250,19,514.900,998.500,1008.000,1522.900
iocp,timer=1ms,1000,,0.250,20,516.700,1004.700,1006.200,1522.900
iocp,timer=1ms,1000,,0.250,21,529.400,993.700,993.500,1522.900
iocp,timer=1ms,1000,,0.250,22,519.600,997.200,1003.300,1522.900
iocp,timer=1ms,1000,,0.250,23,516.300,1000.100,1006.600,1522.900
iocp,timer=1ms,1000,,0.250,24,515.900,508.600,1007.000,1522.900
iocp,timer=1ms,1000,,0.250,25,518.400,999.800,1004.500,1522.900
iocp,timer=1ms,1000,,0.250,26,507.800,1668.900,1015.100,1522.900
iocp,timer=1ms,1000,,0.250,27,525.000,998.000,997.900,1522.900
iocp,timer=1ms,1000,,0.250,28,518.200,999.900,1004.700,1522.900
iocp,timer=1ms,1000,,0.250,29,528.800,999.000,994.100,1522.900
iocp,timer=1ms,1000,,0.250,30,517.100,1210.400,1005.800,1522.900
iocp,timer=1ms,1000,,0.250,31,799.600,1019.400,723.300,1522.900
iocp,timer=1ms,1000,,0.250,32,517.800,1014.800,1005.100,1522.900
iocp,timer=1ms,1000,,0.250,33,516.200,998.400,1006.700,1522.900
iocp,timer=1ms,1000,,0.250,34,523.800,989.800,999.100,1522.900
iocp,timer=1ms,1000,,0.250,35,517.300,997.800,1005.600,1522.900
iocp,timer=1ms,1000,,0.350,15,1035.700,1155.700,486.800,1522.500
iocp,timer=1ms,1000,,0.350,16,852.000,1013.500,670.500,1522.500
iocp,timer=1ms,1000,,0.350,17,1014.400,1046.500,508.100,1522.500
iocp,timer=1ms,1000,,0.350,18,1004.500,1013.800,518.000,1522.500
iocp,timer=1ms,1000,,0.350,19,1016.000,0.500,506.500,1522.500
iocp,timer=1ms,1000,,0.350,20,546.000,996.600,976.500,1522.500
iocp,timer=1ms,1000,,0.350,21,1005.200,1000.600,517.300,1522.500
iocp,timer=1ms,1000,,0.350,22,1005.200,9.000,517.300,1522.500
iocp,timer=1ms,1000,,0.350,23,1030.900,1000.400,491.600,1522.500
iocp,timer=1ms,1000,,0.350,24,1004.200,1194.000,518.300,1522.500
iocp,timer=1ms,1000,,0.350,25,812.500,999.200,710.000,1522.500
iocp,timer=1ms,1000,,0.350,26,1004.500,1500.200,518.000,1522.500
iocp,timer=1ms,1000,,0.350,27,1004.800,1500.400,517.700,1522.500
iocp,timer=1ms,1000,,0.350,28,1010.900,1026.100,511.600,1522.500
iocp,timer=1ms,1000,,0.350,29,1056.700,1008.600,465.800,1522.500
iocp,timer=1ms,1000,,0.350,30,994.800,1015.200,527.700,1522.500
iocp,timer=1ms,1000,,0.350,31,1006.200,1644.500,516.300,1522.500
iocp,timer=1ms,1000,,0.350,32,863.700,1505.400,658.800,1522.500
iocp,timer=1ms,1000,,0.350,33,1007.100,1043.300,515.400,1522.500
iocp,timer=1ms,1000,,0.350,34,1013.600,1012.700,508.900,1522.500
iocp,timer=1ms,1000,,0.350,35,1005.200,1000.900,517.300,1522.500
iocp,timer=1ms,1000,,0.450,15,1036.100,996.000,487.900,1524.000
iocp,timer=1ms,1000,,0.450,16,1003.800,1125.500,520.200,1524.000
iocp,timer=1ms,1000,,0.450,17,886.200,1377.100,637.800,1524.000
iocp,timer=1ms,1000,,0.450,18,1005.600,1502.200,518.400,1524.000
iocp,timer=1ms,1000,,0.450,19,1018.100,1015.900,505.900,1524.000
iocp,timer=1ms,1000,,0.450,20,1004.100,1007.800,519.900,1524.000
iocp,timer=1ms,1000,,0.450,21,1006.100,1532.200,517.900,1524.000
iocp,timer=1ms,1000,,0.450,22,973.100,1001.300,550.900,1524.000
iocp,timer=1ms,1000,,0.450,23,1004.200,1235.200,519.800,1524.000
iocp,timer=1ms,1000,,0.450,24,773.700,1013.200,750.300,1524.000
iocp,timer=1ms,1000,,0.450,25,1012.700,995.300,511.300,1524.000
iocp,timer=1ms,1000,,0.450,26,1003.800,1499.900,520.200,1524.000
iocp,timer=1ms,1000,,0.450,27,1004.900,1500.300,519.100,1524.000
iocp,timer=1ms,1000,,0.450,28,1004.800,1518.500,519.200,1524.000
iocp,timer=1ms,1000,,0.450,29,987.700,1507.700,536.300,1524.000
iocp,timer=1ms,1000,,0.450,30,1040.200,1105.900,483.800,1524.000
iocp,timer=1ms,1000,,0.450,31,900.700,1495.800,623.300,1524.000
iocp,timer=1ms,1000,,0.450,32,1004.800,1502.200,519.200,1524.000
iocp,timer=1ms,1000,,0.450,33,1004.800,1948.200,519.200,1524.000
iocp,timer=1ms,1000,,0.450,34,1010.000,1029.200,514.000,1524.000
iocp,timer=1ms,1000,,0.450,35,993.200,1970.500,530.800,1524.000
iocp,timer=1ms,1000,,0.550,15,1043.100,996.500,481.300,1524.400
iocp,timer=1ms,1000,,0.550,16,1006.600,1050.800,517.800,1524.400
iocp,timer=1ms,1000,,0.550,17,1005.100,1012.300,519.300,1524.400
iocp,timer=1ms,1000,,0.550,18,1005.200,1000.800,519.200,1524.400
iocp,timer=1ms,1000,,0.550,19,1005.300,7.800,519.100,1524.400
iocp,timer=1ms,1000,,0.550,20,1032.300,999.600,492.100,1524.400
iocp,timer=1ms,1000,,0.550,21,1006.400,1130.100,518.000,1524.400
iocp,timer=1ms,1000,,0.550,22,877.800,998.900,646.600,1524.400
iocp,timer=1ms,1000,,0.550,23,1004.200,1000.600,520.200,1524.400
iocp,timer=1ms,1000,,0.550,24,1004.300,1000.900,520.100,1524.400
iocp,timer=1ms,1000,,0.550,25,1006.800,1022.600,517.600,1524.400
iocp,timer=1ms,1000,,0.550,26,1006.000,1018.800,518.400,1524.400
iocp,timer=1ms,1000,,0.550,27,1003.500,7.100,520.900,1524.400
iocp,timer=1ms,1000,,0.550,28,1028.300,997.600,496.100,1524.400
iocp,timer=1ms,1000,,0.550,29,1005.600,1711.000,518.800,1524.400
iocp,timer=1ms,1000,,0.550,30,1540.200,991.700,1508.600,1524.400
iocp,timer=1ms,1000,,0.550,31,1006.900,1499.000,517.500,1524.400
iocp,timer=1ms,1000,,0.550,32,1004.700,1000.200,519.700,1524.400
iocp,timer=1ms,1000,,0.550,33,1004.100,1000.800,520.300,1524.400
iocp,timer=1ms,1000,,0.550,34,1027.800,1017.000,496.600,1524.400
iocp,timer=1ms,1000,,0.550,35,1010.200,1025.100,514.200,1524.400
iocp,timer=1ms,1000,,0.650,15,2046.200,1010.500,1064.400,1555.300
iocp,timer=1ms,1000,,0.650,16,1684.600,875.700,1426.000,1555.300
iocp,timer=1ms,1000,,0.650,17,1517.400,994.200,37.900,1555.300
iocp,timer=1ms,1000,,0.650,18,1541.200,976.800,14.100,1555.300
iocp,timer=1ms,1000,,0.650,19,1519.500,996.400,35.800,1555.300
iocp,timer=1ms,1000,,0.650,20,1518.100,999.700,37.200,1555.300
iocp,timer=1ms,1000,,0.650,21,1511.100,1678.800,44.200,1555.300
iocp,timer=1ms,1000,,0.650,22,1705.800,813.900,1404.800,1555.300
iocp,timer=1ms,1000,,0.650,23,1527.300,997.200,28.000,1555.300
iocp,timer=1ms,1000,,0.650,24,1518.800,20.400,36.500,1555.300
iocp,timer=1ms,1000,,0.650,25,1516.800,1.100,38.500,1555.300
iocp,timer=1ms,1000,,0.650,26,1510.300,1500.800,45.000,1555.300
iocp,timer=1ms,1000,,0.650,27,1524.500,991.500,30.800,1555.300
iocp,timer=1ms,1000,,0.650,28,1516.400,998.700,38.900,1555.300
iocp,timer=1ms,1000,,0.650,29,1706.300,824.400,1404.300,1555.300
iocp,timer=1ms,1000,,0.650,30,1520.500,1014.700,34.800,1555.300
iocp,timer=1ms,1000,,0.650,31,1528.500,988.200,26.800,1555.300
iocp,timer=1ms,1000,,0.650,32,1518.100,998.500,37.200,1555.300
iocp,timer=1ms,1000,,0.650,33,1516.800,997.000,38.500,1555.300
iocp,timer=1ms,1000,,0.650,34,1525.000,989.300,30.300,1555.300
iocp,timer=1ms,1000,,0.650,35,1524.600,1125.200,30.700,1555.300
iocp,timer=1ms,1000,,0.750,15,2036.600,996.700,995.400,1516.000
iocp,timer=1ms,1000,,0.750,16,1517.700,998.100,1514.300,1516.000
iocp,timer=1ms,1000,,0.750,17,1523.700,992.000,1508.300,1516.000
iocp,timer=1ms,1000,,0.750,18,1516.100,998.600,1515.900,1516.000
iocp,timer=1ms,1000,,0.750,19,1514.300,998.800,1.700,1516.000
iocp,timer=1ms,1000,,0.750,20,1516.100,1015.500,1515.900,1516.000
iocp,timer=1ms,1000,,0.750,21,1680.000,836.200,1352.000,1516.000
iocp,timer=1ms,1000,,0.750,22,1517.800,998.600,1514.200,1516.000
iocp,timer=1ms,1000,,0.750,23,1514.900,998.600,1.100,1516.000
iocp,timer=1ms,1000,,0.750,24,1514.600,998.800,1.400,1516.000
iocp,timer=1ms,1000,,0.750,25,1520.600,994.700,1511.400,1516.000
iocp,timer=1ms,1000,,0.750,26,1516.900,7.800,1515.100,1516.000
iocp,timer=1ms,1000,,0.750,27,1530.900,998.400,1501.100,1516.000
iocp,timer=1ms,1000,,0.750,28,1639.400,877.600,1392.600,1516.000
iocp,timer=1ms,1000,,0.750,29,1542.600,999.300,1489.400,1516.000
iocp,timer=1ms,1000,,0.750,30,1522.700,995.800,1509.300,1516.000
iocp,timer=1ms,1000,,0.750,31,1518.700,995.700,1513.300,1516.000
iocp,timer=1ms,1000,,0.750,32,1515.500,1030.000,0.500,1516.000
iocp,timer=1ms,1000,,0.750,33,1516.500,999.500,1515.500,1516.000
iocp,timer=1ms,1000,,0.750,34,1729.600,786.600,1302.400,1516.000
iocp,timer=1ms,1000,,0.750,35,1520.500,996.500,1511.500,1516.000
iocp,timer=1ms,1000,,0.850,15,2029.500,999.100,1006.700,1518.100
iocp,timer=1ms,1000,,0.850,16,1663.000,1.600,1373.200,1518.100
iocp,timer=1ms,1000,,0.850,17,1524.200,6.400,1512.000,1518.100
iocp,timer=1ms,1000,,0.850,18,1529.000,997.500,1507.200,1518.100
iocp,timer=1ms,1000,,0.850,19,1516.500,998.000,1.600,1518.100
iocp,timer=1ms,1000,,0.850,20,1517.200,999.400,0.900,1518.100
iocp,timer=1ms,1000,,0.850,21,1526.800,996.200,1509.400,1518.100
iocp,timer=1ms,1000,,0.850,22,1516.800,997.600,1.300,1518.100
iocp,timer=1ms,1000,,0.850,23,1513.600,1011.900,4.500,1518.100
iocp,timer=1ms,1000,,0.850,24,1559.100,997.500,1477.100,1518.100
iocp,timer=1ms,1000,,0.850,25,1520.400,995.000,1515.800,1518.100
iocp,timer=1ms,1000,,0.850,26,1519.300,996.700,1516.900,1518.100
iocp,timer=1ms,1000,,0.850,27,1515.800,1003.600,2.300,1518.100
iocp,timer=1ms,1000,,0.850,28,1685.200,1009.800,1351.000,1518.100
iocp,timer=1ms,1000,,0.850,29,1698.900,860.800,1337.300,1518.100
iocp,timer=1ms,1000,,0.850,30,1523.600,994.800,1512.600,1518.100
iocp,timer=1ms,1000,,0.850,31,1517.100,1506.100,1.000,1518.100
iocp,timer=1ms,1000,,0.850,32,1517.500,998.600,0.600,1518.100
iocp,timer=1ms,1000,,0.850,33,1525.400,2408.800,1510.800,1518.100
iocp,timer=1ms,1000,,0.850,34,1525.500,1169.000,1510.700,1518.100
iocp,timer=1ms,1000,,0.850,35,1525.200,995.400,1511.000,1518.100
iocp,timer=1ms,1000,,0.950,15,1744.000,995.700,1295.400,1519.700
iocp,timer=1ms,1000,,0.950,16,1522.400,994.700,1517.000,1519.700
iocp,timer=1ms,1000,,0.950,17,1520.000,6.800,1519.400,1519.700
iocp,timer=1ms,1000,,0.950,18,1528.400,998.100,1511.000,1519.700
iocp,timer=1ms,1000,,0.950,19,1687.000,831.300,1352.400,1519.700
iocp,timer=1ms,1000,,0.950,20,1522.600,999.100,1516.800,1519.700
iocp,timer=1ms,1000,,0.950,21,1517.400,997.300,2.300,1519.700
iocp,timer=1ms,1000,,0.950,22,1515.900,998.700,3.800,1519.700
iocp,timer=1ms,1000,,0.950,23,1517.700,1013.600,2.000,1519.700
iocp,timer=1ms,1000,,0.950,24,1516.200,1000.100,3.500,1519.700
iocp,timer=1ms,1000,,0.950,25,1516.500,1141.800,3.200,1519.700
iocp,timer=1ms,1000,,0.950,26,1868.000,1017.200,1171.400,1519.700
iocp,timer=1ms,1000,,0.950,27,1522.900,995.800,1516.500,1519.700
iocp,timer=1ms,1000,,0.950,28,1515.700,1000.100,4.000,1519.700
iocp,timer=1ms,1000,,0.950,29,1531.400,7.700,1508.000,1519.700
iocp,timer=1ms,1000,,0.950,30,1544.700,996.800,1494.700,1519.700
iocp,timer=1ms,1000,,0.950,31,1516.700,999.300,3.000,1519.700
iocp,timer=1ms,1000,,0.950,32,1680.300,1.800,1359.100,1519.700
iocp,timer=1ms,1000,,0.950,33,1854.900,1046.400,1184.500,1519.700
iocp,timer=1ms,1000,,0.950,34,1528.100,989.500,1511.300,1519.700
iocp,timer=1ms,1000,,0.950,35,1517.100,1014.100,2.600,1519.700
iocp,timer=1ms,1000,,1.050,15,2062.100,1523.400,1049.500,1555.800
iocp,timer=1ms,1000,,1.050,16,2228.900,1309.900,882.700,1555.800
iocp,timer=1ms,1000,,1.050,17,2006.400,1039.400,1105.200,1555.800
iocp,timer=1ms,1000,,1.050,18,2001.900,1035.100,1109.700,1555.800
iocp,timer=1ms,1000,,1.050,19,2004.900,1058.700,1106.700,1555.800
iocp,timer=1ms,1000,,1.050,20,2002.500,1035.000,1109.100,1555.800
iocp,timer=1ms,1000,,1.050,21,2131.200,1410.500,980.400,1555.800
iocp,timer=1ms,1000,,1.050,22,2006.200,1019.300,1105.400,1555.800
iocp,timer=1ms,1000,,1.050,23,2000.400,1020.100,1111.200,1555.800
iocp,timer=1ms,1000,,1.050,24,2010.400,1060.800,1101.200,1555.800
iocp,timer=1ms,1000,,1.050,25,2003.700,1000.600,1107.900,1555.800
iocp,timer=1ms,1000,,1.050,26,2185.700,1032.400,925.900,1555.800
iocp,timer=1ms,1000,,1.050,27,2002.200,1720.100,1109.400,1555.800
iocp,timer=1ms,1000,,1.050,28,2001.400,1531.100,1110.200,1555.800
iocp,timer=1ms,1000,,1.050,29,1974.300,1014.900,1137.300,1555.800
iocp,timer=1ms,1000,,1.050,30,2005.900,1506.400,1105.700,1555.800
iocp,timer=1ms,1000,,1.050,31,2010.000,1494.300,1101.600,1555.800
iocp,timer=1ms,1000,,1.050,32,2008.800,1027.100,1102.800,1555.800
iocp,timer=1ms,1000,,1.050,33,2009.100,1028.800,1102.500,1555.800
iocp,timer=1ms,1000,,1.050,34,2018.500,988.700,1093.100,1555.800
iocp,timer=1ms,1000,,1.050,35,2004.800,1519.200,1106.800,1555.800
iocp,timer=1ms,1000,,1.150,15,2035.800,998.000,1009.400,1522.600
iocp,timer=1ms,1000,,1.150,16,2015.300,1495.000,1029.900,1522.600
iocp,timer=1ms,1000,,1.150,17,2010.900,495.900,1034.300,1522.600
iocp,timer=1ms,1000,,1.150,18,2023.700,485.600,1021.500,1522.600
iocp,timer=1ms,1000,,1.150,19,2214.000,993.500,831.200,1522.600
iocp,timer=1ms,1000,,1.150,20,2004.700,1012.500,1040.500,1522.600
iocp,timer=1ms,1000,,1.150,21,2183.900,1045.700,861.300,1522.600
iocp,timer=1ms,1000,,1.150,22,2003.400,8.900,1041.800,1522.600
iocp,timer=1ms,1000,,1.150,23,2029.500,1001.200,1015.700,1522.600
iocp,timer=1ms,1000,,1.150,24,2004.200,1012.800,1041.000,1522.600
iocp,timer=1ms,1000,,1.150,25,2005.000,1017.500,1040.200,1522.600
iocp,timer=1ms,1000,,1.150,26,2001.100,1227.000,1044.100,1522.600
iocp,timer=1ms,1000,,1.150,27,1796.400,1033.200,1248.800,1522.600
iocp,timer=1ms,1000,,1.150,28,1990.200,1012.300,1055.000,1522.600
iocp,timer=1ms,1000,,1.150,29,2006.700,1933.300,1038.500,1522.600
iocp,timer=1ms,1000,,1.150,30,2006.900,1012.400,1038.300,1522.600
iocp,timer=1ms,1000,,1.150,31,2006.500,1158.700,1038.700,1522.600
iocp,timer=1ms,1000,,1.150,32,1867.300,496.700,1177.900,1522.600
iocp,timer=1ms,1000,,1.150,33,1793.400,995.200,1251.800,1522.600
iocp,timer=1ms,1000,,1.150,34,2012.800,993.200,1032.400,1522.600
iocp,timer=1ms,1000,,1.150,35,2005.300,1013.400,1039.900,1522.600
iocp,timer=1ms,1000,,1.250,15,1970.000,996.800,1071.000,1520.500
iocp,timer=1ms,1000,,1.250,16,2021.400,1548.400,1019.600,1520.500
iocp,timer=1ms,1000,,1.250,17,2125.500,1038.900,915.500,1520.500
iocp,timer=1ms,1000,,1.250,18,2030.800,993.700,1010.200,1520.500
iocp,timer=1ms,1000,,1.250,19,1914.400,1512.100,1126.600,1520.500
iocp,timer=1ms,1000,,1.250,20,2205.800,502.600,835.200,1520.500
iocp,timer=1ms,1000,,1.250,21,2159.800,997.500,881.200,1520.500
iocp,timer=1ms,1000,,1.250,22,2165.500,1022.300,875.500,1520.500
iocp,timer=1ms,1000,,1.250,23,2004.700,1499.300,1036.300,1520.500
iocp,timer=1ms,1000,,1.250,24,2008.300,1015.900,1032.700,1520.500
iocp,timer=1ms,1000,,1.250,25,2003.700,1012.800,1037.300,1520.500
iocp,timer=1ms,1000,,1.250,26,2011.800,1013.600,1029.200,1520.500
iocp,timer=1ms,1000,,1.250,27,2125.700,1027.700,915.300,1520.500
iocp,timer=1ms,1000,,1.250,28,2002.900,1000.800,1038.100,1520.500
iocp,timer=1ms,1000,,1.250,29,2011.500,1504.500,1029.500,1520.500
iocp,timer=1ms,1000,,1.250,30,2167.200,1030.400,873.800,1520.500
iocp,timer=1ms,1000,,1.250,31,1989.100,1012.300,1051.900,1520.500
iocp,timer=1ms,1000,,1.250,32,2008.600,998.200,1032.400,1520.500
iocp,timer=1ms,1000,,1.250,33,2005.600,999.900,1035.400,1520.500
iocp,timer=1ms,1000,,1.250,34,2018.500,1519.600,1022.500,1520.500
iocp,timer=1ms,1000,,1.250,35,2007.000,1026.600,1034.000,1520.500
iocp,timer=1ms,1000,,1.350,15,3033.500,997.200,1515.100,1516.200
iocp,timer=1ms,1000,,1.350,16,2509.700,1501.000,522.700,1516.200
iocp,timer=1ms,1000,,1.350,17,2509.900,5.900,522.500,1516.200
iocp,timer=1ms,1000,,1.350,18,2714.800,788.600,317.600,1516.200
iocp,timer=1ms,1000,,1.350,19,2502.500,997.400,529.900,1516.200
iocp,timer=1ms,1000,,1.350,20,2507.200,998.700,525.200,1516.200
iocp,timer=1ms,1000,,1.350,21,2513.600,994.000,518.800,1516.200
iocp,timer=1ms,1000,,1.350,22,2508.500,996.300,523.900,1516.200
iocp,timer=1ms,1000,,1.350,23,2514.800,993.400,517.600,1516.200
iocp,timer=1ms,1000,,1.350,24,2511.000,995.400,521.400,1516.200
iocp,timer=1ms,1000,,1.350,25,2537.600,1.600,494.800,1516.200
iocp,timer=1ms,1000,,1.350,26,2531.400,13.300,501.000,1516.200
iocp,timer=1ms,1000,,1.350,27,2523.100,1012.800,509.300,1516.200
iocp,timer=1ms,1000,,1.350,28,2162.000,1014.900,870.400,1516.200
iocp,timer=1ms,1000,,1.350,29,2524.300,1.900,508.100,1516.200
iocp,timer=1ms,1000,,1.350,30,2532.100,2.400,500.300,1516.200
iocp,timer=1ms,1000,,1.350,31,2554.500,1018.100,477.900,1516.200
iocp,timer=1ms,1000,,1.350,32,2087.200,1010.800,945.200,1516.200
iocp,timer=1ms,1000,,1.350,33,2667.200,865.100,365.200,1516.200
iocp,timer=1ms,1000,,1.350,34,2540.200,994.600,492.200,1516.200
iocp,timer=1ms,1000,,1.350,35,2519.300,1.200,513.100,1516.200
iocp,timer=1ms,1000,,1.450,15,3036.500,996.100,4.300,1520.400
iocp,timer=1ms,1000,,1.450,16,2679.600,831.000,361.200,1520.400
iocp,timer=1ms,1000,,1.450,17,2507.700,5.200,533.100,1520.400
iocp,timer=1ms,1000,,1.450,18,2498.900,997.800,541.900,1520.400
iocp,timer=1ms,1000,,1.450,19,2506.600,998.500,534.200,1520.400
iocp,timer=1ms,1000,,1.450,20,2508.700,997.300,532.100,1520.400
iocp,timer=1ms,1000,,1.450,21,2653.900,856.600,386.900,1520.400
iocp,timer=1ms,1000,,1.450,22,2506.400,996.800,534.400,1520.400
iocp,timer=1ms,1000,,1.450,23,2509.000,997.400,531.800,1520.400
iocp,timer=1ms,1000,,1.450,24,2514.700,2039.200,526.100,1520.400
iocp,timer=1ms,1000,,1.450,25,2508.300,1151.200,532.500,1520.400
iocp,timer=1ms,1000,,1.450,26,2359.400,994.700,681.400,1520.400
iocp,timer=1ms,1000,,1.450,27,2510.500,996.300,530.300,1520.400
iocp,timer=1ms,1000,,1.450,28,2508.200,0.800,532.600,1520.400
iocp,timer=1ms,1000,,1.450,29,2510.800,1001.100,530.000,1520.400
iocp,timer=1ms,1000,,1.450,30,2558.000,852.800,482.800,1520.400
iocp,timer=1ms,1000,,1.450,31,2492.100,995.500,548.700,1520.400
iocp,timer=1ms,1000,,1.450,32,2511.600,994.500,529.200,1520.400
iocp,timer=1ms,1000,,1.450,33,2524.900,982.800,515.900,1520.400
iocp,timer=1ms,1000,,1.450,34,2517.000,988.000,523.800,1520.400
iocp,timer=1ms,1000,,1.450,35,2519.500,988.000,521.300,1520.400
iocp,timer=1ms,1000,,1.550,15,3177.800,878.200,1368.700,1515.500
iocp,timer=1ms,1000,,1.550,16,2489.500,1001.400,541.500,1515.500
iocp,timer=1ms,1000,,1.550,17,2553.500,1536.600,477.500,1515.500
iocp,timer=1ms,1000,,1.550,18,2507.000,998.900,524.000,1515.500
iocp,timer=1ms,1000,,1.550,19,2511.300,1153.300,519.700,1515.500
iocp,timer=1ms,1000,,1.550,20,2850.100,1012.900,180.900,1515.500
iocp,timer=1ms,1000,,1.550,21,2508.100,997.800,522.900,1515.500
iocp,timer=1ms,1000,,1.550,22,2510.800,996.900,520.200,1515.500
iocp,timer=1ms,1000,,1.550,23,2512.100,2281.000,518.900,1515.500
iocp,timer=1ms,1000,,1.550,24,2823.400,1014.100,207.600,1515.500
iocp,timer=1ms,1000,,1.550,25,2507.700,999.600,523.300,1515.500
iocp,timer=1ms,1000,,1.550,26,2506.500,998.400,524.500,1515.500
iocp,timer=1ms,1000,,1.550,27,2507.100,1015.400,523.900,1515.500
iocp,timer=1ms,1000,,1.550,28,2496.000,997.900,535.000,1515.500
iocp,timer=1ms,1000,,1.550,29,2506.100,997.900,524.900,1515.500
iocp,timer=1ms,1000,,1.550,30,2508.300,997.600,522.700,1515.500
iocp,timer=1ms,1000,,1.550,31,2508.100,999.600,522.900,1515.500
iocp,timer=1ms,1000,,1.550,32,2661.000,1.800,370.000,1515.500
iocp,timer=1ms,1000,,1.550,33,2870.600,1510.300,160.400,1515.500
iocp,timer=1ms,1000,,1.550,34,2502.900,986.800,528.100,1515.500
iocp,timer=1ms,1000,,1.550,35,2508.500,995.500,522.500,1515.500
iocp,timer=1ms,1000,,1.650,15,3048.300,997.700,2.300,1525.300
iocp,timer=1ms,1000,,1.650,16,3159.200,1363.300,1416.700,1525.300
iocp,timer=1ms,1000,,1.650,17,2991.900,1499.400,58.700,1525.300
iocp,timer=1ms,1000,,1.650,18,3003.100,1501.500,47.500,1525.300
iocp,timer=1ms,1000,,1.650,19,3003.300,502.200,47.300,1525.300
iocp,timer=1ms,1000,,1.650,20,3010.400,1497.900,40.200,1525.300
iocp,timer=1ms,1000,,1.650,21,3002.400,501.400,48.200,1525.300
iocp,timer=1ms,1000,,1.650,22,3017.400,504.400,33.200,1525.300
iocp,timer=1ms,1000,,1.650,23,3008.700,1498.300,41.900,1525.300
iocp,timer=1ms,1000,,1.650,24,3010.300,494.000,40.300,1525.300
iocp,timer=1ms,1000,,1.650,25,3019.800,998.100,30.800,1525.300
iocp,timer=1ms,1000,,1.650,26,3003.100,1501.600,47.500,1525.300
iocp,timer=1ms,1000,,1.650,27,3022.400,1484.900,28.200,1525.300
iocp,timer=1ms,1000,,1.650,28,3006.600,2187.500,44.000,1525.300
iocp,timer=1ms,1000,,1.650,29,3005.900,514.500,44.700,1525.300
iocp,timer=1ms,1000,,1.650,30,2992.200,1498.900,58.400,1525.300
iocp,timer=1ms,1000,,1.650,31,3012.400,1495.600,38.200,1525.300
iocp,timer=1ms,1000,,1.650,32,3008.100,1501.600,42.500,1525.300
iocp,timer=1ms,1000,,1.650,33,3015.200,1505.400,35.400,1525.300
iocp,timer=1ms,1000,,1.650,34,3019.100,1482.700,31.500,1525.300
iocp,timer=1ms,1000,,1.650,35,3004.800,1000.500,45.800,1525.300
iocp,timer=1ms,1000,,1.750,15,3033.300,1175.100,6.500,1519.900
iocp,timer=1ms,1000,,1.750,16,2828.600,998.900,211.200,1519.900
iocp,timer=1ms,1000,,1.750,17,3005.000,1000.000,34.800,1519.900
iocp,timer=1ms,1000,,1.750,18,3005.400,1018.200,34.400,1519.900
iocp,timer=1ms,1000,,1.750,19,3005.900,6.200,33.900,1519.900
iocp,timer=1ms,1000,,1.750,20,3033.300,1015.300,6.500,1519.900
iocp,timer=1ms,1000,,1.750,21,3006.100,1000.500,33.700,1519.900
iocp,timer=1ms,1000,,1.750,22,3003.400,1000.900,36.400,1519.900
iocp,timer=1ms,1000,,1.750,23,3018.600,1002.600,21.200,1519.900
iocp,timer=1ms,1000,,1.750,24,3097.800,1014.700,1461.900,1519.900
iocp,timer=1ms,1000,,1.750,25,3004.500,1499.800,35.300,1519.900
iocp,timer=1ms,1000,,1.750,26,3008.000,998.700,31.800,1519.900
iocp,timer=1ms,1000,,1.750,27,3005.000,1138.500,34.800,1519.900
iocp,timer=1ms,1000,,1.750,28,2884.800,1022.700,155.000,1519.900
iocp,timer=1ms,1000,,1.750,29,3016.800,999.100,23.000,1519.900
iocp,timer=1ms,1000,,1.750,30,3005.800,1529.900,34.000,1519.900
iocp,timer=1ms,1000,,1.750,31,3194.100,1032.200,1365.600,1519.900
iocp,timer=1ms,1000,,1.750,32,3003.700,2168.700,36.100,1519.900
iocp,timer=1ms,1000,,1.750,33,3020.200,1032.400,19.600,1519.900
iocp,timer=1ms,1000,,1.750,34,3027.300,1490.800,12.500,1519.900
iocp,timer=1ms,1000,,1.750,35,3009.300,1060.800,30.500,1519.900
iocp,timer=1ms,1000,,1.850,15,3053.600,1000.500,4.800,1529.200
iocp,timer=1ms,1000,,1.850,16,3003.300,1502.700,55.100,1529.200
iocp,timer=1ms,1000,,1.850,17,3007.400,1500.800,51.000,1529.200
iocp,timer=1ms,1000,,1.850,18,3022.100,1002.100,36.300,1529.200
iocp,timer=1ms,1000,,1.850,19,3014.100,999.900,44.300,1529.200
iocp,timer=1ms,1000,,1.850,20,3252.700,1508.000,1334.900,1529.200
iocp,timer=1ms,1000,,1.850,21,3004.500,1505.600,53.900,1529.200
iocp,timer=1ms,1000,,1.850,22,3003.400,1508.200,55.000,1529.200
iocp,timer=1ms,1000,,1.850,23,3001.200,1505.700,57.200,1529.200
iocp,timer=1ms,1000,,1.850,24,3006.400,1501.500,52.000,1529.200
iocp,timer=1ms,1000,,1.850,25,3003.000,1024.100,55.400,1529.200
iocp,timer=1ms,1000,,1.850,26,3006.000,1000.700,52.400,1529.200
iocp,timer=1ms,1000,,1.850,27,3237.700,1806.600,1349.900,1529.200
iocp,timer=1ms,1000,,1.850,28,3006.400,999.500,52.000,1529.200
iocp,timer=1ms,1000,,1.850,29,3008.300,1017.000,50.100,1529.200
iocp,timer=1ms,1000,,1.850,30,3015.300,1012.100,43.100,1529.200
iocp,timer=1ms,1000,,1.850,31,2996.000,1020.400,62.400,1529.200
iocp,timer=1ms,1000,,1.850,32,3000.700,1000.900,57.700,1529.200
iocp,timer=1ms,1000,,1.850,33,3030.800,1500.000,27.600,1529.200
iocp,timer=1ms,1000,,1.850,34,3029.300,1016.000,29.100,1529.200
iocp,timer=1ms,1000,,1.850,35,3225.600,994.800,1362.000,1529.200
iocp,timer=1ms,1000,,1.950,15,3189.900,838.900,1391.100,1527.000
iocp,timer=1ms,1000,,1.950,16,3005.500,1021.600,48.500,1527.000
iocp,timer=1ms,1000,,1.950,17,3020.500,1031.200,33.500,1527.000
iocp,timer=1ms,1000,,1.950,18,3000.100,1000.800,53.900,1527.000
iocp,timer=1ms,1000,,1.950,19,3705.100,804.100,875.900,1527.000
iocp,timer=1ms,1000,,1.950,20,3004.400,1014.400,49.600,1527.000
iocp,timer=1ms,1000,,1.950,21,3009.500,1501.300,44.500,1527.000
iocp,timer=1ms,1000,,1.950,22,3003.100,1501.800,50.900,1527.000
iocp,timer=1ms,1000,,1.950,23,3013.700,1015.800,40.300,1527.000
iocp,timer=1ms,1000,,1.950,24,3006.200,8.500,47.800,1527.000
iocp,timer=1ms,1000,,1.950,25,3030.000,1001.100,24.000,1527.000
iocp,timer=1ms,1000,,1.950,26,3003.900,1961.500,50.100,1527.000
iocp,timer=1ms,1000,,1.950,27,3003.300,1018.600,50.700,1527.000
iocp,timer=1ms,1000,,1.950,28,3002.300,999.000,51.700,1527.000
iocp,timer=1ms,1000,,1.950,29,3008.600,1049.200,45.400,1527.000
iocp,timer=1ms,1000,,1.950,30,3005.500,998.700,48.500,1527.000
iocp,timer=1ms,1000,,1.950,31,3011.000,1017.800,43.000,1527.000
iocp,timer=1ms,1000,,1.950,32,3002.100,1017.600,51.900,1527.000
iocp,timer=1ms,1000,,1.950,33,3000.700,1505.600,53.300,1527.000
iocp,timer=1ms,1000,,1.950,34,3044.500,2388.500,9.500,1527.000
iocp,timer=1ms,1000,,1.950,35,3349.500,1507.000,1231.500,1527.000
iocp,timer=1ms,1000,,2.050,15,4022.900,986.300,543.400,1522.100
iocp,timer=1ms,1000,,2.050,16,3646.600,861.800,919.700,1522.100
iocp,timer=1ms,1000,,2.050,17,3522.600,982.100,1043.700,1522.100
iocp,timer=1ms,1000,,2.050,18,3503.800,999.300,1062.500,1522.100
iocp,timer=1ms,1000,,2.050,19,3505.700,1000.600,1060.600,1522.100
iocp,timer=1ms,1000,,2.050,20,3508.500,998.500,1057.800,1522.100
iocp,timer=1ms,1000,,2.050,21,3505.500,999.700,1060.800,1522.100
iocp,timer=1ms,1000,,2.050,22,3521.400,987.100,1044.900,1522.100
iocp,timer=1ms,1000,,2.050,23,3653.600,854.400,912.700,1522.100
iocp,timer=1ms,1000,,2.050,24,3507.000,498.000,1059.300,1522.100
iocp,timer=1ms,1000,,2.050,25,3508.200,999.800,1058.100,1522.100
iocp,timer=1ms,1000,,2.050,26,3505.800,2283.000,1060.500,1522.100
iocp,timer=1ms,1000,,2.050,27,3506.000,997.200,1060.300,1522.100
iocp,timer=1ms,1000,,2.050,28,3506.300,999.900,1060.000,1522.100
iocp,timer=1ms,1000,,2.050,29,3526.800,1548.000,1039.500,1522.100
iocp,timer=1ms,1000,,2.050,30,3513.100,996.700,1053.200,1522.100
iocp,timer=1ms,1000,,2.050,31,3507.500,1000.300,1058.800,1522.100
iocp,timer=1ms,1000,,2.050,32,3506.400,999.600,1059.900,1522.100
iocp,timer=1ms,1000,,2.050,33,3508.800,998.100,1057.500,1522.100
iocp,timer=1ms,1000,,2.050,34,3519.300,985.800,1047.000,1522.100
iocp,timer=1ms,1000,,2.050,35,3511.600,999.500,1054.700,1522.100
iocp,timer=1ms,1000,,2.150,15,4014.600,995.800,534.300,1516.300
iocp,timer=1ms,1000,,2.150,16,3509.200,1000.100,1039.700,1516.300
iocp,timer=1ms,1000,,2.150,17,3719.900,996.300,829.000,1516.300
iocp,timer=1ms,1000,,2.150,18,3512.100,996.700,1036.800,1516.300
iocp,timer=1ms,1000,,2.150,19,3509.100,995.100,1039.800,1516.300
iocp,timer=1ms,1000,,2.150,20,3508.900,997.200,1040.000,1516.300
iocp,timer=1ms,1000,,2.150,21,3529.600,1862.100,1019.300,1516.300
iocp,timer=1ms,1000,,2.150,22,3336.500,995.300,1212.400,1516.300
iocp,timer=1ms,1000,,2.150,23,3519.900,987.400,1029.000,1516.300
iocp,timer=1ms,1000,,2.150,24,3508.000,996.800,1040.900,1516.300
iocp,timer=1ms,1000,,2.150,25,3516.300,991.300,1032.600,1516.300
iocp,timer=1ms,1000,,2.150,26,3524.900,1485.900,1024.000,1516.300
iocp,timer=1ms,1000,,2.150,27,3505.300,998.300,1043.600,1516.300
iocp,timer=1ms,1000,,2.150,28,3705.100,803.100,843.800,1516.300
iocp,timer=1ms,1000,,2.150,29,3505.100,998.300,1043.800,1516.300
iocp,timer=1ms,1000,,2.150,30,3510.400,998.200,1038.500,1516.300
iocp,timer=1ms,1000,,2.150,31,3509.300,995.100,1039.600,1516.300
iocp,timer=1ms,1000,,2.150,32,3512.500,994.800,1036.400,1516.300
iocp,timer=1ms,1000,,2.150,33,3514.400,1025.700,1034.500,1516.300
iocp,timer=1ms,1000,,2.150,34,3491.100,1020.500,1057.800,1516.300
iocp,timer=1ms,1000,,2.150,35,3710.500,796.800,838.400,1516.300
iocp,timer=1ms,1000,,2.250,15,4025.300,992.500,527.500,1517.600
iocp,timer=1ms,1000,,2.250,16,3506.300,996.500,1046.500,1517.600
iocp,timer=1ms,1000,,2.250,17,3508.800,997.600,1044.000,1517.600
iocp,timer=1ms,1000,,2.250,18,3509.600,9.500,1043.200,1517.600
iocp,timer=1ms,1000,,2.250,19,3496.300,999.100,1056.500,1517.600
iocp,timer=1ms,1000,,2.250,20,3506.100,999.300,1046.700,1517.600
iocp,timer=1ms,1000,,2.250,21,3506.100,998.700,1046.700,1517.600
iocp,timer=1ms,1000,,2.250,22,3660.700,2.500,892.100,1517.600
iocp,timer=1ms,1000,,2.250,23,3853.100,1013.800,699.700,1517.600
iocp,timer=1ms,1000,,2.250,24,3524.600,1011.700,1028.200,1517.600
iocp,timer=1ms,1000,,2.250,25,3525.500,7.800,1027.300,1517.600
iocp,timer=1ms,1000,,2.250,26,3695.300,836.100,857.500,1517.600
iocp,timer=1ms,1000,,2.250,27,3526.000,1006.300,1026.800,1517.600
iocp,timer=1ms,1000,,2.250,28,3521.500,1010.900,1031.300,1517.600
iocp,timer=1ms,1000,,2.250,29,3628.900,1108.000,923.900,1517.600
iocp,timer=1ms,1000,,2.250,30,3527.600,1002.300,1025.200,1517.600
iocp,timer=1ms,1000,,2.250,31,3630.700,1104.200,922.100,1517.600
iocp,timer=1ms,1000,,2.250,32,3636.900,2390.600,915.900,1517.600
iocp,timer=1ms,1000,,2.250,33,3747.900,1100.400,804.900,1517.600
iocp,timer=1ms,1000,,2.250,34,3631.400,1103.600,921.400,1517.600
iocp,timer=1ms,1000,,2.250,35,3622.200,1007.500,930.600,1517.600
iocp,timer=1ms,1000,,2.350,15,4025.900,1013.300,522.400,1516.100
iocp,timer=1ms,1000,,2.350,16,4005.500,1021.600,542.800,1516.100
iocp,timer=1ms,1000,,2.350,17,4027.100,1022.400,521.200,1516.100
iocp,timer=1ms,1000,,2.350,18,4007.000,1953.800,541.300,1516.100
iocp,timer=1ms,1000,,2.350,19,4003.000,1027.900,545.300,1516.100
iocp,timer=1ms,1000,,2.350,20,4206.700,1011.000,341.600,1516.100
iocp,timer=1ms,1000,,2.350,21,4000.700,1034.600,547.600,1516.100
iocp,timer=1ms,1000,,2.350,22,4049.200,1015.600,499.100,1516.100
iocp,timer=1ms,1000,,2.350,23,4017.600,1015.000,530.700,1516.100
iocp,timer=1ms,1000,,2.350,24,4014.400,1034.600,533.900,1516.100
iocp,timer=1ms,1000,,2.350,25,4003.500,1032.400,544.800,1516.100
iocp,timer=1ms,1000,,2.350,26,3606.200,1000.900,942.100,1516.100
iocp,timer=1ms,1000,,2.350,27,4003.700,1033.100,544.600,1516.100
iocp,timer=1ms,1000,,2.350,28,4440.700,996.700,107.600,1516.100
iocp,timer=1ms,1000,,2.350,29,3983.400,1034.000,564.900,1516.100
iocp,timer=1ms,1000,,2.350,30,4004.400,1532.800,543.900,1516.100
iocp,timer=1ms,1000,,2.350,31,3791.900,1040.900,756.400,1516.100
iocp,timer=1ms,1000,,2.350,32,4250.700,2206.900,297.600,1516.100
iocp,timer=1ms,1000,,2.350,33,4016.700,1041.200,531.600,1516.100
iocp,timer=1ms,1000,,2.350,34,3703.200,1099.900,845.100,1516.100
iocp,timer=1ms,1000,,2.350,35,4019.900,1142.900,528.400,1516.100
iocp,timer=1ms,1000,,2.450,15,4270.800,487.500,277.500,1516.100
iocp,timer=1ms,1000,,2.450,16,4040.600,2173.500,507.700,1516.100
iocp,timer=1ms,1000,,2.450,17,3757.900,992.400,790.400,1516.100
iocp,timer=1ms,1000,,2.450,18,4006.900,1014.900,541.400,1516.100
iocp,timer=1ms,1000,,2.450,19,4013.100,2.400,535.200,1516.100
iocp,timer=1ms,1000,,2.450,20,4059.800,996.900,488.500,1516.100
iocp,timer=1ms,1000,,2.450,21,4017.100,994.700,531.200,1516.100
iocp,timer=1ms,1000,,2.450,22,4006.300,1017.300,542.000,1516.100
iocp,timer=1ms,1000,,2.450,23,3996.100,997.700,552.200,1516.100
iocp,timer=1ms,1000,,2.450,24,4136.500,1267.900,411.800,1516.100
iocp,timer=1ms,1000,,2.450,25,4009.500,4.300,538.800,1516.100
iocp,timer=1ms,1000,,2.450,26,4032.200,1561.600,516.100,1516.100
iocp,timer=1ms,1000,,2.450,27,4174.200,1065.200,374.100,1516.100
iocp,timer=1ms,1000,,2.450,28,4051.400,6.800,496.900,1516.100
iocp,timer=1ms,1000,,2.450,29,3995.300,1705.900,553.000,1516.100
iocp,timer=1ms,1000,,2.450,30,4024.200,1247.200,524.100,1516.100
iocp,timer=1ms,1000,,2.450,31,3791.000,1042.500,757.300,1516.100
iocp,timer=1ms,1000,,2.450,32,4005.700,1029.500,542.600,1516.100
iocp,timer=1ms,1000,,2.450,33,4375.300,1770.300,173.000,1516.100
iocp,timer=1ms,1000,,2.450,34,4207.200,1654.600,341.100,1516.100
iocp,timer=1ms,1000,,2.450,35,4007.000,994.200,541.300,1516.100
iocp,timer=1ms,1000,,2.550,15,4504.500,493.600,57.900,1520.800
iocp,timer=1ms,1000,,2.550,16,4024.400,1486.800,538.000,1520.800
iocp,timer=1ms,1000,,2.550,17,4005.500,1498.000,556.900,1520.800
iocp,timer=1ms,1000,,2.550,18,4008.100,509.400,554.300,1520.800
iocp,timer=1ms,1000,,2.550,19,3995.300,1499.800,567.100,1520.800
iocp,timer=1ms,1000,,2.550,20,4207.300,12.400,355.100,1520.800
iocp,timer=1ms,1000,,2.550,21,4168.100,4.700,394.300,1520.800
iocp,timer=1ms,1000,,2.550,22,4314.500,996.700,247.900,1520.800
iocp,timer=1ms,1000,,2.550,23,4023.500,997.500,538.900,1520.800
iocp,timer=1ms,1000,,2.550,24,4004.300,1508.800,558.100,1520.800
iocp,timer=1ms,1000,,2.550,25,4004.500,1496.500,557.900,1520.800
iocp,timer=1ms,1000,,2.550,26,4005.200,1500.600,557.200,1520.800
iocp,timer=1ms,1000,,2.550,27,4167.100,1046.000,395.300,1520.800
iocp,timer=1ms,1000,,2.550,28,4043.500,1494.200,518.900,1520.800
iocp,timer=1ms,1000,,2.550,29,4010.800,1497.000,551.600,1520.800
iocp,timer=1ms,1000,,2.550,30,4024.400,1024.200,538.000,1520.800
iocp,timer=1ms,1000,,2.550,31,4018.800,1493.600,543.600,1520.800
iocp,timer=1ms,1000,,2.550,32,4319.200,989.100,243.200,1520.800
iocp,timer=1ms,1000,,2.550,33,4026.900,1485.100,535.500,1520.800
iocp,timer=1ms,1000,,2.550,34,4023.800,1482.800,538.600,1520.800
iocp,timer=1ms,1000,,2.550,35,4005.100,1506.100,557.300,1520.800
iocp,timer=1ms,1000,,2.650,15,5011.500,997.400,1054.100,1516.400
iocp,timer=1ms,1000,,2.650,16,4510.300,998.200,38.900,1516.400
iocp,timer=1ms,1000,,2.650,17,4515.900,990.500,33.300,1516.400
iocp,timer=1ms,1000,,2.650,18,4516.100,990.400,33.100,1516.400
iocp,timer=1ms,1000,,2.650,19,4508.000,999.400,41.200,1516.400
iocp,timer=1ms,1000,,2.650,20,4050.400,1048.200,498.800,1516.400
iocp,timer=1ms,1000,,2.650,21,4507.600,997.700,41.600,1516.400
iocp,timer=1ms,1000,,2.650,22,4518.500,1501.500,30.700,1516.400
iocp,timer=1ms,1000,,2.650,23,4101.900,1000.100,447.300,1516.400
iocp,timer=1ms,1000,,2.650,24,4526.000,977.400,23.200,1516.400
iocp,timer=1ms,1000,,2.650,25,4507.700,996.200,41.500,1516.400
iocp,timer=1ms,1000,,2.650,26,4357.000,1537.800,192.200,1516.400
iocp,timer=1ms,1000,,2.650,27,4512.500,993.100,36.700,1516.400
iocp,timer=1ms,1000,,2.650,28,4510.700,1216.400,38.500,1516.400
iocp,timer=1ms,1000,,2.650,29,4291.700,994.300,257.500,1516.400
iocp,timer=1ms,1000,,2.650,30,4525.200,1500.500,24.000,1516.400
iocp,timer=1ms,1000,,2.650,31,4653.300,1360.900,1412.300,1516.400
iocp,timer=1ms,1000,,2.650,32,4513.500,1007.000,35.700,1516.400
iocp,timer=1ms,1000,,2.650,33,4512.500,1027.700,36.700,1516.400
iocp,timer=1ms,1000,,2.650,34,4537.300,1004.200,11.900,1516.400
iocp,timer=1ms,1000,,2.650,35,4532.300,1002.200,16.900,1516.400
iocp,timer=1ms,1000,,2.750,15,5026.900,987.900,1041.100,1517.000
iocp,timer=1ms,1000,,2.750,16,4506.800,997.600,44.200,1517.000
iocp,timer=1ms,1000,,2.750,17,4524.200,982.500,26.800,1517.000
iocp,timer=1ms,1000,,2.750,18,4508.600,996.800,42.400,1517.000
iocp,timer=1ms,1000,,2.750,19,4514.300,993.200,36.700,1517.000
iocp,timer=1ms,1000,,2.750,20,4506.100,1151.300,44.900,1517.000
iocp,timer=1ms,1000,,2.750,21,4361.300,992.500,189.700,1517.000
iocp,timer=1ms,1000,,2.750,22,4505.900,998.700,45.100,1517.000
iocp,timer=1ms,1000,,2.750,23,4673.300,836.700,1394.700,1517.000
iocp,timer=1ms,1000,,2.750,24,4504.900,997.200,46.100,1517.000
iocp,timer=1ms,1000,,2.750,25,4528.300,978.100,22.700,1517.000
iocp,timer=1ms,1000,,2.750,26,4639.000,0.700,1429.000,1517.000
iocp,timer=1ms,1000,,2.750,27,4392.200,997.600,158.800,1517.000
iocp,timer=1ms,1000,,2.750,28,4509.000,2023.600,42.000,1517.000
iocp,timer=1ms,1000,,2.750,29,4526.100,1017.000,24.900,1517.000
iocp,timer=1ms,1000,,2.750,30,4531.000,1016.300,20.000,1517.000
iocp,timer=1ms,1000,,2.750,31,4512.800,994.300,38.200,1517.000
iocp,timer=1ms,1000,,2.750,32,4391.000,981.100,160.000,1517.000
iocp,timer=1ms,1000,,2.750,33,4509.000,1013.400,42.000,1517.000
iocp,timer=1ms,1000,,2.750,34,4518.500,997.500,32.500,1517.000
iocp,timer=1ms,1000,,2.750,35,4493.700,992.200,57.300,1517.000
iocp,timer=1ms,1000,,2.850,15,5114.700,1613.900,963.700,1519.600
iocp,timer=1ms,1000,,2.850,16,4646.500,1095.100,1431.900,1519.600
iocp,timer=1ms,1000,,2.850,17,4533.700,1039.400,25.100,1519.600
iocp,timer=1ms,1000,,2.850,18,4608.600,1093.900,1469.800,1519.600
iocp,timer=1ms,1000,,2.850,19,4626.700,1111.200,1451.700,1519.600
iocp,timer=1ms,1000,,2.850,20,4535.400,995.000,23.400,1519.600
iocp,timer=1ms,1000,,2.850,21,4631.400,1103.000,1447.000,1519.600
iocp,timer=1ms,1000,,2.850,22,4639.500,1096.100,1438.900,1519.600
iocp,timer=1ms,1000,,2.850,23,4530.100,1250.300,28.700,1519.600
iocp,timer=1ms,1000,,2.850,24,4762.300,1136.900,1316.100,1519.600
iocp,timer=1ms,1000,,2.850,25,4649.700,1085.700,1428.700,1519.600
iocp,timer=1ms,1000,,2.850,26,4629.800,1105.400,1448.600,1519.600
iocp,timer=1ms,1000,,2.850,27,4629.600,1105.600,1448.800,1519.600
iocp,timer=1ms,1000,,2.850,28,4646.800,1004.400,1431.600,1519.600
iocp,timer=1ms,1000,,2.850,29,4529.800,1004.500,29.000,1519.600
iocp,timer=1ms,1000,,2.850,30,4631.400,1109.000,1447.000,1519.600
iocp,timer=1ms,1000,,2.850,31,4384.700,1139.100,174.100,1519.600
iocp,timer=1ms,1000,,2.850,32,4635.000,1154.400,1443.400,1519.600
iocp,timer=1ms,1000,,2.850,33,4758.200,1625.700,1320.200,1519.600
iocp,timer=1ms,1000,,2.850,34,4800.000,719.000,1278.400,1519.600
iocp,timer=1ms,1000,,2.850,35,4505.500,997.600,53.300,1519.600
iocp,timer=1ms,1000,,2.950,15,5194.300,994.400,870.500,1516.200
iocp,timer=1ms,1000,,2.950,16,4512.300,994.700,36.300,1516.200
iocp,timer=1ms,1000,,2.950,17,4699.200,808.800,1365.600,1516.200
iocp,timer=1ms,1000,,2.950,18,4522.500,997.200,26.100,1516.200
iocp,timer=1ms,1000,,2.950,19,4513.300,1519.300,35.300,1516.200
iocp,timer=1ms,1000,,2.950,20,4653.600,1023.900,1411.200,1516.200
iocp,timer=1ms,1000,,2.950,21,4533.700,1012.600,14.900,1516.200
iocp,timer=1ms,1000,,2.950,22,4523.100,1009.500,25.500,1516.200
iocp,timer=1ms,1000,,2.950,23,4520.000,1013.700,28.600,1516.200
iocp,timer=1ms,1000,,2.950,24,4518.600,1012.200,30.000,1516.200
iocp,timer=1ms,1000,,2.950,25,4527.500,1006.500,21.100,1516.200
iocp,timer=1ms,1000,,2.950,26,4523.500,989.400,25.100,1516.200
iocp,timer=1ms,1000,,2.950,27,4995.600,963.800,1069.200,1516.200
iocp,timer=1ms,1000,,2.950,28,4557.100,1503.600,1507.700,1516.200
iocp,timer=1ms,1000,,2.950,29,4520.800,4.200,27.800,1516.200
iocp,timer=1ms,1000,,2.950,30,4726.400,1104.100,1338.400,1516.200
iocp,timer=1ms,1000,,2.950,31,4749.000,849.300,1315.800,1516.200
iocp,timer=1ms,1000,,2.950,32,4622.900,1112.000,1441.900,1516.200
iocp,timer=1ms,1000,,2.950,33,4857.700,1136.300,1207.100,1516.200
iocp,timer=1ms,1000,,2.950,34,4637.300,1115.400,1427.500,1516.200
iocp,timer=1ms,1000,,2.950,35,4522.800,1010.900,25.800,1516.200
iocp,timer=1ms,10000,,0.050,15,1080.200,9824.400,9349.200,10429.400
iocp,timer=1ms,10000,,0.050,16,1010.800,9020.000,9418.600,10429.400
iocp,timer=1ms,10000,,0.050,17,1008.600,9134.400,9420.800,10429.400
iocp,timer=1ms,10000,,0.050,18,890.100,8980.500,9539.300,10429.400
iocp,timer=1ms,10000,,0.050,19,1017.900,9010.100,9411.500,10429.400
iocp,timer=1ms,10000,,0.050,20,1000.400,9012.700,9429.000,10429.400
iocp,timer=1ms,10000,,0.050,21,1155.100,8858.300,9274.300,10429.400
iocp,timer=1ms,10000,,0.050,22,999.800,9013.200,9429.600,10429.400
iocp,timer=1ms,10000,,0.050,23,1000.200,9012.800,9429.200,10429.400
iocp,timer=1ms,10000,,0.050,24,1000.300,9987.900,9429.100,10429.400
iocp,timer=1ms,10000,,0.050,25,1033.100,9436.900,9396.300,10429.400
iocp,timer=1ms,10000,,0.050,26,1000.000,9435.100,9429.400,10429.400
iocp,timer=1ms,10000,,0.050,27,1002.700,8999.200,9426.700,10429.400
iocp,timer=1ms,10000,,0.050,28,998.100,9034.700,9431.300,10429.400
iocp,timer=1ms,10000,,0.050,29,995.700,9501.500,9433.700,10429.400
iocp,timer=1ms,10000,,0.050,30,960.600,8998.300,9468.800,10429.400
iocp,timer=1ms,10000,,0.050,31,1009.600,9454.800,9419.800,10429.400
iocp,timer=1ms,10000,,0.050,32,994.800,9020.100,9434.600,10429.400
iocp,timer=1ms,10000,,0.050,33,1007.800,9109.600,9421.600,10429.400
iocp,timer=1ms,10000,,0.050,34,1011.600,9764.400,9417.800,10429.400
iocp,timer=1ms,10000,,0.050,35,992.500,9502.900,9436.900,10429.400
iocp,timer=1ms,10000,,0.150,15,2042.600,7977.100,8487.600,10530.200
iocp,timer=1ms,10000,,0.150,16,2016.100,7992.500,8514.100,10530.200
iocp,timer=1ms,10000,,0.150,17,2024.300,8006.800,8505.900,10530.200
iocp,timer=1ms,10000,,0.150,18,1607.500,8388.200,8922.700,10530.200
iocp,timer=1ms,10000,,0.150,19,1609.100,8505.700,8921.100,10530.200
iocp,timer=1ms,10000,,0.150,20,1760.900,8713.400,8769.300,10530.200
iocp,timer=1ms,10000,,0.150,21,2508.300,8147.000,8021.900,10530.200
iocp,timer=1ms,10000,,0.150,22,2017.100,7978.500,8513.100,10530.200
iocp,timer=1ms,10000,,0.150,23,1605.500,9862.900,8924.700,10530.200
iocp,timer=1ms,10000,,0.150,24,1607.700,9057.500,8922.500,10530.200
iocp,timer=1ms,10000,,0.150,25,1608.100,8407.500,8922.100,10530.200
iocp,timer=1ms,10000,,0.150,26,1744.200,8371.700,8786.000,10530.200
iocp,timer=1ms,10000,,0.150,27,1723.500,9092.000,8806.700,10530.200
iocp,timer=1ms,10000,,0.150,28,1986.500,8022.500,8543.700,10530.200
iocp,timer=1ms,10000,,0.150,29,2177.400,8123.000,8352.800,10530.200
iocp,timer=1ms,10000,,0.150,30,1704.400,8781.000,8825.800,10530.200
iocp,timer=1ms,10000,,0.150,31,1615.900,8945.700,8914.300,10530.200
iocp,timer=1ms,10000,,0.150,32,2172.800,7900.600,8357.400,10530.200
iocp,timer=1ms,10000,,0.150,33,1611.400,8673.000,8918.800,10530.200
iocp,timer=1ms,10000,,0.150,34,1739.200,9131.100,8791.000,10530.200
iocp,timer=1ms,10000,,0.150,35,2116.100,8103.400,8414.100,10530.200
iocp,timer=1ms,10000,,0.250,15,3994.100,6146.100,6041.200,10035.300
iocp,timer=1ms,10000,,0.250,16,2542.300,7475.000,7493.000,10035.300
iocp,timer=1ms,10000,,0.250,17,2543.400,7477.500,7491.900,10035.300
iocp,timer=1ms,10000,,0.250,18,2543.400,7462.900,7491.900,10035.300
iocp,timer=1ms,10000,,0.250,19,3004.100,7082.900,7031.200,10035.300
iocp,timer=1ms,10000,,0.250,20,3009.200,7053.200,7026.100,10035.300
iocp,timer=1ms,10000,,0.250,21,2990.000,7002.700,7045.300,10035.300
iocp,timer=1ms,10000,,0.250,22,3014.900,7895.000,7020.400,10035.300
iocp,timer=1ms,10000,,0.250,23,2527.300,7482.600,7508.000,10035.300
iocp,timer=1ms,10000,,0.250,24,3000.800,7527.900,7034.500,10035.300
iocp,timer=1ms,10000,,0.250,25,3002.600,6996.700,7032.700,10035.300
iocp,timer=1ms,10000,,0.250,26,2525.800,7483.400,7509.500,10035.300
iocp,timer=1ms,10000,,0.250,27,3009.200,8131.900,7026.100,10035.300
iocp,timer=1ms,10000,,0.250,28,2535.000,7481.400,7500.300,10035.300
iocp,timer=1ms,10000,,0.250,29,2674.400,8885.200,7360.900,10035.300
iocp,timer=1ms,10000,,0.250,30,2949.000,7494.700,7086.300,10035.300
iocp,timer=1ms,10000,,0.250,31,3018.100,7399.500,7017.200,10035.300
iocp,timer=1ms,10000,,0.250,32,3000.600,6954.900,7034.700,10035.300
iocp,timer=1ms,10000,,0.250,33,2524.000,7968.200,7511.300,10035.300
iocp,timer=1ms,10000,,0.250,34,2550.900,7420.000,7484.400,10035.300
iocp,timer=1ms,10000,,0.250,35,2797.100,7371.500,7238.200,10035.300
iocp,timer=1ms,10000,,0.350,15,3915.400,6102.200,6294.800,10210.200
iocp,timer=1ms,10000,,0.350,16,3923.600,6077.700,6286.600,10210.200
iocp,timer=1ms,10000,,0.350,17,4017.100,6489.600,6193.100,10210.200
iocp,timer=1ms,10000,,0.350,18,4405.500,5612.000,5804.700,10210.200
iocp,timer=1ms,10000,,0.350,19,4089.700,5910.800,6120.500,10210.200
iocp,timer=1ms,10000,,0.350,20,3587.200,7100.000,6623.000,10210.200
iocp,timer=1ms,10000,,0.350,21,3590.900,7350.500,6619.300,10210.200
iocp,timer=1ms,10000,,0.350,22,3990.500,6152.600,6219.700,10210.200
iocp,timer=1ms,10000,,0.350,23,3602.200,6406.200,6608.000,10210.200
iocp,timer=1ms,10000,,0.350,24,3602.100,6379.400,6608.100,10210.200
iocp,timer=1ms,10000,,0.350,25,4073.500,5945.000,6136.700,10210.200
iocp,timer=1ms,10000,,0.350,26,4026.400,5981.000,6183.800,10210.200
iocp,timer=1ms,10000,,0.350,27,4266.000,5748.500,5944.200,10210.200
iocp,timer=1ms,10000,,0.350,28,4244.000,6004.200,5966.200,10210.200
iocp,timer=1ms,10000,,0.350,29,3992.600,6036.500,6217.600,10210.200
iocp,timer=1ms,10000,,0.350,30,3587.800,6380.700,6622.400,10210.200
iocp,timer=1ms,10000,,0.350,31,3588.400,6418.900,6621.800,10210.200
iocp,timer=1ms,10000,,0.350,32,3936.600,6066.000,6273.600,10210.200
iocp,timer=1ms,10000,,0.350,33,3587.500,7011.400,6622.700,10210.200
iocp,timer=1ms,10000,,0.350,34,4021.300,6040.100,6188.900,10210.200
iocp,timer=1ms,10000,,0.350,35,4027.700,6009.400,6182.500,10210.200
iocp,timer=1ms,10000,,0.450,15,4839.600,5193.000,5253.600,10093.200
iocp,timer=1ms,10000,,0.450,16,4803.900,6018.000,5289.300,10093.200
iocp,timer=1ms,10000,,0.450,17,5012.700,5018.000,5080.500,10093.200
iocp,timer=1ms,10000,,0.450,18,5078.900,5140.800,5014.300,10093.200
iocp,timer=1ms,10000,,0.450,19,5005.200,5504.700,5088.000,10093.200
iocp,timer=1ms,10000,,0.450,20,5000.500,5005.000,5092.700,10093.200
iocp,timer=1ms,10000,,0.450,21,4925.500,5065.900,5167.700,10093.200
iocp,timer=1ms,10000,,0.450,22,5447.900,4560.800,4645.300,10093.200
iocp,timer=1ms,10000,,0.450,23,4557.100,5535.300,5536.100,10093.200
iocp,timer=1ms,10000,,0.450,24,4558.200,5450.800,5535.000,10093.200
iocp,timer=1ms,10000,,0.450,25,4577.800,6221.500,5515.400,10093.200
iocp,timer=1ms,10000,,0.450,26,4558.000,5418.400,5535.200,10093.200
iocp,timer=1ms,10000,,0.450,27,4557.500,6011.500,5535.700,10093.200
iocp,timer=1ms,10000,,0.450,28,5149.100,4895.300,4944.100,10093.200
iocp,timer=1ms,10000,,0.450,29,4576.500,5898.300,5516.700,10093.200
iocp,timer=1ms,10000,,0.450,30,4608.000,6010.900,5485.200,10093.200
iocp,timer=1ms,10000,,0.450,31,4755.100,5281.500,5338.100,10093.200
iocp,timer=1ms,10000,,0.450,32,4650.300,5344.700,5442.900,10093.200
iocp,timer=1ms,10000,,0.450,33,4570.900,6200.900,5522.300,10093.200
iocp,timer=1ms,10000,,0.450,34,4702.400,5775.900,5390.800,10093.200
iocp,timer=1ms,10000,,0.450,35,4887.100,5068.700,5206.100,10093.200
iocp,timer=1ms,10000,,0.550,15,6035.800,3964.200,4213.000,10248.800
iocp,timer=1ms,10000,,0.550,16,5860.600,4152.200,4388.200,10248.800
iocp,timer=1ms,10000,,0.550,17,5848.700,5003.800,4400.100,10248.800
iocp,timer=1ms,10000,,0.550,18,6006.600,3999.200,4242.200,10248.800
iocp,timer=1ms,10000,,0.550,19,6006.100,4087.900,4242.700,10248.800
iocp,timer=1ms,10000,,0.550,20,5653.100,4348.400,4595.700,10248.800
iocp,timer=1ms,10000,,0.550,21,5795.400,5149.300,4453.400,10248.800
iocp,timer=1ms,10000,,0.550,22,6011.800,4025.900,4237.000,10248.800
iocp,timer=1ms,10000,,0.550,23,5999.000,4006.000,4249.800,10248.800
iocp,timer=1ms,10000,,0.550,24,5649.600,4348.700,4599.200,10248.800
iocp,timer=1ms,10000,,0.550,25,5649.700,4353.800,4599.100,10248.800
iocp,timer=1ms,10000,,0.550,26,6050.600,4050.000,4198.200,10248.800
iocp,timer=1ms,10000,,0.550,27,6008.200,4000.000,4240.600,10248.800
iocp,timer=1ms,10000,,0.550,28,5651.200,5003.500,4597.600,10248.800
iocp,timer=1ms,10000,,0.550,29,5654.600,4593.100,4594.200,10248.800
iocp,timer=1ms,10000,,0.550,30,6033.700,4515.400,4215.100,10248.800
iocp,timer=1ms,10000,,0.550,31,5741.300,5199.200,4507.500,10248.800
iocp,timer=1ms,10000,,0.550,32,6141.800,3877.900,4107.000,10248.800
iocp,timer=1ms,10000,,0.550,33,6120.800,3891.000,4128.000,10248.800
iocp,timer=1ms,10000,,0.550,34,6137.800,4205.400,4111.000,10248.800
iocp,timer=1ms,10000,,0.550,35,5665.700,4351.500,4583.100,10248.800
iocp,timer=1ms,10000,,0.650,15,6896.400,4010.800,3493.400,10389.800
iocp,timer=1ms,10000,,0.650,16,7001.600,3004.600,3388.200,10389.800
iocp,timer=1ms,10000,,0.650,17,6772.900,3229.400,3616.900,10389.800
iocp,timer=1ms,10000,,0.650,18,6818.200,4009.800,3571.600,10389.800
iocp,timer=1ms,10000,,0.650,19,6993.700,4012.900,3396.100,10389.800
iocp,timer=1ms,10000,,0.650,20,7002.000,3005.300,3387.800,10389.800
iocp,timer=1ms,10000,,0.650,21,6778.900,3258.400,3610.900,10389.800
iocp,timer=1ms,10000,,0.650,22,6870.300,3495.600,3519.500,10389.800
iocp,timer=1ms,10000,,0.650,23,7068.000,2988.500,3321.800,10389.800
iocp,timer=1ms,10000,,0.650,24,6778.800,3257.900,3611.000,10389.800
iocp,timer=1ms,10000,,0.650,25,6779.100,3237.900,3610.700,10389.800
iocp,timer=1ms,10000,,0.650,26,6999.700,3011.800,3390.100,10389.800
iocp,timer=1ms,10000,,0.650,27,7203.600,3324.700,3186.200,10389.800
iocp,timer=1ms,10000,,0.650,28,6784.900,3100.500,3604.900,10389.800
iocp,timer=1ms,10000,,0.650,29,7384.900,3310.300,3004.900,10389.800
iocp,timer=1ms,10000,,0.650,30,6823.800,3989.100,3566.000,10389.800
iocp,timer=1ms,10000,,0.650,31,6785.200,3347.300,3604.600,10389.800
iocp,timer=1ms,10000,,0.650,32,7438.700,2978.600,2951.100,10389.800
iocp,timer=1ms,10000,,0.650,33,7020.500,3583.600,3369.300,10389.800
iocp,timer=1ms,10000,,0.650,34,7066.300,2897.100,3323.500,10389.800
iocp,timer=1ms,10000,,0.650,35,7642.200,2368.400,2747.600,10389.800
iocp,timer=1ms,10000,,0.750,15,7727.600,1979.600,2290.600,10018.200
iocp,timer=1ms,10000,,0.750,16,7953.600,2060.200,2064.600,10018.200
iocp,timer=1ms,10000,,0.750,17,7545.500,2908.700,2472.700,10018.200
iocp,timer=1ms,10000,,0.750,18,7745.100,2501.700,2273.100,10018.200
iocp,timer=1ms,10000,,0.750,19,8014.900,2019.200,2003.300,10018.200
iocp,timer=1ms,10000,,0.750,20,7534.800,2471.500,2483.400,10018.200
iocp,timer=1ms,10000,,0.750,21,7864.400,2255.400,2153.800,10018.200
iocp,timer=1ms,10000,,0.750,22,7972.400,2989.300,2045.800,10018.200
iocp,timer=1ms,10000,,0.750,23,7963.700,3028.000,2054.500,10018.200
iocp,timer=1ms,10000,,0.750,24,8014.300,2029.300,2003.900,10018.200
iocp,timer=1ms,10000,,0.750,25,7705.600,2647.600,2312.600,10018.200
iocp,timer=1ms,10000,,0.750,26,7760.200,2583.900,2258.000,10018.200
iocp,timer=1ms,10000,,0.750,27,7654.900,3016.100,2363.300,10018.200
iocp,timer=1ms,10000,,0.750,28,7820.000,3091.400,2198.200,10018.200
iocp,timer=1ms,10000,,0.750,29,7874.800,2153.500,2143.400,10018.200
iocp,timer=1ms,10000,,0.750,30,7950.400,2486.400,2067.800,10018.200
iocp,timer=1ms,10000,,0.750,31,7868.700,2923.000,2149.500,10018.200
iocp,timer=1ms,10000,,0.750,32,7685.400,2333.100,2332.800,10018.200
iocp,timer=1ms,10000,,0.750,33,7543.200,2535.200,2475.000,10018.200
iocp,timer=1ms,10000,,0.750,34,7986.200,2953.900,2032.000,10018.200
iocp,timer=1ms,10000,,0.750,35,7809.900,2621.200,2208.300,10018.200
iocp,timer=1ms,10000,,0.850,15,9804.400,1076.200,216.400,10020.800
iocp,timer=1ms,10000,,0.850,16,8862.700,1516.500,1158.100,10020.800
iocp,timer=1ms,10000,,0.850,17,8953.300,2012.400,1067.500,10020.800
iocp,timer=1ms,10000,,0.850,18,8678.600,1544.700,1342.200,10020.800
iocp,timer=1ms,10000,,0.850,19,8548.600,2020.100,1472.200,10020.800
iocp,timer=1ms,10000,,0.850,20,8589.200,1531.500,1431.600,10020.800
iocp,timer=1ms,10000,,0.850,21,8758.700,1259.200,1262.100,10020.800
iocp,timer=1ms,10000,,0.850,22,8553.300,1463.000,1467.500,10020.800
iocp,timer=1ms,10000,,0.850,23,8650.900,1336.600,1369.900,10020.800
iocp,timer=1ms,10000,,0.850,24,9268.100,749.200,752.700,10020.800
iocp,timer=1ms,10000,,0.850,25,8559.500,2098.500,1461.300,10020.800
iocp,timer=1ms,10000,,0.850,26,8837.300,1501.400,1183.500,10020.800
iocp,timer=1ms,10000,,0.850,27,8542.300,1990.600,1478.500,10020.800
iocp,timer=1ms,10000,,0.850,28,8544.000,1984.700,1476.800,10020.800
iocp,timer=1ms,10000,,0.850,29,8545.700,1984.000,1475.100,10020.800
iocp,timer=1ms,10000,,0.850,30,8545.600,2015.800,1475.200,10020.800
iocp,timer=1ms,10000,,0.850,31,8545.200,1630.000,1475.600,10020.800
iocp,timer=1ms,10000,,0.850,32,8624.500,2022.800,1396.300,10020.800
iocp,timer=1ms,10000,,0.850,33,8783.800,1768.900,1237.000,10020.800
iocp,timer=1ms,10000,,0.850,34,8787.100,1654.400,1233.700,10020.800
iocp,timer=1ms,10000,,0.850,35,8575.200,1396.500,1445.600,10020.800
iocp,timer=1ms,10000,,0.950,15,10504.200,10012.600,27.700,10531.900
iocp,timer=1ms,10000,,0.950,16,10219.800,10012.100,312.100,10531.900
iocp,timer=1ms,10000,,0.950,17,10530.400,10152.000,1.500,10531.900
iocp,timer=1ms,10000,,0.950,18,10510.900,10000.200,21.000,10531.900
iocp,timer=1ms,10000,,0.950,19,10364.200,11631.800,167.700,10531.900
iocp,timer=1ms,10000,,0.950,20,10510.800,9520.600,21.100,10531.900
iocp,timer=1ms,10000,,0.950,21,10023.300,10005.600,508.600,10531.900
iocp,timer=1ms,10000,,0.950,22,10029.500,10503.200,502.400,10531.900
iocp,timer=1ms,10000,,0.950,23,10508.600,9977.000,23.300,10531.900
iocp,timer=1ms,10000,,0.950,24,10508.000,10572.900,23.900,10531.900
iocp,timer=1ms,10000,,0.950,25,10027.300,10005.800,504.600,10531.900
iocp,timer=1ms,10000,,0.950,26,10534.800,10036.100,10529.000,10531.900
iocp,timer=1ms,10000,,0.950,27,10530.900,9658.900,1.000,10531.900
iocp,timer=1ms,10000,,0.950,28,10474.000,0.700,57.900,10531.900
iocp,timer=1ms,10000,,0.950,29,10519.500,10133.400,12.400,10531.900
iocp,timer=1ms,10000,,0.950,30,10118.700,10943.600,413.200,10531.900
iocp,timer=1ms,10000,,0.950,31,10559.600,10328.300,10504.200,10531.900
iocp,timer=1ms,10000,,0.950,32,10051.000,10011.700,480.900,10531.900
iocp,timer=1ms,10000,,0.950,33,10434.400,10018.100,97.500,10531.900
iocp,timer=1ms,10000,,0.950,34,10852.900,9582.500,10210.900,10531.900
iocp,timer=1ms,10000,,0.950,35,10074.100,10427.100,457.800,10531.900
iocp,timer=1ms,10000,,1.050,15,10822.700,10081.000,9193.300,10008.000
iocp,timer=1ms,10000,,1.050,16,10664.500,10495.300,9351.500,10008.000
iocp,timer=1ms,10000,,1.050,17,11023.600,9009.000,8992.400,10008.000
iocp,timer=1ms,10000,,1.050,18,11033.300,8992.900,8982.700,10008.000
iocp,timer=1ms,10000,,1.050,19,11033.100,8993.300,8982.900,10008.000
iocp,timer=1ms,10000,,1.050,20,10609.800,9487.400,9406.200,10008.000
iocp,timer=1ms,10000,,1.050,21,10748.300,4.800,9267.700,10008.000
iocp,timer=1ms,10000,,1.050,22,10826.800,9506.600,9189.200,10008.000
iocp,timer=1ms,10000,,1.050,23,10775.400,10137.000,9240.600,10008.000
iocp,timer=1ms,10000,,1.050,24,10564.100,11456.000,9451.900,10008.000
iocp,timer=1ms,10000,,1.050,25,10548.600,10611.200,9467.400,10008.000
iocp,timer=1ms,10000,,1.050,26,11279.600,10386.600,8736.400,10008.000
iocp,timer=1ms,10000,,1.050,27,11002.600,10445.400,9013.400,10008.000
iocp,timer=1ms,10000,,1.050,28,11003.100,9018.900,9012.900,10008.000
iocp,timer=1ms,10000,,1.050,29,11009.000,8991.100,9007.000,10008.000
iocp,timer=1ms,10000,,1.050,30,10764.600,7.700,9251.400,10008.000
iocp,timer=1ms,10000,,1.050,31,11589.000,9306.500,8427.000,10008.000
iocp,timer=1ms,10000,,1.050,32,10979.000,9220.500,9037.000,10008.000
iocp,timer=1ms,10000,,1.050,33,10985.400,8996.000,9030.600,10008.000
iocp,timer=1ms,10000,,1.050,34,11228.900,8783.300,8787.100,10008.000
iocp,timer=1ms,10000,,1.050,35,11035.800,9054.400,8980.200,10008.000
iocp,timer=1ms,10000,,1.150,15,12205.300,8501.400,7841.500,10023.400
iocp,timer=1ms,10000,,1.150,16,11579.600,9752.000,8467.200,10023.400
iocp,timer=1ms,10000,,1.150,17,11869.100,9015.100,8177.700,10023.400
iocp,timer=1ms,10000,,1.150,18,11900.800,9027.800,8146.000,10023.400
iocp,timer=1ms,10000,,1.150,19,11554.700,8907.400,8492.100,10023.400
iocp,timer=1ms,10000,,1.150,20,11555.400,8478.400,8491.400,10023.400
iocp,timer=1ms,10000,,1.150,21,12446.500,8571.000,7600.300,10023.400
iocp,timer=1ms,10000,,1.150,22,11963.700,10116.800,8083.100,10023.400
iocp,timer=1ms,10000,,1.150,23,11956.100,8976.800,8090.700,10023.400
iocp,timer=1ms,10000,,1.150,24,11703.200,8480.800,8343.600,10023.400
iocp,timer=1ms,10000,,1.150,25,11906.800,9004.000,8140.000,10023.400
iocp,timer=1ms,10000,,1.150,26,11771.900,9261.100,8274.900,10023.400
iocp,timer=1ms,10000,,1.150,27,12052.300,8303.300,7994.500,10023.400
iocp,timer=1ms,10000,,1.150,28,11841.500,8518.000,8205.300,10023.400
iocp,timer=1ms,10000,,1.150,29,11964.000,8039.800,8082.800,10023.400
iocp,timer=1ms,10000,,1.150,30,12568.800,7882.300,7478.000,10023.400
iocp,timer=1ms,10000,,1.150,31,12038.600,9068.600,8008.200,10023.400
iocp,timer=1ms,10000,,1.150,32,11558.200,8468.900,8488.600,10023.400
iocp,timer=1ms,10000,,1.150,33,11556.800,8468.700,8490.000,10023.400
iocp,timer=1ms,10000,,1.150,34,12012.200,8984.100,8034.600,10023.400
iocp,timer=1ms,10000,,1.150,35,11560.100,8875.600,8486.700,10023.400
iocp,timer=1ms,10000,,1.250,15,13609.400,7803.300,6853.800,10231.600
iocp,timer=1ms,10000,,1.250,16,13318.300,6561.200,7144.900,10231.600
iocp,timer=1ms,10000,,1.250,17,13124.500,7576.800,7338.700,10231.600
iocp,timer=1ms,10000,,1.250,18,13323.000,7360.300,7140.200,10231.600
iocp,timer=1ms,10000,,1.250,19,12822.400,7397.200,7640.800,10231.600
iocp,timer=1ms,10000,,1.250,20,12824.800,8246.300,7638.400,10231.600
iocp,timer=1ms,10000,,1.250,21,13303.700,6945.300,7159.500,10231.600
iocp,timer=1ms,10000,,1.250,22,13042.400,7404.100,7420.800,10231.600
iocp,timer=1ms,10000,,1.250,23,12822.900,7700.500,7640.300,10231.600
iocp,timer=1ms,10000,,1.250,24,13051.200,7384.600,7412.000,10231.600
iocp,timer=1ms,10000,,1.250,25,13008.400,7926.400,7454.800,10231.600
iocp,timer=1ms,10000,,1.250,26,13036.400,7005.400,7426.800,10231.600
iocp,timer=1ms,10000,,1.250,27,13299.400,6824.000,7163.800,10231.600
iocp,timer=1ms,10000,,1.250,28,13141.500,8313.100,7321.700,10231.600
iocp,timer=1ms,10000,,1.250,29,13423.700,7433.200,7039.500,10231.600
iocp,timer=1ms,10000,,1.250,30,13042.500,7523.100,7420.700,10231.600
iocp,timer=1ms,10000,,1.250,31,12990.800,7182.700,7472.400,10231.600
iocp,timer=1ms,10000,,1.250,32,13142.600,7971.900,7320.600,10231.600
iocp,timer=1ms,10000,,1.250,33,13013.000,7703.100,7450.200,10231.600
iocp,timer=1ms,10000,,1.250,34,13025.800,7982.300,7437.400,10231.600
iocp,timer=1ms,10000,,1.250,35,12806.400,7201.200,7656.800,10231.600
iocp,timer=1ms,10000,,1.350,15,14550.100,5464.000,6506.500,10528.300
iocp,timer=1ms,10000,,1.350,16,14245.500,6042.000,6811.100,10528.300
iocp,timer=1ms,10000,,1.350,17,14388.400,5645.100,6668.200,10528.300
iocp,timer=1ms,10000,,1.350,18,14246.000,6663.000,6810.600,10528.300
iocp,timer=1ms,10000,,1.350,19,14589.600,7224.300,6467.000,10528.300
iocp,timer=1ms,10000,,1.350,20,14376.700,6490.700,6679.900,10528.300
iocp,timer=1ms,10000,,1.350,21,14240.300,6996.100,6816.300,10528.300
iocp,timer=1ms,10000,,1.350,22,14244.100,5775.400,6812.500,10528.300
iocp,timer=1ms,10000,,1.350,23,14510.100,5911.300,6546.500,10528.300
iocp,timer=1ms,10000,,1.350,24,14708.700,6322.200,6347.900,10528.300
iocp,timer=1ms,10000,,1.350,25,14361.900,7526.500,6694.700,10528.300
iocp,timer=1ms,10000,,1.350,26,14515.300,5506.600,6541.300,10528.300
iocp,timer=1ms,10000,,1.350,27,14438.600,6023.200,6618.000,10528.300
iocp,timer=1ms,10000,,1.350,28,14724.700,5733.900,6331.900,10528.300
iocp,timer=1ms,10000,,1.350,29,14233.500,5696.500,6823.100,10528.300
iocp,timer=1ms,10000,,1.350,30,14628.500,5410.100,6428.100,10528.300
iocp,timer=1ms,10000,,1.350,31,14681.300,6498.100,6375.300,10528.300
iocp,timer=1ms,10000,,1.350,32,14730.300,5294.800,6326.300,10528.300
iocp,timer=1ms,10000,,1.350,33,14237.600,6217.100,6819.000,10528.300
iocp,timer=1ms,10000,,1.350,34,14703.900,5979.900,6352.700,10528.300
iocp,timer=1ms,10000,,1.350,35,14544.500,5482.300,6512.100,10528.300
iocp,timer=1ms,10000,,1.450,15,15115.300,5497.500,5173.900,10144.600
iocp,timer=1ms,10000,,1.450,16,14855.900,6304.900,5433.300,10144.600
iocp,timer=1ms,10000,,1.450,17,15230.500,5913.300,5058.700,10144.600
iocp,timer=1ms,10000,,1.450,18,14741.700,6459.600,5547.500,10144.600
iocp,timer=1ms,10000,,1.450,19,14757.000,5244.800,5532.200,10144.600
iocp,timer=1ms,10000,,1.450,20,14840.800,6364.300,5448.400,10144.600
iocp,timer=1ms,10000,,1.450,21,14851.300,5738.000,5437.900,10144.600
iocp,timer=1ms,10000,,1.450,22,14775.500,6438.700,5513.700,10144.600
iocp,timer=1ms,10000,,1.450,23,15106.000,5502.300,5183.200,10144.600
iocp,timer=1ms,10000,,1.450,24,15319.300,4700.600,4969.900,10144.600
iocp,timer=1ms,10000,,1.450,25,14902.400,5504.700,5386.800,10144.600
iocp,timer=1ms,10000,,1.450,26,14739.800,5286.300,5549.400,10144.600
iocp,timer=1ms,10000,,1.450,27,14740.900,6026.000,5548.300,10144.600
iocp,timer=1ms,10000,,1.450,28,14744.700,5276.600,5544.500,10144.600
iocp,timer=1ms,10000,,1.450,29,15030.300,5108.100,5258.900,10144.600
iocp,timer=1ms,10000,,1.450,30,14748.200,6126.400,5541.000,10144.600
iocp,timer=1ms,10000,,1.450,31,15466.100,5280.200,4823.100,10144.600
iocp,timer=1ms,10000,,1.450,32,14847.500,5547.400,5441.700,10144.600
iocp,timer=1ms,10000,,1.450,33,14745.200,5719.100,5544.000,10144.600
iocp,timer=1ms,10000,,1.450,34,14765.100,5224.800,5524.100,10144.600
iocp,timer=1ms,10000,,1.450,35,14746.000,5428.700,5543.200,10144.600
iocp,timer=1ms,10000,,1.550,15,15792.600,5684.700,4236.800,10014.700
iocp,timer=1ms,10000,,1.550,16,15853.400,6213.600,4176.000,10014.700
iocp,timer=1ms,10000,,1.550,17,15561.700,4892.600,4467.700,10014.700
iocp,timer=1ms,10000,,1.550,18,15557.000,5011.300,4472.400,10014.700
iocp,timer=1ms,10000,,1.550,19,15946.200,5003.800,4083.200,10014.700
iocp,timer=1ms,10000,,1.550,20,15950.800,4063.100,4078.600,10014.700
iocp,timer=1ms,10000,,1.550,21,15538.600,4912.200,4490.800,10014.700
iocp,timer=1ms,10000,,1.550,22,15657.300,4319.700,4372.100,10014.700
iocp,timer=1ms,10000,,1.550,23,15772.600,4413.600,4256.800,10014.700
iocp,timer=1ms,10000,,1.550,24,15555.000,6233.900,4474.400,10014.700
iocp,timer=1ms,10000,,1.550,25,15558.300,6042.400,4471.100,10014.700
iocp,timer=1ms,10000,,1.550,26,15605.500,4424.900,4423.900,10014.700
iocp,timer=1ms,10000,,1.550,27,15703.700,4434.100,4325.700,10014.700
iocp,timer=1ms,10000,,1.550,28,16095.400,5996.800,3934.000,10014.700
iocp,timer=1ms,10000,,1.550,29,15902.700,4644.000,4126.700,10014.700
iocp,timer=1ms,10000,,1.550,30,15546.900,5361.700,4482.500,10014.700
iocp,timer=1ms,10000,,1.550,31,15560.700,4874.200,4468.700,10014.700
iocp,timer=1ms,10000,,1.550,32,15800.200,4691.600,4229.200,10014.700
iocp,timer=1ms,10000,,1.550,33,16011.700,4019.100,4017.700,10014.700
iocp,timer=1ms,10000,,1.550,34,15565.900,4462.700,4463.500,10014.700
iocp,timer=1ms,10000,,1.550,35,15552.600,5026.900,4476.800,10014.700
iocp,timer=1ms,10000,,1.650,15,16766.100,3669.300,3453.900,10110.000
iocp,timer=1ms,10000,,1.650,16,17013.700,4609.800,3206.300,10110.000
iocp,timer=1ms,10000,,1.650,17,16934.500,3244.600,3285.500,10110.000
iocp,timer=1ms,10000,,1.650,18,17326.600,2959.600,2893.400,10110.000
iocp,timer=1ms,10000,,1.650,19,17002.000,3014.500,3218.000,10110.000
iocp,timer=1ms,10000,,1.650,20,16717.600,3331.500,3502.400,10110.000
iocp,timer=1ms,10000,,1.650,21,16993.500,3539.700,3226.500,10110.000
iocp,timer=1ms,10000,,1.650,22,16816.900,3702.800,3403.100,10110.000
iocp,timer=1ms,10000,,1.650,23,16995.600,4169.900,3224.400,10110.000
iocp,timer=1ms,10000,,1.650,24,17160.800,3650.800,3059.200,10110.000
iocp,timer=1ms,10000,,1.650,25,16717.500,4019.600,3502.500,10110.000
iocp,timer=1ms,10000,,1.650,26,16702.200,4930.900,3517.800,10110.000
iocp,timer=1ms,10000,,1.650,27,17165.000,2992.500,3055.000,10110.000
iocp,timer=1ms,10000,,1.650,28,16976.600,3031.100,3243.400,10110.000
iocp,timer=1ms,10000,,1.650,29,17179.900,3633.700,3040.100,10110.000
iocp,timer=1ms,10000,,1.650,30,17161.600,2971.900,3058.400,10110.000
iocp,timer=1ms,10000,,1.650,31,17134.500,3438.000,3085.500,10110.000
iocp,timer=1ms,10000,,1.650,32,16976.900,4339.000,3243.100,10110.000
iocp,timer=1ms,10000,,1.650,33,17172.000,3518.600,3048.000,10110.000
iocp,timer=1ms,10000,,1.650,34,16759.900,3989.400,3460.100,10110.000
iocp,timer=1ms,10000,,1.650,35,16708.600,3322.800,3511.400,10110.000
iocp,timer=1ms,10000,,1.750,15,18540.600,2684.000,2207.200,10373.900
iocp,timer=1ms,10000,,1.750,16,18505.800,3036.300,2242.000,10373.900
iocp,timer=1ms,10000,,1.750,17,18720.300,1910.800,2027.500,10373.900
iocp,timer=1ms,10000,,1.750,18,18273.400,2004.400,2474.400,10373.900
iocp,timer=1ms,10000,,1.750,19,18503.700,1632.500,2244.100,10373.900
iocp,timer=1ms,10000,,1.750,20,18191.800,2992.200,2556.000,10373.900
iocp,timer=1ms,10000,,1.750,21,18514.100,1519.900,2233.700,10373.900
iocp,timer=1ms,10000,,1.750,22,18604.600,2000.300,2143.200,10373.900
iocp,timer=1ms,10000,,1.750,23,18177.400,1837.500,2570.400,10373.900
iocp,timer=1ms,10000,,1.750,24,18321.200,1857.500,2426.600,10373.900
iocp,timer=1ms,10000,,1.750,25,18516.200,1996.300,2231.600,10373.900
iocp,timer=1ms,10000,,1.750,26,18170.700,1843.000,2577.100,10373.900
iocp,timer=1ms,10000,,1.750,27,18698.700,2142.100,2049.100,10373.900
iocp,timer=1ms,10000,,1.750,28,18227.400,1639.800,2520.400,10373.900
iocp,timer=1ms,10000,,1.750,29,18413.200,3080.200,2334.600,10373.900
iocp,timer=1ms,10000,,1.750,30,18301.000,3333.200,2446.800,10373.900
iocp,timer=1ms,10000,,1.750,31,18191.600,2693.900,2556.200,10373.900
iocp,timer=1ms,10000,,1.750,32,18676.000,1339.900,2071.800,10373.900
iocp,timer=1ms,10000,,1.750,33,19130.900,1831.900,1616.900,10373.900
iocp,timer=1ms,10000,,1.750,34,18655.200,1815.000,2092.600,10373.900
iocp,timer=1ms,10000,,1.750,35,18173.700,2343.700,2574.100,10373.900
iocp,timer=1ms,10000,,1.850,15,19188.200,1151.700,875.000,10031.600
iocp,timer=1ms,10000,,1.850,16,18719.800,2010.600,1343.400,10031.600
iocp,timer=1ms,10000,,1.850,17,18588.000,3320.100,1475.200,10031.600
iocp,timer=1ms,10000,,1.850,18,18737.200,1295.500,1326.000,10031.600
iocp,timer=1ms,10000,,1.850,19,18597.800,2015.600,1465.400,10031.600
iocp,timer=1ms,10000,,1.850,20,18593.400,1449.500,1469.800,10031.600
iocp,timer=1ms,10000,,1.850,21,19032.100,1776.600,1031.100,10031.600
iocp,timer=1ms,10000,,1.850,22,18992.400,1494.600,1070.800,10031.600
iocp,timer=1ms,10000,,1.850,23,19063.700,1011.600,999.500,10031.600
iocp,timer=1ms,10000,,1.850,24,19170.500,985.600,892.700,10031.600
iocp,timer=1ms,10000,,1.850,25,18982.200,2008.600,1081.000,10031.600
iocp,timer=1ms,10000,,1.850,26,18982.300,2036.800,1080.900,10031.600
iocp,timer=1ms,10000,,1.850,27,18778.700,1590.900,1284.500,10031.600
iocp,timer=1ms,10000,,1.850,28,19191.600,1003.300,871.600,10031.600
iocp,timer=1ms,10000,,1.850,29,19164.800,963.400,898.400,10031.600
iocp,timer=1ms,10000,,1.850,30,18727.100,2133.500,1336.100,10031.600
iocp,timer=1ms,10000,,1.850,31,18945.900,2225.400,1117.300,10031.600
iocp,timer=1ms,10000,,1.850,32,18580.200,1393.300,1483.000,10031.600
iocp,timer=1ms,10000,,1.850,33,18574.400,1448.300,1488.800,10031.600
iocp,timer=1ms,10000,,1.850,34,19148.600,1721.000,914.600,10031.600
iocp,timer=1ms,10000,,1.850,35,18582.800,1849.600,1480.400,10031.600
iocp,timer=1ms,10000,,1.950,15,19764.400,2758.700,296.600,10030.500
iocp,timer=1ms,10000,,1.950,16,20055.300,10192.000,5.700,10030.500
iocp,timer=1ms,10000,,1.950,17,19577.700,993.200,483.300,10030.500
iocp,timer=1ms,10000,,1.950,18,19704.300,1106.300,356.700,10030.500
iocp,timer=1ms,10000,,1.950,19,19944.000,605.200,117.000,10030.500
iocp,timer=1ms,10000,,1.950,20,19729.900,2098.800,331.100,10030.500
iocp,timer=1ms,10000,,1.950,21,20034.400,1831.800,26.600,10030.500
iocp,timer=1ms,10000,,1.950,22,19639.000,983.400,422.000,10030.500
iocp,timer=1ms,10000,,1.950,23,19592.100,1015.600,468.900,10030.500
iocp,timer=1ms,10000,,1.950,24,19602.600,975.200,458.400,10030.500
iocp,timer=1ms,10000,,1.950,25,19590.500,2018.300,470.500,10030.500
iocp,timer=1ms,10000,,1.950,26,20108.100,1001.500,9983.400,10030.500
iocp,timer=1ms,10000,,1.950,27,19703.400,1104.200,357.600,10030.500
iocp,timer=1ms,10000,,1.950,28,19591.400,986.200,469.600,10030.500
iocp,timer=1ms,10000,,1.950,29,19817.200,1917.500,243.800,10030.500
iocp,timer=1ms,10000,,1.950,30,20186.300,9839.900,9905.200,10030.500
iocp,timer=1ms,10000,,1.950,31,20065.600,1411.700,10025.900,10030.500
iocp,timer=1ms,10000,,1.950,32,19786.000,497.300,275.000,10030.500
iocp,timer=1ms,10000,,1.950,33,20109.300,507.700,9982.200,10030.500
iocp,timer=1ms,10000,,1.950,34,19612.200,1082.700,448.800,10030.500
iocp,timer=1ms,10000,,1.950,35,19873.500,992.000,187.500,10030.500
iocp,timer=1ms,10000,,2.050,15,22317.000,8767.800,9003.000,10440.000
iocp,timer=1ms,10000,,2.050,16,22066.300,8779.600,9253.700,10440.000
iocp,timer=1ms,10000,,2.050,17,21898.000,8496.400,9422.000,10440.000
iocp,timer=1ms,10000,,2.050,18,21693.100,8500.300,9626.900,10440.000
iocp,timer=1ms,10000,,2.050,19,22021.400,8570.100,9298.600,10440.000
iocp,timer=1ms,10000,,2.050,20,22012.700,8009.800,9307.300,10440.000
iocp,timer=1ms,10000,,2.050,21,21904.000,10073.400,9416.000,10440.000
iocp,timer=1ms,10000,,2.050,22,21514.300,9655.900,9805.700,10440.000
iocp,timer=1ms,10000,,2.050,23,21932.000,9753.400,9388.000,10440.000
iocp,timer=1ms,10000,,2.050,24,21846.600,18.900,9473.400,10440.000
iocp,timer=1ms,10000,,2.050,25,21707.800,9098.200,9612.200,10440.000
iocp,timer=1ms,10000,,2.050,26,21514.300,8496.100,9805.700,10440.000
iocp,timer=1ms,10000,,2.050,27,21909.200,10011.500,9410.800,10440.000
iocp,timer=1ms,10000,,2.050,28,21771.600,9500.100,9548.400,10440.000
iocp,timer=1ms,10000,,2.050,29,21631.600,10671.500,9688.400,10440.000
iocp,timer=1ms,10000,,2.050,30,21529.200,8483.100,9790.800,10440.000
iocp,timer=1ms,10000,,2.050,31,21776.100,9105.800,9543.900,10440.000
iocp,timer=1ms,10000,,2.050,32,21681.400,8861.000,9638.600,10440.000
iocp,timer=1ms,10000,,2.050,33,21693.500,8352.800,9626.500,10440.000
iocp,timer=1ms,10000,,2.050,34,21546.500,8905.200,9773.500,10440.000
iocp,timer=1ms,10000,,2.050,35,21770.300,9303.400,9549.700,10440.000
iocp,timer=1ms,10000,,2.150,15,21805.900,9442.700,8262.200,10022.700
iocp,timer=1ms,10000,,2.150,16,21931.700,9210.200,8136.400,10022.700
iocp,timer=1ms,10000,,2.150,17,21935.800,8987.600,8132.300,10022.700
iocp,timer=1ms,10000,,2.150,18,22021.800,9180.800,8046.300,10022.700
iocp,timer=1ms,10000,,2.150,19,22025.500,8813.600,8042.600,10022.700
iocp,timer=1ms,10000,,2.150,20,22039.100,8501.200,8029.000,10022.700
iocp,timer=1ms,10000,,2.150,21,21591.300,8482.100,8476.800,10022.700
iocp,timer=1ms,10000,,2.150,22,21756.100,8896.800,8312.000,10022.700
iocp,timer=1ms,10000,,2.150,23,21670.300,10084.000,8397.800,10022.700
iocp,timer=1ms,10000,,2.150,24,22390.900,8036.200,7677.200,10022.700
iocp,timer=1ms,10000,,2.150,25,22022.500,8999.200,8045.600,10022.700
iocp,timer=1ms,10000,,2.150,26,21850.700,9544.700,8217.400,10022.700
iocp,timer=1ms,10000,,2.150,27,22001.900,8510.500,8066.200,10022.700
iocp,timer=1ms,10000,,2.150,28,21564.700,9530.800,8503.400,10022.700
iocp,timer=1ms,10000,,2.150,29,22134.100,8966.700,7934.000,10022.700
iocp,timer=1ms,10000,,2.150,30,22047.800,9569.600,8020.300,10022.700
iocp,timer=1ms,10000,,2.150,31,22031.000,8864.400,8037.100,10022.700
iocp,timer=1ms,10000,,2.150,32,21716.300,9325.100,8351.800,10022.700
iocp,timer=1ms,10000,,2.150,33,21924.400,9005.900,8143.700,10022.700
iocp,timer=1ms,10000,,2.150,34,22046.500,8992.200,8021.600,10022.700
iocp,timer=1ms,10000,,2.150,35,21569.900,9450.400,8498.200,10022.700
iocp,timer=1ms,10000,,2.250,15,22797.400,7210.500,7219.700,10005.700
iocp,timer=1ms,10000,,2.250,16,22670.800,8388.400,7346.300,10005.700
iocp,timer=1ms,10000,,2.250,17,22702.800,7456.400,7314.300,10005.700
iocp,timer=1ms,10000,,2.250,18,22935.000,7901.500,7082.100,10005.700
iocp,timer=1ms,10000,,2.250,19,23194.000,8629.100,6823.100,10005.700
iocp,timer=1ms,10000,,2.250,20,23239.700,7652.700,6777.400,10005.700
iocp,timer=1ms,10000,,2.250,21,22893.300,7841.700,7123.800,10005.700
iocp,timer=1ms,10000,,2.250,22,22544.800,7916.800,7472.300,10005.700
iocp,timer=1ms,10000,,2.250,23,22638.900,9507.500,7378.200,10005.700
iocp,timer=1ms,10000,,2.250,24,22587.000,7563.000,7430.100,10005.700
iocp,timer=1ms,10000,,2.250,25,22581.000,7481.600,7436.100,10005.700
iocp,timer=1ms,10000,,2.250,26,22541.200,7474.000,7475.900,10005.700
iocp,timer=1ms,10000,,2.250,27,22557.500,7555.500,7459.600,10005.700
iocp,timer=1ms,10000,,2.250,28,22544.300,8209.000,7472.800,10005.700
iocp,timer=1ms,10000,,2.250,29,22541.700,8162.300,7475.400,10005.700
iocp,timer=1ms,10000,,2.250,30,22980.400,8515.100,7036.700,10005.700
iocp,timer=1ms,10000,,2.250,31,22712.600,9203.300,7304.500,10005.700
iocp,timer=1ms,10000,,2.250,32,22960.600,7984.000,7056.500,10005.700
iocp,timer=1ms,10000,,2.250,33,22549.600,7627.800,7467.500,10005.700
iocp,timer=1ms,10000,,2.250,34,22564.400,7729.900,7452.700,10005.700
iocp,timer=1ms,10000,,2.250,35,22783.400,7976.800,7233.700,10005.700
iocp,timer=1ms,10000,,2.350,15,23858.100,7990.600,6459.000,10105.700
iocp,timer=1ms,10000,,2.350,16,24043.200,6501.500,6273.900,10105.700
iocp,timer=1ms,10000,,2.350,17,24252.600,6653.600,6064.500,10105.700
iocp,timer=1ms,10000,,2.350,18,23769.400,7042.700,6547.700,10105.700
iocp,timer=1ms,10000,,2.350,19,24178.600,6806.400,6138.500,10105.700
iocp,timer=1ms,10000,,2.350,20,23974.300,6040.200,6342.800,10105.700
iocp,timer=1ms,10000,,2.350,21,24068.500,6632.000,6248.600,10105.700
iocp,timer=1ms,10000,,2.350,22,24461.600,6543.700,5855.500,10105.700
iocp,timer=1ms,10000,,2.350,23,24395.500,6922.500,5921.600,10105.700
iocp,timer=1ms,10000,,2.350,24,24411.700,6855.400,5905.400,10105.700
iocp,timer=1ms,10000,,2.350,25,24131.200,6836.100,6185.900,10105.700
iocp,timer=1ms,10000,,2.350,26,23822.900,6636.900,6494.200,10105.700
iocp,timer=1ms,10000,,2.350,27,23984.400,6572.300,6332.700,10105.700
iocp,timer=1ms,10000,,2.350,28,24261.600,5778.900,6055.500,10105.700
iocp,timer=1ms,10000,,2.350,29,23785.000,6561.300,6532.100,10105.700
iocp,timer=1ms,10000,,2.350,30,23784.700,8459.700,6532.400,10105.700
iocp,timer=1ms,10000,,2.350,31,24583.200,6006.800,5733.900,10105.700
iocp,timer=1ms,10000,,2.350,32,24188.700,5823.200,6128.400,10105.700
iocp,timer=1ms,10000,,2.350,33,23765.500,7741.400,6551.600,10105.700
iocp,timer=1ms,10000,,2.350,34,24215.000,7359.400,6102.100,10105.700
iocp,timer=1ms,10000,,2.350,35,24139.700,6716.000,6177.400,10105.700
iocp,timer=1ms,10000,,2.450,15,25446.800,5705.000,4598.500,10015.100
iocp,timer=1ms,10000,,2.450,16,24558.600,7581.400,5486.700,10015.100
iocp,timer=1ms,10000,,2.450,17,25343.300,4686.600,4702.000,10015.100
iocp,timer=1ms,10000,,2.450,18,25021.900,5393.900,5023.400,10015.100
iocp,timer=1ms,10000,,2.450,19,24656.700,6483.700,5388.600,10015.100
iocp,timer=1ms,10000,,2.450,20,24685.900,6129.100,5359.400,10015.100
iocp,timer=1ms,10000,,2.450,21,25045.200,5784.000,5000.100,10015.100
iocp,timer=1ms,10000,,2.450,22,25023.000,5514.600,5022.300,10015.100
iocp,timer=1ms,10000,,2.450,23,24788.500,6021.600,5256.800,10015.100
iocp,timer=1ms,10000,,2.450,24,24588.300,6423.100,5457.000,10015.100
iocp,timer=1ms,10000,,2.450,25,24985.100,6992.000,5060.200,10015.100
iocp,timer=1ms,10000,,2.450,26,25426.500,5429.400,4618.800,10015.100
iocp,timer=1ms,10000,,2.450,27,25060.800,5996.800,4984.500,10015.100
iocp,timer=1ms,10000,,2.450,28,24570.000,6586.300,5475.300,10015.100
iocp,timer=1ms,10000,,2.450,29,24690.600,7171.400,5354.700,10015.100
iocp,timer=1ms,10000,,2.450,30,24922.800,5728.100,5122.500,10015.100
iocp,timer=1ms,10000,,2.450,31,25079.600,6294.000,4965.700,10015.100
iocp,timer=1ms,10000,,2.450,32,24560.500,6990.900,5484.800,10015.100
iocp,timer=1ms,10000,,2.450,33,24701.700,7315.800,5343.600,10015.100
iocp,timer=1ms,10000,,2.450,34,24740.800,6766.000,5304.500,10015.100
iocp,timer=1ms,10000,,2.450,35,24952.300,5023.300,5093.000,10015.100
iocp,timer=1ms,10000,,2.550,15,25639.900,4644.700,4428.800,10022.900
iocp,timer=1ms,10000,,2.550,16,25784.700,5565.400,4284.000,10022.900
iocp,timer=1ms,10000,,2.550,17,25589.100,6450.200,4479.600,10022.900
iocp,timer=1ms,10000,,2.550,18,25977.100,4996.300,4091.600,10022.900
iocp,timer=1ms,10000,,2.550,19,26030.100,6301.100,4038.600,10022.900
iocp,timer=1ms,10000,,2.550,20,25706.700,6330.800,4362.000,10022.900
iocp,timer=1ms,10000,,2.550,21,25859.200,4015.900,4209.500,10022.900
iocp,timer=1ms,10000,,2.550,22,25577.900,5864.600,4490.800,10022.900
iocp,timer=1ms,10000,,2.550,23,25729.300,4846.700,4339.400,10022.900
iocp,timer=1ms,10000,,2.550,24,25587.900,4444.000,4480.800,10022.900
iocp,timer=1ms,10000,,2.550,25,25652.100,4780.100,4416.600,10022.900
iocp,timer=1ms,10000,,2.550,26,25592.700,5955.500,4476.000,10022.900
iocp,timer=1ms,10000,,2.550,27,25593.700,4992.300,4475.000,10022.900
iocp,timer=1ms,10000,,2.550,28,25702.400,5335.600,4366.300,10022.900
iocp,timer=1ms,10000,,2.550,29,26101.600,4278.300,3967.100,10022.900
iocp,timer=1ms,10000,,2.550,30,25642.900,5565.900,4425.800,10022.900
iocp,timer=1ms,10000,,2.550,31,25737.700,4859.400,4331.000,10022.900
iocp,timer=1ms,10000,,2.550,32,25870.100,4279.100,4198.600,10022.900
iocp,timer=1ms,10000,,2.550,33,26361.700,4176.000,3707.000,10022.900
iocp,timer=1ms,10000,,2.550,34,25621.000,5988.900,4447.700,10022.900
iocp,timer=1ms,10000,,2.550,35,26563.800,3448.100,3504.900,10022.900
iocp,timer=1ms,10000,,2.650,15,27601.900,4683.400,2535.500,10045.800
iocp,timer=1ms,10000,,2.650,16,27143.100,2936.300,2994.300,10045.800
iocp,timer=1ms,10000,,2.650,17,26797.900,6024.200,3339.500,10045.800
iocp,timer=1ms,10000,,2.650,18,26765.800,4304.300,3371.600,10045.800
iocp,timer=1ms,10000,,2.650,19,26771.500,3443.100,3365.900,10045.800
iocp,timer=1ms,10000,,2.650,20,26877.800,3544.600,3259.600,10045.800
iocp,timer=1ms,10000,,2.650,21,26811.700,3745.900,3325.700,10045.800
iocp,timer=1ms,10000,,2.650,22,27303.200,4230.600,2834.200,10045.800
iocp,timer=1ms,10000,,2.650,23,27124.900,3004.100,3012.500,10045.800
iocp,timer=1ms,10000,,2.650,24,27041.600,3143.000,3095.800,10045.800
iocp,timer=1ms,10000,,2.650,25,27025.900,3503.600,3111.500,10045.800
iocp,timer=1ms,10000,,2.650,26,27096.100,3004.000,3041.300,10045.800
iocp,timer=1ms,10000,,2.650,27,26674.400,4804.800,3463.000,10045.800
iocp,timer=1ms,10000,,2.650,28,26750.200,3940.000,3387.200,10045.800
iocp,timer=1ms,10000,,2.650,29,27105.800,3001.400,3031.600,10045.800
iocp,timer=1ms,10000,,2.650,30,26662.800,4403.900,3474.600,10045.800
iocp,timer=1ms,10000,,2.650,31,26990.000,3016.400,3147.400,10045.800
iocp,timer=1ms,10000,,2.650,32,26962.200,3563.600,3175.200,10045.800
iocp,timer=1ms,10000,,2.650,33,27153.100,4469.200,2984.300,10045.800
iocp,timer=1ms,10000,,2.650,34,26898.500,3747.100,3238.900,10045.800
iocp,timer=1ms,10000,,2.650,35,26921.000,3946.700,3216.400,10045.800
iocp,timer=1ms,10000,,2.750,15,29098.100,2532.300,2265.400,10454.500
iocp,timer=1ms,10000,,2.750,16,29246.400,1891.100,2117.100,10454.500
iocp,timer=1ms,10000,,2.750,17,28875.000,1990.500,2488.500,10454.500
iocp,timer=1ms,10000,,2.750,18,29072.000,2490.300,2291.500,10454.500
iocp,timer=1ms,10000,,2.750,19,29129.100,1979.000,2234.400,10454.500
iocp,timer=1ms,10000,,2.750,20,29228.300,1311.900,2135.200,10454.500
iocp,timer=1ms,10000,,2.750,21,29009.400,2558.400,2354.100,10454.500
iocp,timer=1ms,10000,,2.750,22,28787.000,1492.400,2576.500,10454.500
iocp,timer=1ms,10000,,2.750,23,28779.400,1256.700,2584.100,10454.500
iocp,timer=1ms,10000,,2.750,24,29081.100,2566.600,2282.400,10454.500
iocp,timer=1ms,10000,,2.750,25,29416.400,1470.700,1947.100,10454.500
iocp,timer=1ms,10000,,2.750,26,28773.900,1291.700,2589.600,10454.500
iocp,timer=1ms,10000,,2.750,27,29022.300,2004.300,2341.200,10454.500
iocp,timer=1ms,10000,,2.750,28,28791.400,1502.400,2572.100,10454.500
iocp,timer=1ms,10000,,2.750,29,28980.500,2048.800,2383.000,10454.500
iocp,timer=1ms,10000,,2.750,30,28792.100,1219.600,2571.400,10454.500
iocp,timer=1ms,10000,,2.750,31,29362.500,2265.300,2001.000,10454.500
iocp,timer=1ms,10000,,2.750,32,29055.600,1835.100,2307.900,10454.500
iocp,timer=1ms,10000,,2.750,33,28883.800,1993.400,2479.700,10454.500
iocp,timer=1ms,10000,,2.750,34,28949.000,1976.800,2414.500,10454.500
iocp,timer=1ms,10000,,2.750,35,29255.800,1783.200,2107.700,10454.500
iocp,timer=1ms,10000,,2.850,15,28834.500,2994.800,1245.600,10026.700
iocp,timer=1ms,10000,,2.850,16,28803.200,1722.500,1276.900,10026.700
iocp,timer=1ms,10000,,2.850,17,29036.900,2198.200,1043.200,10026.700
iocp,timer=1ms,10000,,2.850,18,29013.600,3027.500,1066.500,10026.700
iocp,timer=1ms,10000,,2.850,19,28744.900,2266.600,1335.200,10026.700
iocp,timer=1ms,10000,,2.850,20,28815.300,1998.200,1264.800,10026.700
iocp,timer=1ms,10000,,2.850,21,28716.700,2000.800,1363.400,10026.700
iocp,timer=1ms,10000,,2.850,22,28596.200,1854.300,1483.900,10026.700
iocp,timer=1ms,10000,,2.850,23,28908.000,1505.600,1172.100,10026.700
iocp,timer=1ms,10000,,2.850,24,28991.500,2534.100,1088.600,10026.700
iocp,timer=1ms,10000,,2.850,25,29047.100,2829.900,1033.000,10026.700
iocp,timer=1ms,10000,,2.850,26,28640.100,1996.400,1440.000,10026.700
iocp,timer=1ms,10000,,2.850,27,28995.400,1432.200,1084.700,10026.700
iocp,timer=1ms,10000,,2.850,28,29379.600,1249.300,700.500,10026.700
iocp,timer=1ms,10000,,2.850,29,29148.600,1647.700,931.500,10026.700
iocp,timer=1ms,10000,,2.850,30,28596.000,2524.700,1484.100,10026.700
iocp,timer=1ms,10000,,2.850,31,28981.800,1005.300,1098.300,10026.700
iocp,timer=1ms,10000,,2.850,32,29492.700,1435.000,587.400,10026.700
iocp,timer=1ms,10000,,2.850,33,28743.500,1499.300,1336.600,10026.700
iocp,timer=1ms,10000,,2.850,34,29104.500,2352.400,975.600,10026.700
iocp,timer=1ms,10000,,2.850,35,28932.100,1400.000,1148.000,10026.700
iocp,timer=1ms,10000,,2.950,15,31183.200,9494.300,362.400,10515.200
iocp,timer=1ms,10000,,2.950,16,31070.200,9268.600,475.400,10515.200
iocp,timer=1ms,10000,,2.950,17,31418.400,813.300,127.200,10515.200
iocp,timer=1ms,10000,,2.950,18,31408.900,821.500,136.700,10515.200
iocp,timer=1ms,10000,,2.950,19,31361.400,10021.500,184.200,10515.200
iocp,timer=1ms,10000,,2.950,20,31407.000,9639.800,138.600,10515.200
iocp,timer=1ms,10000,,2.950,21,31420.500,9969.500,125.100,10515.200
iocp,timer=1ms,10000,,2.950,22,31414.200,10565.000,131.400,10515.200
iocp,timer=1ms,10000,,2.950,23,31259.300,9549.500,286.300,10515.200
iocp,timer=1ms,10000,,2.950,24,31527.700,10492.200,17.900,10515.200
iocp,timer=1ms,10000,,2.950,25,31214.600,9995.000,331.000,10515.200
iocp,timer=1ms,10000,,2.950,26,32013.600,9081.800,10047.200,10515.200
iocp,timer=1ms,10000,,2.950,27,31445.100,9991.700,100.500,10515.200
iocp,timer=1ms,10000,,2.950,28,31465.800,9763.400,79.800,10515.200
iocp,timer=1ms,10000,,2.950,29,31041.000,990.700,504.600,10515.200
iocp,timer=1ms,10000,,2.950,30,31077.600,10182.200,468.000,10515.200
iocp,timer=1ms,10000,,2.950,31,31285.600,9792.600,260.000,10515.200
iocp,timer=1ms,10000,,2.950,32,31448.800,9971.200,96.800,10515.200
iocp,timer=1ms,10000,,2.950,33,31417.800,10456.200,127.800,10515.200
iocp,timer=1ms,10000,,2.950,34,31707.300,8264.400,10353.500,10515.200
iocp,timer=1ms,10000,,2.950,35,31302.400,10908.800,243.200,10515.200
iocp,timer=default,1000,,0.050,15,1101.500,14377.400,14536.700,15638.200
iocp,timer=default,1000,,0.050,16,963.000,14630.900,14675.200,15638.200
iocp,timer=default,1000,,0.050,17,929.700,14533.700,14708.500,15638.200
iocp,timer=default,1000,,0.050,18,926.200,14700.100,14712.000,15638.200
iocp,timer=default,1000,,0.050,19,926.000,14633.100,14712.200,15638.200
iocp,timer=default,1000,,0.050,20,891.300,14720.600,14746.900,15638.200
iocp,timer=default,1000,,0.050,21,985.100,15103.500,14653.100,15638.200
iocp,timer=default,1000,,0.050,22,933.200,14648.700,14705.000,15638.200
iocp,timer=default,1000,,0.050,23,914.300,15082.000,14723.900,15638.200
iocp,timer=default,1000,,0.050,24,912.800,15096.700,14725.400,15638.200
iocp,timer=default,1000,,0.050,25,936.000,14090.500,14702.200,15638.200
iocp,timer=default,1000,,0.050,26,935.100,14662.000,14703.100,15638.200
iocp,timer=default,1000,,0.050,27,851.800,14232.600,14786.400,15638.200
iocp,timer=default,1000,,0.050,28,1031.300,14374.500,14606.900,15638.200
iocp,timer=default,1000,,0.050,29,1243.400,14265.000,14394.800,15638.200
iocp,timer=default,1000,,0.050,30,924.800,14889.300,14713.400,15638.200
iocp,timer=default,1000,,0.050,31,935.600,15015.500,14702.600,15638.200
iocp,timer=default,1000,,0.050,32,940.000,15456.700,14698.200,15638.200
iocp,timer=default,1000,,0.050,33,1587.300,14136.700,14050.900,15638.200
iocp,timer=default,1000,,0.050,34,1121.900,14731.800,14516.300,15638.200
iocp,timer=default,1000,,0.050,35,852.900,14633.000,14785.300,15638.200
iocp,timer=default,1000,,0.150,15,3134.300,13170.500,12537.800,15672.100
iocp,timer=default,1000,,0.150,16,2375.600,13660.000,13296.500,15672.100
iocp,timer=default,1000,,0.150,17,2784.300,13582.400,12887.800,15672.100
iocp,timer=default,1000,,0.150,18,2425.800,13120.200,13246.300,15672.100
iocp,timer=default,1000,,0.150,19,2404.600,13082.500,13267.500,15672.100
iocp,timer=default,1000,,0.150,20,2382.700,13691.200,13289.400,15672.100
iocp,timer=default,1000,,0.150,21,2391.100,13481.100,13281.000,15672.100
iocp,timer=default,1000,,0.150,22,2409.100,13144.800,13263.000,15672.100
iocp,timer=default,1000,,0.150,23,2406.500,13576.900,13265.600,15672.100
iocp,timer=default,1000,,0.150,24,2430.700,13097.700,13241.400,15672.100
iocp,timer=default,1000,,0.150,25,2394.600,13636.800,13277.500,15672.100
iocp,timer=default,1000,,0.150,26,2422.400,13583.600,13249.700,15672.100
iocp,timer=default,1000,,0.150,27,2381.200,13323.400,13290.900,15672.100
iocp,timer=default,1000,,0.150,28,2455.600,13528.000,13216.500,15672.100
iocp,timer=default,1000,,0.150,29,2871.700,12698.600,12800.400,15672.100
iocp,timer=default,1000,,0.150,30,2579.900,13034.000,13092.200,15672.100
iocp,timer=default,1000,,0.150,31,2383.800,12978.700,13288.300,15672.100
iocp,timer=default,1000,,0.150,32,2460.400,13107.800,13211.700,15672.100
iocp,timer=default,1000,,0.150,33,2395.500,13615.200,13276.600,15672.100
iocp,timer=default,1000,,0.150,34,2391.900,13676.200,13280.200,15672.100
iocp,timer=default,1000,,0.150,35,2386.500,13808.500,13285.600,15672.100
iocp,timer=default,1000,,0.250,15,4526.300,11653.800,10924.500,15450.800
iocp,timer=default,1000,,0.250,16,4481.900,11517.200,10968.900,15450.800
iocp,timer=default,1000,,0.250,17,3926.500,11841.400,11524.300,15450.800
iocp,timer=default,1000,,0.250,18,3938.300,12112.500,11512.500,15450.800
iocp,timer=default,1000,,0.250,19,3939.000,11569.500,11511.800,15450.800
iocp,timer=default,1000,,0.250,20,4090.000,11438.500,11360.800,15450.800
iocp,timer=default,1000,,0.250,21,3958.400,12103.600,11492.400,15450.800
iocp,timer=default,1000,,0.250,22,4208.800,11794.000,11242.000,15450.800
iocp,timer=default,1000,,0.250,23,3880.600,12116.400,11570.200,15450.800
iocp,timer=default,1000,,0.250,24,3945.800,12108.500,11505.000,15450.800
iocp,timer=default,1000,,0.250,25,4039.200,11569.500,11411.600,15450.800
iocp,timer=default,1000,,0.250,26,3901.000,12584.200,11549.800,15450.800
iocp,timer=default,1000,,0.250,27,4318.400,10706.200,11132.400,15450.800
iocp,timer=default,1000,,0.250,28,3913.200,11526.000,11537.600,15450.800
iocp,timer=default,1000,,0.250,29,3878.800,11938.900,11572.000,15450.800
iocp,timer=default,1000,,0.250,30,3965.800,11041.800,11485.000,15450.800
iocp,timer=default,1000,,0.250,31,4171.100,12342.400,11279.700,15450.800
iocp,timer=default,1000,,0.250,32,4018.900,11477.900,11431.900,15450.800
iocp,timer=default,1000,,0.250,33,3887.500,12711.600,11563.300,15450.800
iocp,timer=default,1000,,0.250,34,4290.300,11553.500,11160.500,15450.800
iocp,timer=default,1000,,0.250,35,4157.900,11142.700,11292.900,15450.800
iocp,timer=default,1000,,0.350,15,5548.300,10221.900,10113.400,15661.700
iocp,timer=default,1000,,0.350,16,5604.600,9575.600,10057.100,15661.700
iocp,timer=default,1000,,0.350,17,6012.800,9205.400,9648.900,15661.700
iocp,timer=default,1000,,0.350,18,5641.800,9573.200,10019.900,15661.700
iocp,timer=default,1000,,0.350,19,5838.000,10062.600,9823.700,15661.700
iocp,timer=default,1000,,0.350,20,5495.300,11038.900,10166.400,15661.700
iocp,timer=default,1000,,0.350,21,5500.400,10101.900,10161.300,15661.700
iocp,timer=default,1000,,0.350,22,5578.500,10172.600,10083.200,15661.700
iocp,timer=default,1000,,0.350,23,5955.500,9253.000,9706.200,15661.700
iocp,timer=default,1000,,0.350,24,5502.000,9740.800,10159.700,15661.700
iocp,timer=default,1000,,0.350,25,5502.200,10177.000,10159.500,15661.700
iocp,timer=default,1000,,0.350,26,5775.300,10195.800,9886.400,15661.700
iocp,timer=default,1000,,0.350,27,6077.000,9517.800,9584.700,15661.700
iocp,timer=default,1000,,0.350,28,5986.900,9966.200,9674.800,15661.700
iocp,timer=default,1000,,0.350,29,5621.600,10365.500,10040.100,15661.700
iocp,timer=default,1000,,0.350,30,5588.300,10497.300,10073.400,15661.700
iocp,timer=default,1000,,0.350,31,5767.400,10072.900,9894.300,15661.700
iocp,timer=default,1000,,0.350,32,5990.400,9409.200,9671.300,15661.700
iocp,timer=default,1000,,0.350,33,5944.200,9349.200,9717.500,15661.700
iocp,timer=default,1000,,0.350,34,5628.800,10618.100,10032.900,15661.700
iocp,timer=default,1000,,0.350,35,5654.600,10315.000,10007.100,15661.700
iocp,timer=default,1000,,0.450,15,7536.800,8445.100,7976.800,15513.600
iocp,timer=default,1000,,0.450,16,7011.800,9069.900,8501.800,15513.600
iocp,timer=default,1000,,0.450,17,7491.300,8472.400,8022.300,15513.600
iocp,timer=default,1000,,0.450,18,6999.800,8011.300,8513.800,15513.600
iocp,timer=default,1000,,0.450,19,7305.600,8666.000,8208.000,15513.600
iocp,timer=default,1000,,0.450,20,7015.800,9261.500,8497.800,15513.600
iocp,timer=default,1000,,0.450,21,7021.000,9021.000,8492.600,15513.600
iocp,timer=default,1000,,0.450,22,7324.500,8104.800,8189.100,15513.600
iocp,timer=default,1000,,0.450,23,7428.300,8609.600,8085.300,15513.600
iocp,timer=default,1000,,0.450,24,7000.300,8876.000,8513.300,15513.600
iocp,timer=default,1000,,0.450,25,7037.700,8303.100,8475.900,15513.600
iocp,timer=default,1000,,0.450,26,7003.900,8757.100,8509.700,15513.600
iocp,timer=default,1000,,0.450,27,6999.100,8073.700,8514.500,15513.600
iocp,timer=default,1000,,0.450,28,7379.200,8322.900,8134.400,15513.600
iocp,timer=default,1000,,0.450,29,7012.600,8654.400,8501.000,15513.600
iocp,timer=default,1000,,0.450,30,7414.500,7703.100,8099.100,15513.600
iocp,timer=default,1000,,0.450,31,7003.100,8239.700,8510.500,15513.600
iocp,timer=default,1000,,0.450,32,7013.600,8397.300,8500.000,15513.600
iocp,timer=default,1000,,0.450,33,7194.700,8367.400,8318.900,15513.600
iocp,timer=default,1000,,0.450,34,7018.100,8370.900,8495.500,15513.600
iocp,timer=default,1000,,0.450,35,7400.700,8583.900,8112.900,15513.600
iocp,timer=default,1000,,0.550,15,8747.700,7254.200,6927.100,15674.800
iocp,timer=default,1000,,0.550,16,8636.300,7359.400,7038.500,15674.800
iocp,timer=default,1000,,0.550,17,8639.500,7093.500,7035.300,15674.800
iocp,timer=default,1000,,0.550,18,8918.000,7070.500,6756.800,15674.800
iocp,timer=default,1000,,0.550,19,8939.100,7084.900,6735.700,15674.800
iocp,timer=default,1000,,0.550,20,8934.700,6053.600,6740.100,15674.800
iocp,timer=default,1000,,0.550,21,8862.300,7144.100,6812.500,15674.800
iocp,timer=default,1000,,0.550,22,8945.200,6207.400,6729.600,15674.800
iocp,timer=default,1000,,0.550,23,8843.800,6574.600,6831.000,15674.800
iocp,timer=default,1000,,0.550,24,8670.000,7350.900,7004.800,15674.800
iocp,timer=default,1000,,0.550,25,8638.700,6673.700,7036.100,15674.800
iocp,timer=default,1000,,0.550,26,8668.500,7369.300,7006.300,15674.800
iocp,timer=default,1000,,0.550,27,8649.000,6861.500,7025.800,15674.800
iocp,timer=default,1000,,0.550,28,8888.400,7084.500,6786.400,15674.800
iocp,timer=default,1000,,0.550,29,9086.100,6475.300,6588.700,15674.800
iocp,timer=default,1000,,0.550,30,8637.900,6497.500,7036.900,15674.800
iocp,timer=default,1000,,0.550,31,8638.700,6701.900,7036.100,15674.800
iocp,timer=default,1000,,0.550,32,8634.000,6908.300,7040.800,15674.800
iocp,timer=default,1000,,0.550,33,8658.500,7079.300,7016.300,15674.800
iocp,timer=default,1000,,0.550,34,8819.100,7114.200,6855.700,15674.800
iocp,timer=default,1000,,0.550,35,8909.800,6089.200,6765.000,15674.800
iocp,timer=default,1000,,0.650,15,10616.700,5004.400,5293.900,15910.600
iocp,timer=default,1000,,0.650,16,10378.800,5098.200,5531.800,15910.600
iocp,timer=default,1000,,0.650,17,10394.000,5651.300,5516.600,15910.600
iocp,timer=default,1000,,0.650,18,10852.200,5051.500,5058.400,15910.600
iocp,timer=default,1000,,0.650,19,10937.400,4602.800,4973.200,15910.600
iocp,timer=default,1000,,0.650,20,10446.400,5695.600,5464.200,15910.600
iocp,timer=default,1000,,0.650,21,10395.700,4548.500,5514.900,15910.600
iocp,timer=default,1000,,0.650,22,10906.800,5167.900,5003.800,15910.600
iocp,timer=default,1000,,0.650,23,10386.100,4819.700,5524.500,15910.600
iocp,timer=default,1000,,0.650,24,10394.400,5071.200,5516.200,15910.600
iocp,timer=default,1000,,0.650,25,10486.000,6087.100,5424.600,15910.600
iocp,timer=default,1000,,0.650,26,10850.600,4087.400,5060.000,15910.600
iocp,timer=default,1000,,0.650,27,10371.600,6124.700,5539.000,15910.600
iocp,timer=default,1000,,0.650,28,10376.200,5104.000,5534.400,15910.600
iocp,timer=default,1000,,0.650,29,10571.300,5095.300,5339.300,15910.600
iocp,timer=default,1000,,0.650,30,10565.100,4749.200,5345.500,15910.600
iocp,timer=default,1000,,0.650,31,10822.400,5011.200,5088.200,15910.600
iocp,timer=default,1000,,0.650,32,10859.400,4580.100,5051.200,15910.600
iocp,timer=default,1000,,0.650,33,10457.700,5085.500,5452.900,15910.600
iocp,timer=default,1000,,0.650,34,10586.900,5163.500,5323.700,15910.600
iocp,timer=default,1000,,0.650,35,10815.500,4326.800,5095.100,15910.600
iocp,timer=default,1000,,0.750,15,12791.700,3069.600,2973.400,15765.100
iocp,timer=default,1000,,0.750,16,11860.700,4631.600,3904.400,15765.100
iocp,timer=default,1000,,0.750,17,11854.200,4106.400,3910.900,15765.100
iocp,timer=default,1000,,0.750,18,11870.600,4092.000,3894.500,15765.100
iocp,timer=default,1000,,0.750,19,11852.600,3399.200,3912.500,15765.100
iocp,timer=default,1000,,0.750,20,11927.800,4215.800,3837.300,15765.100
iocp,timer=default,1000,,0.750,21,12347.700,3047.800,3417.400,15765.100
iocp,timer=default,1000,,0.750,22,12322.900,3723.600,3442.200,15765.100
iocp,timer=default,1000,,0.750,23,12287.500,3072.500,3477.600,15765.100
iocp,timer=default,1000,,0.750,24,11944.200,3082.200,3820.900,15765.100
iocp,timer=default,1000,,0.750,25,11856.100,3711.800,3909.000,15765.100
iocp,timer=default,1000,,0.750,26,11962.000,3823.000,3803.100,15765.100
iocp,timer=default,1000,,0.750,27,12304.500,3595.300,3460.600,15765.100
iocp,timer=default,1000,,0.750,28,12337.000,3012.000,3428.100,15765.100
iocp,timer=default,1000,,0.750,29,12907.300,3688.800,2857.800,15765.100
iocp,timer=default,1000,,0.750,30,11959.300,3145.900,3805.800,15765.100
iocp,timer=default,1000,,0.750,31,12158.700,3305.100,3606.400,15765.100
iocp,timer=default,1000,,0.750,32,12372.400,3489.500,3392.700,15765.100
iocp,timer=default,1000,,0.750,33,11863.500,3832.200,3901.600,15765.100
iocp,timer=default,1000,,0.750,34,12252.500,2996.600,3512.600,15765.100
iocp,timer=default,1000,,0.750,35,12050.900,3221.200,3714.200,15765.100
iocp,timer=default,1000,,0.850,15,14212.400,1055.100,1441.000,15653.400
iocp,timer=default,1000,,0.850,16,13636.700,2260.000,2016.700,15653.400
iocp,timer=default,1000,,0.850,17,13351.600,2066.600,2301.800,15653.400
iocp,timer=default,1000,,0.850,18,13785.700,2078.700,1867.700,15653.400
iocp,timer=default,1000,,0.850,19,13603.300,1941.700,2050.100,15653.400
iocp,timer=default,1000,,0.850,20,13335.000,2084.900,2318.400,15653.400
iocp,timer=default,1000,,0.850,21,14008.500,1150.400,1644.900,15653.400
iocp,timer=default,1000,,0.850,22,13336.700,2191.100,2316.700,15653.400
iocp,timer=default,1000,,0.850,23,14219.800,1583.200,1433.600,15653.400
iocp,timer=default,1000,,0.850,24,13859.200,2470.800,1794.200,15653.400
iocp,timer=default,1000,,0.850,25,13410.100,2082.400,2243.300,15653.400
iocp,timer=default,1000,,0.850,26,13369.600,2069.600,2283.800,15653.400
iocp,timer=default,1000,,0.850,27,13625.800,1561.300,2027.600,15653.400
iocp,timer=default,1000,,0.850,28,13333.400,2085.900,2320.000,15653.400
iocp,timer=default,1000,,0.850,29,13854.200,1781.800,1799.200,15653.400
iocp,timer=default,1000,,0.850,30,13770.100,2055.200,1883.300,15653.400
iocp,timer=default,1000,,0.850,31,13716.200,2177.400,1937.200,15653.400
iocp,timer=default,1000,,0.850,32,13349.300,2116.200,2304.100,15653.400
iocp,timer=default,1000,,0.850,33,13332.500,2052.700,2320.900,15653.400
iocp,timer=default,1000,,0.850,34,13511.900,1800.800,2141.500,15653.400
iocp,timer=default,1000,,0.850,35,13343.200,2067.900,2310.200,15653.400
iocp,timer=default,1000,,0.950,15,15815.500,15467.400,3.900,15819.400
iocp,timer=default,1000,,0.950,16,15574.100,16440.400,245.300,15819.400
iocp,timer=default,1000,,0.950,17,15470.900,15818.200,348.500,15819.400
iocp,timer=default,1000,,0.950,18,15536.900,15553.300,282.500,15819.400
iocp,timer=default,1000,,0.950,19,15553.300,15953.300,266.100,15819.400
iocp,timer=default,1000,,0.950,20,15556.900,15057.900,262.500,15819.400
iocp,timer=default,1000,,0.950,21,15059.000,1044.600,760.400,15819.400
iocp,timer=default,1000,,0.950,22,15637.900,15545.700,181.500,15819.400
iocp,timer=default,1000,,0.950,23,15219.100,14953.200,600.300,15819.400
iocp,timer=default,1000,,0.950,24,15223.600,15969.600,595.800,15819.400
iocp,timer=default,1000,,0.950,25,15440.800,15273.300,378.600,15819.400
iocp,timer=default,1000,,0.950,26,15661.900,15390.200,157.500,15819.400
iocp,timer=default,1000,,0.950,27,15614.500,15044.600,204.900,15819.400
iocp,timer=default,1000,,0.950,28,15759.200,15261.900,60.200,15819.400
iocp,timer=default,1000,,0.950,29,15779.200,15409.500,40.200,15819.400
iocp,timer=default,1000,,0.950,30,15061.200,1063.000,758.200,15819.400
iocp,timer=default,1000,,0.950,31,15707.600,15319.200,111.800,15819.400
iocp,timer=default,1000,,0.950,32,15665.300,16389.200,154.100,15819.400
iocp,timer=default,1000,,0.950,33,16139.200,15576.100,15499.600,15819.400
iocp,timer=default,1000,,0.950,34,15843.300,15232.700,15795.500,15819.400
iocp,timer=default,1000,,0.950,35,15236.000,15710.800,583.400,15819.400
iocp,timer=default,1000,,1.050,15,16950.600,14367.500,14407.200,15678.900
iocp,timer=default,1000,,1.050,16,17384.900,14544.700,13972.900,15678.900
iocp,timer=default,1000,,1.050,17,16515.200,14735.700,14842.600,15678.900
iocp,timer=default,1000,,1.050,18,16909.900,13782.500,14447.900,15678.900
iocp,timer=default,1000,,1.050,19,16858.000,15442.200,14499.800,15678.900
iocp,timer=default,1000,,1.050,20,16709.000,14008.900,14648.800,15678.900
iocp,timer=default,1000,,1.050,21,16974.600,14573.500,14383.200,15678.900
iocp,timer=default,1000,,1.050,22,16575.800,15052.000,14782.000,15678.900
iocp,timer=default,1000,,1.050,23,16884.500,14373.500,14473.300,15678.900
iocp,timer=default,1000,,1.050,24,16567.800,14039.600,14790.000,15678.900
iocp,timer=default,1000,,1.050,25,16587.900,14451.500,14769.900,15678.900
iocp,timer=default,1000,,1.050,26,16548.400,15669.500,14809.400,15678.900
iocp,timer=default,1000,,1.050,27,16909.300,15876.300,14448.500,15678.900
iocp,timer=default,1000,,1.050,28,16722.100,14160.900,14635.700,15678.900
iocp,timer=default,1000,,1.050,29,16933.400,14629.600,14424.400,15678.900
iocp,timer=default,1000,,1.050,30,16892.400,15268.900,14465.400,15678.900
iocp,timer=default,1000,,1.050,31,16768.000,15187.100,14589.800,15678.900
iocp,timer=default,1000,,1.050,32,16633.200,14929.800,14724.600,15678.900
iocp,timer=default,1000,,1.050,33,16927.800,14649.100,14430.000,15678.900
iocp,timer=default,1000,,1.050,34,16598.400,13756.700,14759.400,15678.900
iocp,timer=default,1000,,1.050,35,16980.500,13944.400,14377.300,15678.900
iocp,timer=default,1000,,1.150,15,18314.200,12770.100,12733.200,15523.700
iocp,timer=default,1000,,1.150,16,18311.800,12837.100,12735.600,15523.700
iocp,timer=default,1000,,1.150,17,17902.100,14080.500,13145.300,15523.700
iocp,timer=default,1000,,1.150,18,18472.800,13055.800,12574.600,15523.700
iocp,timer=default,1000,,1.150,19,18347.400,12428.100,12700.000,15523.700
iocp,timer=default,1000,,1.150,20,17888.000,14574.200,13159.400,15523.700
iocp,timer=default,1000,,1.150,21,17994.200,13122.200,13053.200,15523.700
iocp,timer=default,1000,,1.150,22,18310.100,13089.700,12737.300,15523.700
iocp,timer=default,1000,,1.150,23,17963.600,13079.400,13083.800,15523.700
iocp,timer=default,1000,,1.150,24,17881.400,14166.500,13166.000,15523.700
iocp,timer=default,1000,,1.150,25,17965.800,13117.200,13081.600,15523.700
iocp,timer=default,1000,,1.150,26,18097.000,13100.500,12950.400,15523.700
iocp,timer=default,1000,,1.150,27,18345.100,14181.800,12702.300,15523.700
iocp,timer=default,1000,,1.150,28,17887.600,13179.200,13159.800,15523.700
iocp,timer=default,1000,,1.150,29,17897.800,13624.800,13149.600,15523.700
iocp,timer=default,1000,,1.150,30,17938.300,13134.900,13109.100,15523.700
iocp,timer=default,1000,,1.150,31,17894.200,13451.300,13153.200,15523.700
iocp,timer=default,1000,,1.150,32,17889.200,14199.800,13158.200,15523.700
iocp,timer=default,1000,,1.150,33,18157.000,13294.800,12890.400,15523.700
iocp,timer=default,1000,,1.150,34,18012.800,14234.000,13034.600,15523.700
iocp,timer=default,1000,,1.150,35,18299.500,13569.700,12747.900,15523.700
iocp,timer=default,1000,,1.250,15,19994.100,10767.500,11088.700,15541.400
iocp,timer=default,1000,,1.250,16,19536.300,13041.700,11546.500,15541.400
iocp,timer=default,1000,,1.250,17,19609.500,11505.900,11473.300,15541.400
iocp,timer=default,1000,,1.250,18,19918.200,10650.300,11164.600,15541.400
iocp,timer=default,1000,,1.250,19,19870.200,12174.700,11212.600,15541.400
iocp,timer=default,1000,,1.250,20,19853.700,12112.100,11229.100,15541.400
iocp,timer=default,1000,,1.250,21,19781.900,10993.600,11300.900,15541.400
iocp,timer=default,1000,,1.250,22,19464.400,12121.800,11618.400,15541.400
iocp,timer=default,1000,,1.250,23,19761.200,12026.300,11321.600,15541.400
iocp,timer=default,1000,,1.250,24,19472.700,11536.600,11610.100,15541.400
iocp,timer=default,1000,,1.250,25,19813.700,11110.500,11269.100,15541.400
iocp,timer=default,1000,,1.250,26,20305.000,10408.300,10777.800,15541.400
iocp,timer=default,1000,,1.250,27,19861.100,11095.300,11221.700,15541.400
iocp,timer=default,1000,,1.250,28,19459.800,12118.700,11623.000,15541.400
iocp,timer=default,1000,,1.250,29,19929.100,11595.600,11153.700,15541.400
iocp,timer=default,1000,,1.250,30,19468.100,11684.500,11614.700,15541.400
iocp,timer=default,1000,,1.250,31,19557.400,12331.400,11525.400,15541.400
iocp,timer=default,1000,,1.250,32,19836.500,12089.900,11246.300,15541.400
iocp,timer=default,1000,,1.250,33,19626.400,11460.800,11456.400,15541.400
iocp,timer=default,1000,,1.250,34,19481.300,11583.900,11601.500,15541.400
iocp,timer=default,1000,,1.250,35,19451.400,11658.500,11631.400,15541.400
iocp,timer=default,1000,,1.350,15,21591.900,10043.600,10303.900,15947.900
iocp,timer=default,1000,,1.350,16,21558.900,9119.900,10336.900,15947.900
iocp,timer=default,1000,,1.350,17,21547.000,10701.400,10348.800,15947.900
iocp,timer=default,1000,,1.350,18,21562.400,10189.000,10333.400,15947.900
iocp,timer=default,1000,,1.350,19,21861.700,10019.700,10034.100,15947.900
iocp,timer=default,1000,,1.350,20,21975.600,10142.800,9920.200,15947.900
iocp,timer=default,1000,,1.350,21,21562.800,9664.000,10333.000,15947.900
iocp,timer=default,1000,,1.350,22,21664.300,10599.800,10231.500,15947.900
iocp,timer=default,1000,,1.350,23,21920.700,9071.800,9975.100,15947.900
iocp,timer=default,1000,,1.350,24,21562.800,9651.700,10333.000,15947.900
iocp,timer=default,1000,,1.350,25,21739.500,9587.100,10156.300,15947.900
iocp,timer=default,1000,,1.350,26,21559.300,10234.600,10336.500,15947.900
iocp,timer=default,1000,,1.350,27,22008.300,9451.200,9887.500,15947.900
iocp,timer=default,1000,,1.350,28,21991.700,9624.600,9904.100,15947.900
iocp,timer=default,1000,,1.350,29,21740.800,8682.300,10155.000,15947.900
iocp,timer=default,1000,,1.350,30,21759.600,10611.300,10136.200,15947.900
iocp,timer=default,1000,,1.350,31,21948.800,9118.000,9947.000,15947.900
iocp,timer=default,1000,,1.350,32,21963.400,10112.000,9932.400,15947.900
iocp,timer=default,1000,,1.350,33,22228.700,9506.200,9667.100,15947.900
iocp,timer=default,1000,,1.350,34,21890.500,9881.600,10005.300,15947.900
iocp,timer=default,1000,,1.350,35,21895.400,9579.800,10000.400,15947.900
iocp,timer=default,1000,,1.450,15,24024.200,6606.000,7482.400,15753.300
iocp,timer=default,1000,,1.450,16,23006.900,8695.300,8499.700,15753.300
iocp,timer=default,1000,,1.450,17,23954.600,7844.500,7552.000,15753.300
iocp,timer=default,1000,,1.450,18,23153.200,8027.000,8353.400,15753.300
iocp,timer=default,1000,,1.450,19,22870.700,8697.000,8635.900,15753.300
iocp,timer=default,1000,,1.450,20,22876.500,8593.000,8630.100,15753.300
iocp,timer=default,1000,,1.450,21,23323.200,8122.900,8183.400,15753.300
iocp,timer=default,1000,,1.450,22,22873.800,7850.700,8632.800,15753.300
iocp,timer=default,1000,,1.450,23,23324.700,7575.900,8181.900,15753.300
iocp,timer=default,1000,,1.450,24,22995.600,8565.600,8511.000,15753.300
iocp,timer=default,1000,,1.450,25,22879.300,8655.600,8627.300,15753.300
iocp,timer=default,1000,,1.450,26,23353.400,7680.700,8153.200,15753.300
iocp,timer=default,1000,,1.450,27,23301.300,7473.200,8205.300,15753.300
iocp,timer=default,1000,,1.450,28,23105.700,7856.100,8400.900,15753.300
iocp,timer=default,1000,,1.450,29,23148.900,7659.100,8357.700,15753.300
iocp,timer=default,1000,,1.450,30,22866.400,8693.300,8640.200,15753.300
iocp,timer=default,1000,,1.450,31,22948.600,9082.200,8558.000,15753.300
iocp,timer=default,1000,,1.450,32,22920.100,8608.200,8586.500,15753.300
iocp,timer=default,1000,,1.450,33,23108.500,8070.700,8398.100,15753.300
iocp,timer=default,1000,,1.450,34,22889.700,9170.200,8616.900,15753.300
iocp,timer=default,1000,,1.450,35,22875.400,7914.300,8631.200,15753.300
iocp,timer=default,1000,,1.550,15,24942.000,6297.700,6392.200,15667.100
iocp,timer=default,1000,,1.550,16,24812.200,6743.000,6522.000,15667.100
iocp,timer=default,1000,,1.550,17,24301.200,7685.100,7033.000,15667.100
iocp,timer=default,1000,,1.550,18,24768.300,5720.400,6565.900,15667.100
iocp,timer=default,1000,,1.550,19,24424.800,7162.500,6909.400,15667.100
iocp,timer=default,1000,,1.550,20,24547.100,6567.700,6787.100,15667.100
iocp,timer=default,1000,,1.550,21,24315.300,6430.700,7018.900,15667.100
iocp,timer=default,1000,,1.550,22,24313.100,6705.400,7021.100,15667.100
iocp,timer=default,1000,,1.550,23,24500.500,7237.700,6833.700,15667.100
iocp,timer=default,1000,,1.550,24,25282.600,6714.300,6051.600,15667.100
iocp,timer=default,1000,,1.550,25,24750.700,6025.000,6583.500,15667.100
iocp,timer=default,1000,,1.550,26,24778.300,6064.300,6555.900,15667.100
iocp,timer=default,1000,,1.550,27,24791.700,7102.200,6542.500,15667.100
iocp,timer=default,1000,,1.550,28,24391.900,7136.100,6942.300,15667.100
iocp,timer=default,1000,,1.550,29,24321.300,7180.800,7012.900,15667.100
iocp,timer=default,1000,,1.550,30,24579.400,6518.900,6754.800,15667.100
iocp,timer=default,1000,,1.550,31,24684.900,6106.400,6649.300,15667.100
iocp,timer=default,1000,,1.550,32,24430.400,7076.000,6903.800,15667.100
iocp,timer=default,1000,,1.550,33,24595.300,6582.400,6738.900,15667.100
iocp,timer=default,1000,,1.550,34,24325.600,7155.500,7008.600,15667.100
iocp,timer=default,1000,,1.550,35,24326.600,7701.200,7007.600,15667.100
iocp,timer=default,1000,,1.650,15,26225.200,4675.300,4696.800,15461.000
iocp,timer=default,1000,,1.650,16,25602.200,5647.600,5319.800,15461.000
iocp,timer=default,1000,,1.650,17,25958.500,6142.600,4963.500,15461.000
iocp,timer=default,1000,,1.650,18,25526.400,5078.500,5395.600,15461.000
iocp,timer=default,1000,,1.650,19,25543.800,6077.000,5378.200,15461.000
iocp,timer=default,1000,,1.650,20,25609.700,5110.900,5312.300,15461.000
iocp,timer=default,1000,,1.650,21,25530.000,5220.500,5392.000,15461.000
iocp,timer=default,1000,,1.650,22,26018.400,5462.500,4903.600,15461.000
iocp,timer=default,1000,,1.650,23,26029.200,5062.600,4892.800,15461.000
iocp,timer=default,1000,,1.650,24,25957.700,5109.700,4964.300,15461.000
iocp,timer=default,1000,,1.650,25,25529.000,6244.000,5393.000,15461.000
iocp,timer=default,1000,,1.650,26,25667.200,5794.500,5254.800,15461.000
iocp,timer=default,1000,,1.650,27,25979.000,5570.500,4943.000,15461.000
iocp,timer=default,1000,,1.650,28,25544.100,6177.500,5377.900,15461.000
iocp,timer=default,1000,,1.650,29,25542.600,6166.100,5379.400,15461.000
iocp,timer=default,1000,,1.650,30,25989.400,5416.400,4932.600,15461.000
iocp,timer=default,1000,,1.650,31,25551.700,6249.500,5370.300,15461.000
iocp,timer=default,1000,,1.650,32,26063.300,5451.700,4858.700,15461.000
iocp,timer=default,1000,,1.650,33,25544.600,6109.100,5377.400,15461.000
iocp,timer=default,1000,,1.650,34,25800.600,5096.000,5121.400,15461.000
iocp,timer=default,1000,,1.650,35,25709.800,5021.000,5212.200,15461.000
iocp,timer=default,1000,,1.750,15,28601.800,2077.700,3222.600,15912.200
iocp,timer=default,1000,,1.750,16,27867.700,4086.300,3956.700,15912.200
iocp,timer=default,1000,,1.750,17,28055.400,2473.900,3769.000,15912.200
iocp,timer=default,1000,,1.750,18,28328.600,3099.600,3495.800,15912.200
iocp,timer=default,1000,,1.750,19,27879.500,4216.300,3944.900,15912.200
iocp,timer=default,1000,,1.750,20,28361.600,3066.700,3462.800,15912.200
iocp,timer=default,1000,,1.750,21,27884.500,3152.200,3939.900,15912.200
iocp,timer=default,1000,,1.750,22,28322.000,3125.000,3502.400,15912.200
iocp,timer=default,1000,,1.750,23,28346.300,3158.200,3478.100,15912.200
iocp,timer=default,1000,,1.750,24,27984.500,3083.500,3839.900,15912.200
iocp,timer=default,1000,,1.750,25,28352.100,3608.100,3472.300,15912.200
iocp,timer=default,1000,,1.750,26,27883.000,4066.500,3941.400,15912.200
iocp,timer=default,1000,,1.750,27,28115.200,3103.100,3709.200,15912.200
iocp,timer=default,1000,,1.750,28,28228.900,3697.500,3595.500,15912.200
iocp,timer=default,1000,,1.750,29,28220.400,2206.900,3604.000,15912.200
iocp,timer=default,1000,,1.750,30,28358.500,2624.000,3465.900,15912.200
iocp,timer=default,1000,,1.750,31,27901.600,3321.000,3922.800,15912.200
iocp,timer=default,1000,,1.750,32,27994.600,3078.700,3829.800,15912.200
iocp,timer=default,1000,,1.750,33,28197.200,3092.200,3627.200,15912.200
iocp,timer=default,1000,,1.750,34,28920.700,2127.300,2903.700,15912.200
iocp,timer=default,1000,,1.750,35,28704.700,2166.300,3119.700,15912.200
iocp,timer=default,1000,,1.850,15,29570.500,1708.800,1766.500,15668.500
iocp,timer=default,1000,,1.850,16,29022.200,2095.300,2314.800,15668.500
iocp,timer=default,1000,,1.850,17,29221.000,2050.100,2116.000,15668.500
iocp,timer=default,1000,,1.850,18,29142.500,2075.500,2194.500,15668.500
iocp,timer=default,1000,,1.850,19,29485.000,2072.900,1852.000,15668.500
iocp,timer=default,1000,,1.850,20,29018.600,3079.900,2318.400,15668.500
iocp,timer=default,1000,,1.850,21,29078.100,1590.700,2258.900,15668.500
iocp,timer=default,1000,,1.850,22,29481.000,2224.500,1856.000,15668.500
iocp,timer=default,1000,,1.850,23,29025.600,2113.900,2311.400,15668.500
iocp,timer=default,1000,,1.850,24,29069.300,2110.900,2267.700,15668.500
iocp,timer=default,1000,,1.850,25,29020.000,1586.300,2317.000,15668.500
iocp,timer=default,1000,,1.850,26,29447.300,2029.000,1889.700,15668.500
iocp,timer=default,1000,,1.850,27,29292.700,2132.200,2044.300,15668.500
iocp,timer=default,1000,,1.850,28,29106.600,1940.400,2230.400,15668.500
iocp,timer=default,1000,,1.850,29,29178.300,2653.600,2158.700,15668.500
iocp,timer=default,1000,,1.850,30,29360.400,2061.500,1976.600,15668.500
iocp,timer=default,1000,,1.850,31,29027.500,2086.700,2309.500,15668.500
iocp,timer=default,1000,,1.850,32,29449.300,2079.800,1887.700,15668.500
iocp,timer=default,1000,,1.850,33,29326.200,2090.600,2010.800,15668.500
iocp,timer=default,1000,,1.850,34,29184.300,1496.300,2152.700,15668.500
iocp,timer=default,1000,,1.850,35,29015.200,3086.300,2321.800,15668.500
iocp,timer=default,1000,,1.950,15,30660.300,15400.400,327.100,15493.700
iocp,timer=default,1000,,1.950,16,31019.400,15012.300,15461.700,15493.700
iocp,timer=default,1000,,1.950,17,30762.200,1665.300,225.200,15493.700
iocp,timer=default,1000,,1.950,18,30352.700,1186.800,634.700,15493.700
iocp,timer=default,1000,,1.950,19,30930.400,1551.600,57.000,15493.700
iocp,timer=default,1000,,1.950,20,31291.800,15419.200,15189.300,15493.700
iocp,timer=default,1000,,1.950,21,30565.200,1419.900,422.200,15493.700
iocp,timer=default,1000,,1.950,22,30312.300,1063.700,675.100,15493.700
iocp,timer=default,1000,,1.950,23,30688.600,1584.300,298.800,15493.700
iocp,timer=default,1000,,1.950,24,30231.400,1057.600,756.000,15493.700
iocp,timer=default,1000,,1.950,25,30584.000,571.500,403.400,15493.700
iocp,timer=default,1000,,1.950,26,30858.500,1041.800,128.900,15493.700
iocp,timer=default,1000,,1.950,27,30873.100,16084.300,114.300,15493.700
iocp,timer=default,1000,,1.950,28,30458.000,1095.000,529.400,15493.700
iocp,timer=default,1000,,1.950,29,30277.500,1084.100,709.900,15493.700
iocp,timer=default,1000,,1.950,30,30565.100,1173.900,422.300,15493.700
iocp,timer=default,1000,,1.950,31,31057.500,15185.800,15423.600,15493.700
iocp,timer=default,1000,,1.950,32,30582.800,1181.700,404.600,15493.700
iocp,timer=default,1000,,1.950,33,31414.100,14991.100,15067.000,15493.700
iocp,timer=default,1000,,1.950,34,30377.000,1057.700,610.400,15493.700
iocp,timer=default,1000,,1.950,35,30250.100,1026.500,737.300,15493.700
iocp,timer=default,1000,,2.050,15,32537.600,14247.000,14399.800,15645.800
iocp,timer=default,1000,,2.050,16,32131.100,13559.300,14806.300,15645.800
iocp,timer=default,1000,,2.050,17,32393.900,14779.100,14543.500,15645.800
iocp,timer=default,1000,,2.050,18,32283.400,14250.600,14654.000,15645.800
iocp,timer=default,1000,,2.050,19,32680.300,14080.000,14257.100,15645.800
iocp,timer=default,1000,,2.050,20,32489.200,15701.000,14448.200,15645.800
iocp,timer=default,1000,,2.050,21,32291.700,14377.300,14645.700,15645.800
iocp,timer=default,1000,,2.050,22,32681.000,15119.300,14256.400,15645.800
iocp,timer=default,1000,,2.050,23,32850.600,13807.100,14086.800,15645.800
iocp,timer=default,1000,,2.050,24,32541.800,14532.400,14395.600,15645.800
iocp,timer=default,1000,,2.050,25,32326.000,15515.000,14611.400,15645.800
iocp,timer=default,1000,,2.050,26,32354.300,14203.300,14583.100,15645.800
iocp,timer=default,1000,,2.050,27,32447.200,13387.400,14490.200,15645.800
iocp,timer=default,1000,,2.050,28,32433.600,16003.300,14503.800,15645.800
iocp,timer=default,1000,,2.050,29,32260.300,15131.500,14677.100,15645.800
iocp,timer=default,1000,,2.050,30,32361.900,14877.000,14575.500,15645.800
iocp,timer=default,1000,,2.050,31,32312.700,15592.000,14624.700,15645.800
iocp,timer=default,1000,,2.050,32,32922.900,14106.500,14014.500,15645.800
iocp,timer=default,1000,,2.050,33,32226.700,15014.000,14710.700,15645.800
iocp,timer=default,1000,,2.050,34,32397.600,14199.100,14539.800,15645.800
iocp,timer=default,1000,,2.050,35,32870.600,15559.900,14066.800,15645.800
iocp,timer=default,1000,,2.150,15,33719.900,13164.600,13207.300,15642.400
iocp,timer=default,1000,,2.150,16,34025.700,13625.600,12901.500,15642.400
iocp,timer=default,1000,,2.150,17,33981.300,13072.900,12945.900,15642.400
iocp,timer=default,1000,,2.150,18,33686.200,13996.100,13241.000,15642.400
iocp,timer=default,1000,,2.150,19,33895.000,13093.400,13032.200,15642.400
iocp,timer=default,1000,,2.150,20,33690.000,13022.000,13237.200,15642.400
iocp,timer=default,1000,,2.150,21,34059.600,12106.800,12867.600,15642.400
iocp,timer=default,1000,,2.150,22,33653.100,13845.000,13274.100,15642.400
iocp,timer=default,1000,,2.150,23,34080.500,12226.300,12846.700,15642.400
iocp,timer=default,1000,,2.150,24,33666.300,13394.700,13260.900,15642.400
iocp,timer=default,1000,,2.150,25,34002.400,12112.900,12924.800,15642.400
iocp,timer=default,1000,,2.150,26,33899.400,14110.700,13027.800,15642.400
iocp,timer=default,1000,,2.150,27,34085.700,13902.800,12841.500,15642.400
iocp,timer=default,1000,,2.150,28,33965.800,14103.600,12961.400,15642.400
iocp,timer=default,1000,,2.150,29,34412.000,13307.000,12515.200,15642.400
iocp,timer=default,1000,,2.150,30,33658.200,13097.600,13269.000,15642.400
iocp,timer=default,1000,,2.150,31,33842.800,14563.200,13084.400,15642.400
iocp,timer=default,1000,,2.150,32,33671.600,12332.800,13255.600,15642.400
iocp,timer=default,1000,,2.150,33,33821.500,14067.500,13105.700,15642.400
iocp,timer=default,1000,,2.150,34,33677.700,13226.900,13249.500,15642.400
iocp,timer=default,1000,,2.150,35,34109.900,13478.500,12817.300,15642.400
iocp,timer=default,1000,,2.250,15,35511.500,12625.100,11284.900,15598.800
iocp,timer=default,1000,,2.250,16,35136.600,12524.400,11659.800,15598.800
iocp,timer=default,1000,,2.250,17,35428.000,11656.100,11368.400,15598.800
iocp,timer=default,1000,,2.250,18,35132.300,11732.400,11664.100,15598.800
iocp,timer=default,1000,,2.250,19,35133.900,11972.600,11662.500,15598.800
iocp,timer=default,1000,,2.250,20,35553.700,12092.000,11242.700,15598.800
iocp,timer=default,1000,,2.250,21,35615.000,10881.800,11181.400,15598.800
iocp,timer=default,1000,,2.250,22,35413.200,11592.100,11383.200,15598.800
iocp,timer=default,1000,,2.250,23,35488.900,12056.200,11307.500,15598.800
iocp,timer=default,1000,,2.250,24,35121.800,11088.500,11674.600,15598.800
iocp,timer=default,1000,,2.250,25,35318.800,11606.800,11477.600,15598.800
iocp,timer=default,1000,,2.250,26,35359.300,11550.500,11437.100,15598.800
iocp,timer=default,1000,,2.250,27,35645.500,11886.400,11150.900,15598.800
iocp,timer=default,1000,,2.250,28,35239.100,11880.200,11557.300,15598.800
iocp,timer=default,1000,,2.250,29,35132.600,11222.900,11663.800,15598.800
iocp,timer=default,1000,,2.250,30,35595.400,11633.700,11201.000,15598.800
iocp,timer=default,1000,,2.250,31,35408.600,12337.700,11387.800,15598.800
iocp,timer=default,1000,,2.250,32,35132.900,12581.900,11663.500,15598.800
iocp,timer=default,1000,,2.250,33,35122.600,12803.500,11673.800,15598.800
iocp,timer=default,1000,,2.250,34,35602.500,10677.400,11193.900,15598.800
iocp,timer=default,1000,,2.250,35,35409.600,12584.300,11386.800,15598.800
iocp,timer=default,1000,,2.350,15,37332.200,10408.400,9843.100,15725.100
iocp,timer=default,1000,,2.350,16,36975.400,8962.200,10199.900,15725.100
iocp,timer=default,1000,,2.350,17,37205.700,9274.600,9969.600,15725.100
iocp,timer=default,1000,,2.350,18,37103.400,9140.200,10071.900,15725.100
iocp,timer=default,1000,,2.350,19,37114.800,11103.800,10060.500,15725.100
iocp,timer=default,1000,,2.350,20,37573.000,10637.800,9602.300,15725.100
iocp,timer=default,1000,,2.350,21,37424.300,9527.400,9751.000,15725.100
iocp,timer=default,1000,,2.350,22,37092.900,9744.700,10082.400,15725.100
iocp,timer=default,1000,,2.350,23,36980.400,9803.200,10194.900,15725.100
iocp,timer=default,1000,,2.350,24,37462.400,10119.100,9712.900,15725.100
iocp,timer=default,1000,,2.350,25,36983.100,9440.400,10192.200,15725.100
iocp,timer=default,1000,,2.350,26,37463.800,10061.600,9711.500,15725.100
iocp,timer=default,1000,,2.350,27,37393.900,10622.500,9781.400,15725.100
iocp,timer=default,1000,,2.350,28,37395.000,10099.200,9780.300,15725.100
iocp,timer=default,1000,,2.350,29,37483.100,9143.900,9692.200,15725.100
iocp,timer=default,1000,,2.350,30,37190.900,9129.400,9984.400,15725.100
iocp,timer=default,1000,,2.350,31,37464.300,9417.800,9711.000,15725.100
iocp,timer=default,1000,,2.350,32,37013.700,9184.700,10161.600,15725.100
iocp,timer=default,1000,,2.350,33,36980.300,11089.100,10195.000,15725.100
iocp,timer=default,1000,,2.350,34,37003.600,9559.000,10171.700,15725.100
iocp,timer=default,1000,,2.350,35,37312.400,10570.400,9862.900,15725.100
iocp,timer=default,1000,,2.450,15,38779.500,7660.800,7896.600,15558.700
iocp,timer=default,1000,,2.450,16,38241.100,9492.800,8435.000,15558.700
iocp,timer=default,1000,,2.450,17,38184.400,9111.500,8491.700,15558.700
iocp,timer=default,1000,,2.450,18,38444.200,8684.600,8231.900,15558.700
iocp,timer=default,1000,,2.450,19,38141.600,8258.700,8534.500,15558.700
iocp,timer=default,1000,,2.450,20,38141.700,9257.700,8534.400,15558.700
iocp,timer=default,1000,,2.450,21,38330.700,9975.600,8345.400,15558.700
iocp,timer=default,1000,,2.450,22,38157.000,8939.900,8519.100,15558.700
iocp,timer=default,1000,,2.450,23,38263.700,8498.000,8412.400,15558.700
iocp,timer=default,1000,,2.450,24,38152.000,8555.000,8524.100,15558.700
iocp,timer=default,1000,,2.450,25,38493.300,9078.700,8182.800,15558.700
iocp,timer=default,1000,,2.450,26,38157.200,9905.300,8518.900,15558.700
iocp,timer=default,1000,,2.450,27,38349.500,8781.000,8326.600,15558.700
iocp,timer=default,1000,,2.450,28,38287.400,8911.000,8388.700,15558.700
iocp,timer=default,1000,,2.450,29,38604.500,9192.500,8071.600,15558.700
iocp,timer=default,1000,,2.450,30,38207.900,8179.400,8468.200,15558.700
iocp,timer=default,1000,,2.450,31,38267.300,8983.100,8408.800,15558.700
iocp,timer=default,1000,,2.450,32,38559.300,8786.000,8116.800,15558.700
iocp,timer=default,1000,,2.450,33,38481.800,7869.500,8194.300,15558.700
iocp,timer=default,1000,,2.450,34,38167.200,9524.700,8508.900,15558.700
iocp,timer=default,1000,,2.450,35,38721.600,7590.400,7954.500,15558.700
iocp,timer=default,1000,,2.550,15,39796.700,8605.200,6937.300,15578.000
iocp,timer=default,1000,,2.550,16,40080.300,7168.100,6653.700,15578.000
iocp,timer=default,1000,,2.550,17,39759.500,7837.500,6974.500,15578.000
iocp,timer=default,1000,,2.550,18,39937.600,7094.900,6796.400,15578.000
iocp,timer=default,1000,,2.550,19,40107.800,7563.300,6626.200,15578.000
iocp,timer=default,1000,,2.550,20,40207.900,7013.500,6526.100,15578.000
iocp,timer=default,1000,,2.550,21,40219.900,6573.400,6514.100,15578.000
iocp,timer=default,1000,,2.550,22,39852.000,6059.700,6882.000,15578.000
iocp,timer=default,1000,,2.550,23,39969.200,8089.800,6764.800,15578.000
iocp,timer=default,1000,,2.550,24,39758.000,8245.800,6976.000,15578.000
iocp,timer=default,1000,,2.550,25,39818.800,6633.700,6915.200,15578.000
iocp,timer=default,1000,,2.550,26,39755.200,7884.800,6978.800,15578.000
iocp,timer=default,1000,,2.550,27,39898.700,7061.300,6835.300,15578.000
iocp,timer=default,1000,,2.550,28,39755.400,7269.600,6978.600,15578.000
iocp,timer=default,1000,,2.550,29,39752.400,7953.800,6981.600,15578.000
iocp,timer=default,1000,,2.550,30,39788.500,7583.600,6945.500,15578.000
iocp,timer=default,1000,,2.550,31,39767.200,6713.600,6966.800,15578.000
iocp,timer=default,1000,,2.550,32,39828.600,7236.800,6905.400,15578.000
iocp,timer=default,1000,,2.550,33,40702.200,8046.000,6031.800,15578.000
iocp,timer=default,1000,,2.550,34,40015.800,7936.500,6718.200,15578.000
iocp,timer=default,1000,,2.550,35,40162.300,7103.300,6571.700,15578.000
iocp,timer=default,1000,,2.650,15,42284.500,4633.800,4536.800,15607.100
iocp,timer=default,1000,,2.650,16,41712.200,5218.800,5109.100,15607.100
iocp,timer=default,1000,,2.650,17,41401.200,6305.000,5420.100,15607.100
iocp,timer=default,1000,,2.650,18,41470.200,4938.300,5351.100,15607.100
iocp,timer=default,1000,,2.650,19,41502.500,5266.300,5318.800,15607.100
iocp,timer=default,1000,,2.650,20,41818.400,4951.000,5002.900,15607.100
iocp,timer=default,1000,,2.650,21,41374.400,5117.600,5446.900,15607.100
iocp,timer=default,1000,,2.650,22,41439.000,5755.600,5382.300,15607.100
iocp,timer=default,1000,,2.650,23,41441.100,4089.800,5380.200,15607.100
iocp,timer=default,1000,,2.650,24,41397.500,5682.300,5423.800,15607.100
iocp,timer=default,1000,,2.650,25,41524.300,6273.300,5297.000,15607.100
iocp,timer=default,1000,,2.650,26,41593.700,5262.100,5227.600,15607.100
iocp,timer=default,1000,,2.650,27,41878.800,5078.400,4942.500,15607.100
iocp,timer=default,1000,,2.650,28,41386.900,4798.700,5434.400,15607.100
iocp,timer=default,1000,,2.650,29,41436.100,6094.800,5385.200,15607.100
iocp,timer=default,1000,,2.650,30,41392.200,5162.600,5429.100,15607.100
iocp,timer=default,1000,,2.650,31,41393.100,5262.300,5428.200,15607.100
iocp,timer=default,1000,,2.650,32,41534.000,6639.900,5287.300,15607.100
iocp,timer=default,1000,,2.650,33,41381.000,6277.900,5440.300,15607.100
iocp,timer=default,1000,,2.650,34,41880.600,4598.800,4940.700,15607.100
iocp,timer=default,1000,,2.650,35,41381.200,6533.200,5440.100,15607.100
iocp,timer=default,1000,,2.750,15,43581.900,3161.400,3596.400,15726.100
iocp,timer=default,1000,,2.750,16,43723.300,3484.300,3455.000,15726.100
iocp,timer=default,1000,,2.750,17,43849.000,2656.200,3329.300,15726.100
iocp,timer=default,1000,,2.750,18,43493.300,3605.100,3685.000,15726.100
iocp,timer=default,1000,,2.750,19,43283.900,4401.800,3894.400,15726.100
iocp,timer=default,1000,,2.750,20,43538.000,4081.000,3640.300,15726.100
iocp,timer=default,1000,,2.750,21,43497.600,3053.800,3680.700,15726.100
iocp,timer=default,1000,,2.750,22,43305.700,3756.300,3872.600,15726.100
iocp,timer=default,1000,,2.750,23,43281.400,4056.100,3896.900,15726.100
iocp,timer=default,1000,,2.750,24,43722.900,3239.200,3455.400,15726.100
iocp,timer=default,1000,,2.750,25,43825.600,2972.600,3352.700,15726.100
iocp,timer=default,1000,,2.750,26,43812.300,4635.200,3366.000,15726.100
iocp,timer=default,1000,,2.750,27,43268.300,4163.600,3910.000,15726.100
iocp,timer=default,1000,,2.750,28,43281.600,4662.400,3896.700,15726.100
iocp,timer=default,1000,,2.750,29,43762.400,3308.800,3415.900,15726.100
iocp,timer=default,1000,,2.750,30,43967.000,3347.200,3211.300,15726.100
iocp,timer=default,1000,,2.750,31,43281.800,4070.200,3896.500,15726.100
iocp,timer=default,1000,,2.750,32,43593.200,3154.100,3585.100,15726.100
iocp,timer=default,1000,,2.750,33,43265.100,3328.500,3913.200,15726.100
iocp,timer=default,1000,,2.750,34,43286.300,3163.400,3892.000,15726.100
iocp,timer=default,1000,,2.750,35,43299.400,3174.000,3878.900,15726.100
iocp,timer=default,1000,,2.850,15,45152.800,1602.100,1820.600,15657.800
iocp,timer=default,1000,,2.850,16,45539.900,1606.600,1433.500,15657.800
iocp,timer=default,1000,,2.850,17,44740.200,2077.000,2233.200,15657.800
iocp,timer=default,1000,,2.850,18,44667.200,3643.400,2306.200,15657.800
iocp,timer=default,1000,,2.850,19,44660.700,3131.800,2312.700,15657.800
iocp,timer=default,1000,,2.850,20,44775.700,2180.800,2197.700,15657.800
iocp,timer=default,1000,,2.850,21,45031.600,2103.300,1941.800,15657.800
iocp,timer=default,1000,,2.850,22,44753.300,1185.300,2220.100,15657.800
iocp,timer=default,1000,,2.850,23,45148.700,1958.700,1824.700,15657.800
iocp,timer=default,1000,,2.850,24,45121.600,2059.500,1851.800,15657.800
iocp,timer=default,1000,,2.850,25,44762.300,3097.700,2211.100,15657.800
iocp,timer=default,1000,,2.850,26,44658.100,2075.900,2315.300,15657.800
iocp,timer=default,1000,,2.850,27,44880.200,2077.800,2093.200,15657.800
iocp,timer=default,1000,,2.850,28,44658.200,2691.100,2315.200,15657.800
iocp,timer=default,1000,,2.850,29,45024.500,2109.500,1948.900,15657.800
iocp,timer=default,1000,,2.850,30,45210.500,2118.000,1762.900,15657.800
iocp,timer=default,1000,,2.850,31,45111.100,2084.700,1862.300,15657.800
iocp,timer=default,1000,,2.850,32,44670.800,2945.700,2302.600,15657.800
iocp,timer=default,1000,,2.850,33,44944.300,1570.100,2029.100,15657.800
iocp,timer=default,1000,,2.850,34,45031.900,2543.300,1941.500,15657.800
iocp,timer=default,1000,,2.850,35,44796.600,2057.400,2176.800,15657.800
iocp,timer=default,1000,,2.950,15,47252.300,15931.000,15304.500,15639.200
iocp,timer=default,1000,,2.950,16,46210.600,1146.600,707.000,15639.200
iocp,timer=default,1000,,2.950,17,46483.200,1041.200,434.400,15639.200
iocp,timer=default,1000,,2.950,18,46650.600,1462.600,267.000,15639.200
iocp,timer=default,1000,,2.950,19,46367.400,553.100,550.200,15639.200
iocp,timer=default,1000,,2.950,20,46364.100,1081.400,553.500,15639.200
iocp,timer=default,1000,,2.950,21,47206.300,15607.500,15350.500,15639.200
iocp,timer=default,1000,,2.950,22,46325.200,1779.500,592.400,15639.200
iocp,timer=default,1000,,2.950,23,46171.100,1161.300,746.500,15639.200
iocp,timer=default,1000,,2.950,24,46596.200,1588.900,321.400,15639.200
iocp,timer=default,1000,,2.950,25,46719.900,15914.400,197.700,15639.200
iocp,timer=default,1000,,2.950,26,46198.300,1045.100,719.300,15639.200
iocp,timer=default,1000,,2.950,27,46796.300,15098.900,121.300,15639.200
iocp,timer=default,1000,,2.950,28,46647.700,1476.300,269.900,15639.200
iocp,timer=default,1000,,2.950,29,46716.000,15166.500,201.600,15639.200
iocp,timer=default,1000,,2.950,30,46391.900,14702.100,525.700,15639.200
iocp,timer=default,1000,,2.950,31,46898.400,15787.100,19.200,15639.200
iocp,timer=default,1000,,2.950,32,46647.700,15494.900,269.900,15639.200
iocp,timer=default,1000,,2.950,33,46784.600,15749.100,133.000,15639.200
iocp,timer=default,1000,,2.950,34,46671.800,1273.100,245.800,15639.200
iocp,timer=default,1000,,2.950,35,46559.500,15507.500,358.100,15639.200
iocp,timer=default,10000,,0.050,15,1363.800,14357.400,14317.800,15681.600
iocp,timer=default,10000,,0.050,16,875.500,15724.700,14806.100,15681.600
iocp,timer=default,10000,,0.050,17,1310.500,14178.000,14371.100,15681.600
iocp,timer=default,10000,,0.050,18,944.400,14638.900,14737.200,15681.600
iocp,timer=default,10000,,0.050,19,1300.600,14617.900,14381.000,15681.600
iocp,timer=default,10000,,0.050,20,1069.500,14439.100,14612.100,15681.600
iocp,timer=default,10000,,0.050,21,907.500,15338.300,14774.100,15681.600
iocp,timer=default,10000,,0.050,22,1565.700,14133.100,14115.900,15681.600
iocp,timer=default,10000,,0.050,23,883.100,15305.400,14798.500,15681.600
iocp,timer=default,10000,,0.050,24,1054.800,14170.000,14626.800,15681.600
iocp,timer=default,10000,,0.050,25,876.200,15123.200,14805.400,15681.600
iocp,timer=default,10000,,0.050,26,923.800,15463.500,14757.800,15681.600
iocp,timer=default,10000,,0.050,27,838.400,15033.800,14843.200,15681.600
iocp,timer=default,10000,,0.050,28,1123.300,14888.700,14558.300,15681.600
iocp,timer=default,10000,,0.050,29,1015.100,14613.600,14666.500,15681.600
iocp,timer=default,10000,,0.050,30,831.000,14293.800,14850.600,15681.600
iocp,timer=default,10000,,0.050,31,1262.300,14638.300,14419.300,15681.600
iocp,timer=default,10000,,0.050,32,1574.400,13338.600,14107.200,15681.600
iocp,timer=default,10000,,0.050,33,875.700,14203.000,14805.900,15681.600
iocp,timer=default,10000,,0.050,34,951.500,14891.900,14730.100,15681.600
iocp,timer=default,10000,,0.050,35,1121.000,14073.500,14560.600,15681.600
iocp,timer=default,10000,,0.150,15,2963.200,12028.900,12855.300,15818.500
iocp,timer=default,10000,,0.150,16,2888.500,13681.400,12930.000,15818.500
iocp,timer=default,10000,,0.150,17,2775.300,12913.100,13043.200,15818.500
iocp,timer=default,10000,,0.150,18,2402.400,13448.100,13416.100,15818.500
iocp,timer=default,10000,,0.150,19,2837.100,12162.800,12981.400,15818.500
iocp,timer=default,10000,,0.150,20,2855.700,12752.600,12962.800,15818.500
iocp,timer=default,10000,,0.150,21,2837.200,12659.300,12981.300,15818.500
iocp,timer=default,10000,,0.150,22,2871.200,12680.300,12947.300,15818.500
iocp,timer=default,10000,,0.150,23,2402.500,13166.800,13416.000,15818.500
iocp,timer=default,10000,,0.150,24,2403.700,13362.800,13414.800,15818.500
iocp,timer=default,10000,,0.150,25,2716.800,13119.500,13101.700,15818.500
iocp,timer=default,10000,,0.150,26,2391.300,13138.600,13427.200,15818.500
iocp,timer=default,10000,,0.150,27,2860.200,13153.100,12958.300,15818.500
iocp,timer=default,10000,,0.150,28,2404.000,13467.900,13414.500,15818.500
iocp,timer=default,10000,,0.150,29,2389.800,13195.900,13428.700,15818.500
iocp,timer=default,10000,,0.150,30,2409.100,13292.200,13409.400,15818.500
iocp,timer=default,10000,,0.150,31,2389.200,13125.400,13429.300,15818.500
iocp,timer=default,10000,,0.150,32,2876.500,12769.100,12942.000,15818.500
iocp,timer=default,10000,,0.150,33,2606.700,13123.800,13211.800,15818.500
iocp,timer=default,10000,,0.150,34,2419.100,14189.800,13399.400,15818.500
iocp,timer=default,10000,,0.150,35,2802.700,13741.900,13015.800,15818.500
iocp,timer=default,10000,,0.250,15,4378.900,10823.000,11360.900,15739.800
iocp,timer=default,10000,,0.250,16,4453.500,10837.400,11286.300,15739.800
iocp,timer=default,10000,,0.250,17,4345.200,11254.500,11394.600,15739.800
iocp,timer=default,10000,,0.250,18,3951.600,11623.700,11788.200,15739.800
iocp,timer=default,10000,,0.250,19,4386.500,11696.900,11353.300,15739.800
iocp,timer=default,10000,,0.250,20,3970.300,12600.200,11769.500,15739.800
iocp,timer=default,10000,,0.250,21,3982.600,12270.500,11757.200,15739.800
iocp,timer=default,10000,,0.250,22,3964.600,11716.700,11775.200,15739.800
iocp,timer=default,10000,,0.250,23,4370.700,11178.300,11369.100,15739.800
iocp,timer=default,10000,,0.250,24,3983.500,11732.500,11756.300,15739.800
iocp,timer=default,10000,,0.250,25,4308.900,12041.100,11430.900,15739.800
iocp,timer=default,10000,,0.250,26,3989.400,11485.300,11750.400,15739.800
iocp,timer=default,10000,,0.250,27,4334.100,11220.700,11405.700,15739.800
iocp,timer=default,10000,,0.250,28,4292.700,11542.500,11447.100,15739.800
iocp,timer=default,10000,,0.250,29,3966.000,11796.000,11773.800,15739.800
iocp,timer=default,10000,,0.250,30,4422.000,11527.600,11317.800,15739.800
iocp,timer=default,10000,,0.250,31,3959.600,12113.800,11780.200,15739.800
iocp,timer=default,10000,,0.250,32,4382.500,12010.100,11357.300,15739.800
iocp,timer=default,10000,,0.250,33,3953.800,11338.200,11786.000,15739.800
iocp,timer=default,10000,,0.250,34,4438.500,11674.800,11301.300,15739.800
iocp,timer=default,10000,,0.250,35,3953.800,11571.000,11786.000,15739.800
iocp,timer=default,10000,,0.350,15,6131.800,9404.000,9522.800,15654.600
iocp,timer=default,10000,,0.350,16,5918.200,9477.000,9736.400,15654.600
iocp,timer=default,10000,,0.350,17,6042.000,9183.100,9612.600,15654.600
iocp,timer=default,10000,,0.350,18,5856.000,9638.400,9798.600,15654.600
iocp,timer=default,10000,,0.350,19,5890.700,10136.200,9763.900,15654.600
iocp,timer=default,10000,,0.350,20,5527.500,9775.600,10127.100,15654.600
iocp,timer=default,10000,,0.350,21,5660.700,10130.700,9993.900,15654.600
iocp,timer=default,10000,,0.350,22,5505.700,9758.400,10148.900,15654.600
iocp,timer=default,10000,,0.350,23,5526.400,10932.200,10128.200,15654.600
iocp,timer=default,10000,,0.350,24,5984.200,9339.700,9670.400,15654.600
iocp,timer=default,10000,,0.350,25,5508.900,9503.900,10145.700,15654.600
iocp,timer=default,10000,,0.350,26,5862.800,9632.600,9791.800,15654.600
iocp,timer=default,10000,,0.350,27,5688.400,9743.000,9966.200,15654.600
iocp,timer=default,10000,,0.350,28,5786.200,10284.100,9868.400,15654.600
iocp,timer=default,10000,,0.350,29,5512.400,10283.100,10142.200,15654.600
iocp,timer=default,10000,,0.350,30,5867.100,9645.000,9787.500,15654.600
iocp,timer=default,10000,,0.350,31,6005.000,9422.600,9649.600,15654.600
iocp,timer=default,10000,,0.350,32,5886.000,9333.900,9768.600,15654.600
iocp,timer=default,10000,,0.350,33,5737.700,9971.700,9916.900,15654.600
iocp,timer=default,10000,,0.350,34,5728.700,9559.400,9925.900,15654.600
iocp,timer=default,10000,,0.350,35,5708.300,10156.100,9946.300,15654.600
iocp,timer=default,10000,,0.450,15,7876.800,8796.200,7865.500,15742.300
iocp,timer=default,10000,,0.450,16,7432.100,8147.600,8310.200,15742.300
iocp,timer=default,10000,,0.450,17,7121.600,8581.900,8620.700,15742.300
iocp,timer=default,10000,,0.450,18,7260.100,8126.700,8482.200,15742.300
iocp,timer=default,10000,,0.450,19,7113.800,8604.800,8628.500,15742.300
iocp,timer=default,10000,,0.450,20,7234.600,8824.900,8507.700,15742.300
iocp,timer=default,10000,,0.450,21,7558.400,8076.100,8183.900,15742.300
iocp,timer=default,10000,,0.450,22,7267.000,8453.800,8475.300,15742.300
iocp,timer=default,10000,,0.450,23,7375.900,8394.900,8366.400,15742.300
iocp,timer=default,10000,,0.450,24,7104.400,8130.700,8637.900,15742.300
iocp,timer=default,10000,,0.450,25,7103.900,8261.400,8638.400,15742.300
iocp,timer=default,10000,,0.450,26,7344.000,8626.300,8398.300,15742.300
iocp,timer=default,10000,,0.450,27,7118.500,8420.100,8623.800,15742.300
iocp,timer=default,10000,,0.450,28,7868.500,7673.800,7873.800,15742.300
iocp,timer=default,10000,,0.450,29,7098.600,8903.600,8643.700,15742.300
iocp,timer=default,10000,,0.450,30,7393.500,7591.000,8348.800,15742.300
iocp,timer=default,10000,,0.450,31,7518.700,8549.100,8223.600,15742.300
iocp,timer=default,10000,,0.450,32,7407.400,8607.200,8334.900,15742.300
iocp,timer=default,10000,,0.450,33,7115.500,7923.700,8626.800,15742.300
iocp,timer=default,10000,,0.450,34,7615.500,8471.600,8126.800,15742.300
iocp,timer=default,10000,,0.450,35,7158.700,8451.500,8583.600,15742.300
iocp,timer=default,10000,,0.550,15,8751.900,7313.800,6932.100,15684.000
iocp,timer=default,10000,,0.550,16,8762.100,6252.700,6921.900,15684.000
iocp,timer=default,10000,,0.550,17,9160.600,6114.900,6523.400,15684.000
iocp,timer=default,10000,,0.550,18,8931.700,6270.300,6752.300,15684.000
iocp,timer=default,10000,,0.550,19,8831.800,6530.000,6852.200,15684.000
iocp,timer=default,10000,,0.550,20,9143.800,6920.100,6540.200,15684.000
iocp,timer=default,10000,,0.550,21,8856.000,6611.400,6828.000,15684.000
iocp,timer=default,10000,,0.550,22,8889.800,7133.500,6794.200,15684.000
iocp,timer=default,10000,,0.550,23,8914.200,6975.500,6769.800,15684.000
iocp,timer=default,10000,,0.550,24,8905.100,6798.600,6778.900,15684.000
iocp,timer=default,10000,,0.550,25,8652.900,7419.700,7031.100,15684.000
iocp,timer=default,10000,,0.550,26,8652.800,7231.900,7031.200,15684.000
iocp,timer=default,10000,,0.550,27,9106.500,6459.000,6577.500,15684.000
iocp,timer=default,10000,,0.550,28,9365.500,6817.100,6318.500,15684.000
iocp,timer=default,10000,,0.550,29,8659.400,6631.800,7024.600,15684.000
iocp,timer=default,10000,,0.550,30,9081.000,6835.000,6603.000,15684.000
iocp,timer=default,10000,,0.550,31,8662.000,6662.600,7022.000,15684.000
iocp,timer=default,10000,,0.550,32,9131.100,6351.100,6552.900,15684.000
iocp,timer=default,10000,,0.550,33,8646.500,7347.800,7037.500,15684.000
iocp,timer=default,10000,,0.550,34,8948.700,6586.700,6735.300,15684.000
iocp,timer=default,10000,,0.550,35,9023.400,6699.700,6660.600,15684.000
iocp,timer=default,10000,,0.650,15,10128.700,5156.800,5335.300,15464.000
iocp,timer=default,10000,,0.650,16,10583.400,5724.000,4880.600,15464.000
iocp,timer=default,10000,,0.650,17,10165.700,5171.100,5298.300,15464.000
iocp,timer=default,10000,,0.650,18,10086.000,5764.500,5378.000,15464.000
iocp,timer=default,10000,,0.650,19,10088.700,5226.300,5375.300,15464.000
iocp,timer=default,10000,,0.650,20,10375.200,4878.300,5088.800,15464.000
iocp,timer=default,10000,,0.650,21,10259.600,5698.900,5204.400,15464.000
iocp,timer=default,10000,,0.650,22,10479.500,4721.500,4984.500,15464.000
iocp,timer=default,10000,,0.650,23,10092.200,5662.000,5371.800,15464.000
iocp,timer=default,10000,,0.650,24,10417.600,5201.900,5046.400,15464.000
iocp,timer=default,10000,,0.650,25,10592.200,5532.600,4871.800,15464.000
iocp,timer=default,10000,,0.650,26,10300.700,5125.900,5163.300,15464.000
iocp,timer=default,10000,,0.650,27,10421.100,5688.100,5042.900,15464.000
iocp,timer=default,10000,,0.650,28,10383.500,5093.500,5080.500,15464.000
iocp,timer=default,10000,,0.650,29,10444.900,5665.300,5019.100,15464.000
iocp,timer=default,10000,,0.650,30,10392.500,5129.300,5071.500,15464.000
iocp,timer=default,10000,,0.650,31,10397.800,5123.600,5066.200,15464.000
iocp,timer=default,10000,,0.650,32,10378.400,5641.000,5085.600,15464.000
iocp,timer=default,10000,,0.650,33,10395.500,5612.000,5068.500,15464.000
iocp,timer=default,10000,,0.650,34,10418.800,5663.400,5045.200,15464.000
iocp,timer=default,10000,,0.650,35,10336.200,5127.500,5127.800,15464.000
iocp,timer=default,10000,,0.750,15,12611.500,2873.800,3041.200,15652.700
iocp,timer=default,10000,,0.750,16,11902.600,4139.400,3750.100,15652.700
iocp,timer=default,10000,,0.750,17,11873.500,4111.200,3779.200,15652.700
iocp,timer=default,10000,,0.750,18,11780.100,4127.600,3872.600,15652.700
iocp,timer=default,10000,,0.750,19,11769.200,4124.800,3883.500,15652.700
iocp,timer=default,10000,,0.750,20,11769.000,3972.100,3883.700,15652.700
iocp,timer=default,10000,,0.750,21,12252.400,2947.800,3400.300,15652.700
iocp,timer=default,10000,,0.750,22,11774.400,3917.300,3878.300,15652.700
iocp,timer=default,10000,,0.750,23,11795.700,3612.300,3857.000,15652.700
iocp,timer=default,10000,,0.750,24,11877.700,4416.600,3775.000,15652.700
iocp,timer=default,10000,,0.750,25,11918.300,4114.400,3734.400,15652.700
iocp,timer=default,10000,,0.750,26,11884.300,3674.100,3768.400,15652.700
iocp,timer=default,10000,,0.750,27,11799.100,3917.200,3853.600,15652.700
iocp,timer=default,10000,,0.750,28,11762.600,4202.700,3890.100,15652.700
iocp,timer=default,10000,,0.750,29,11754.400,4299.000,3898.300,15652.700
iocp,timer=default,10000,,0.750,30,11755.900,4224.800,3896.800,15652.700
iocp,timer=default,10000,,0.750,31,11774.700,3767.400,3878.000,15652.700
iocp,timer=default,10000,,0.750,32,11836.000,3645.900,3816.700,15652.700
iocp,timer=default,10000,,0.750,33,12292.600,3635.900,3360.100,15652.700
iocp,timer=default,10000,,0.750,34,12218.900,3119.000,3433.800,15652.700
iocp,timer=default,10000,,0.750,35,12392.300,3149.600,3260.400,15652.700
iocp,timer=default,10000,,0.850,15,13947.800,2123.500,1780.800,15728.600
iocp,timer=default,10000,,0.850,16,13415.100,2188.300,2313.500,15728.600
iocp,timer=default,10000,,0.850,17,13515.400,1699.500,2213.200,15728.600
iocp,timer=default,10000,,0.850,18,13405.800,2330.200,2322.800,15728.600
iocp,timer=default,10000,,0.850,19,13465.700,2138.700,2262.900,15728.600
iocp,timer=default,10000,,0.850,20,13398.600,2122.000,2330.000,15728.600
iocp,timer=default,10000,,0.850,21,13773.900,1161.000,1954.700,15728.600
iocp,timer=default,10000,,0.850,22,13773.900,2133.200,1954.700,15728.600
iocp,timer=default,10000,,0.850,23,14276.700,1608.700,1451.900,15728.600
iocp,timer=default,10000,,0.850,24,13391.400,2907.700,2337.200,15728.600
iocp,timer=default,10000,,0.850,25,13709.500,2104.200,2019.100,15728.600
iocp,timer=default,10000,,0.850,26,13399.700,2170.300,2328.900,15728.600
iocp,timer=default,10000,,0.850,27,14272.400,1203.900,1456.200,15728.600
iocp,timer=default,10000,,0.850,28,13399.700,2238.700,2328.900,15728.600
iocp,timer=default,10000,,0.850,29,13588.100,2173.500,2140.500,15728.600
iocp,timer=default,10000,,0.850,30,13410.300,2172.200,2318.300,15728.600
iocp,timer=default,10000,,0.850,31,14149.000,2084.600,1579.600,15728.600
iocp,timer=default,10000,,0.850,32,13919.000,2106.700,1809.600,15728.600
iocp,timer=default,10000,,0.850,33,13744.700,2158.800,1983.900,15728.600
iocp,timer=default,10000,,0.850,34,13428.100,2111.200,2300.500,15728.600
iocp,timer=default,10000,,0.850,35,13417.800,2092.600,2310.800,15728.600
iocp,timer=default,10000,,0.950,15,15601.300,16016.500,71.200,15672.500
iocp,timer=default,10000,,0.950,16,15530.700,15377.000,141.800,15672.500
iocp,timer=default,10000,,0.950,17,15168.300,15348.800,504.200,15672.500
iocp,timer=default,10000,,0.950,18,14985.800,1189.800,686.700,15672.500
iocp,timer=default,10000,,0.950,19,14937.400,1103.000,735.100,15672.500
iocp,timer=default,10000,,0.950,20,15504.500,15958.300,168.000,15672.500
iocp,timer=default,10000,,0.950,21,15207.400,15174.700,465.100,15672.500
iocp,timer=default,10000,,0.950,22,14910.300,1121.100,762.200,15672.500
iocp,timer=default,10000,,0.950,23,14916.400,1083.700,756.100,15672.500
iocp,timer=default,10000,,0.950,24,14934.800,1179.300,737.700,15672.500
iocp,timer=default,10000,,0.950,25,15440.100,15272.000,232.400,15672.500
iocp,timer=default,10000,,0.950,26,15271.600,15998.800,400.900,15672.500
iocp,timer=default,10000,,0.950,27,14941.500,1134.300,731.000,15672.500
iocp,timer=default,10000,,0.950,28,14926.900,1135.900,745.600,15672.500
iocp,timer=default,10000,,0.950,29,14987.700,1139.000,684.800,15672.500
iocp,timer=default,10000,,0.950,30,14920.500,1076.800,752.000,15672.500
iocp,timer=default,10000,,0.950,31,15553.900,15202.000,118.600,15672.500
iocp,timer=default,10000,,0.950,32,14937.700,1144.200,734.800,15672.500
iocp,timer=default,10000,,0.950,33,15369.100,14973.200,303.400,15672.500
iocp,timer=default,10000,,0.950,34,15043.900,1081.200,628.600,15672.500
iocp,timer=default,10000,,0.950,35,14910.900,1126.700,761.600,15672.500
iocp,timer=default,10000,,1.050,15,16961.500,14153.700,14661.100,15811.300
iocp,timer=default,10000,,1.050,16,16912.100,15650.100,14710.500,15811.300
iocp,timer=default,10000,,1.050,17,16907.500,15077.000,14715.100,15811.300
iocp,timer=default,10000,,1.050,18,16732.700,15175.600,14889.900,15811.300
iocp,timer=default,10000,,1.050,19,16898.200,15127.700,14724.400,15811.300
iocp,timer=default,10000,,1.050,20,16632.400,13670.000,14990.200,15811.300
iocp,timer=default,10000,,1.050,21,16806.800,15458.900,14815.800,15811.300
iocp,timer=default,10000,,1.050,22,16633.800,14193.700,14988.800,15811.300
iocp,timer=default,10000,,1.050,23,16991.400,14055.700,14631.200,15811.300
iocp,timer=default,10000,,1.050,24,16968.000,14213.100,14654.600,15811.300
iocp,timer=default,10000,,1.050,25,16793.000,14379.200,14829.600,15811.300
iocp,timer=default,10000,,1.050,26,17036.700,14870.200,14585.900,15811.300
iocp,timer=default,10000,,1.050,27,17018.100,13977.600,14604.500,15811.300
iocp,timer=default,10000,,1.050,28,16669.500,14563.300,14953.100,15811.300
iocp,timer=default,10000,,1.050,29,16670.300,14476.200,14952.300,15811.300
iocp,timer=default,10000,,1.050,30,16659.100,13621.400,14963.500,15811.300
iocp,timer=default,10000,,1.050,31,16836.100,15080.000,14786.500,15811.300
iocp,timer=default,10000,,1.050,32,16787.500,14121.300,14835.100,15811.300
iocp,timer=default,10000,,1.050,33,16932.300,14722.100,14690.300,15811.300
iocp,timer=default,10000,,1.050,34,16723.300,15282.800,14899.300,15811.300
iocp,timer=default,10000,,1.050,35,17379.000,14348.800,14243.600,15811.300
iocp,timer=default,10000,,1.150,15,18470.500,13171.400,12880.300,15675.400
iocp,timer=default,10000,,1.150,16,18438.000,12795.900,12912.800,15675.400
iocp,timer=default,10000,,1.150,17,18279.200,12634.000,13071.600,15675.400
iocp,timer=default,10000,,1.150,18,18404.100,13150.800,12946.700,15675.400
iocp,timer=default,10000,,1.150,19,18358.300,13099.400,12992.500,15675.400
iocp,timer=default,10000,,1.150,20,18413.600,13138.500,12937.200,15675.400
iocp,timer=default,10000,,1.150,21,18064.300,13763.500,13286.500,15675.400
iocp,timer=default,10000,,1.150,22,18058.500,13078.500,13292.300,15675.400
iocp,timer=default,10000,,1.150,23,18082.100,13417.900,13268.700,15675.400
iocp,timer=default,10000,,1.150,24,18406.900,13104.300,12943.900,15675.400
iocp,timer=default,10000,,1.150,25,18489.200,13355.000,12861.600,15675.400
iocp,timer=default,10000,,1.150,26,18375.800,12650.900,12975.000,15675.400
iocp,timer=default,10000,,1.150,27,18056.000,14279.000,13294.800,15675.400
iocp,timer=default,10000,,1.150,28,18535.400,12525.300,12815.400,15675.400
iocp,timer=default,10000,,1.150,29,18059.600,13263.500,13291.200,15675.400
iocp,timer=default,10000,,1.150,30,18267.200,14299.700,13083.600,15675.400
iocp,timer=default,10000,,1.150,31,18530.900,13211.200,12819.900,15675.400
iocp,timer=default,10000,,1.150,32,18372.400,12280.000,12978.400,15675.400
iocp,timer=default,10000,,1.150,33,18338.900,13434.000,13011.900,15675.400
iocp,timer=default,10000,,1.150,34,18070.400,12719.500,13280.400,15675.400
iocp,timer=default,10000,,1.150,35,18060.100,13476.100,13290.700,15675.400
iocp,timer=default,10000,,1.250,15,19935.200,11135.000,11390.800,15663.000
iocp,timer=default,10000,,1.250,16,19973.000,11339.800,11353.000,15663.000
iocp,timer=default,10000,,1.250,17,19677.200,11137.000,11648.800,15663.000
iocp,timer=default,10000,,1.250,18,19876.500,11661.600,11449.500,15663.000
iocp,timer=default,10000,,1.250,19,20019.700,12017.300,11306.300,15663.000
iocp,timer=default,10000,,1.250,20,19609.700,12153.500,11716.300,15663.000
iocp,timer=default,10000,,1.250,21,19880.100,11131.000,11445.900,15663.000
iocp,timer=default,10000,,1.250,22,19918.300,11684.700,11407.700,15663.000
iocp,timer=default,10000,,1.250,23,19846.600,12122.900,11479.400,15663.000
iocp,timer=default,10000,,1.250,24,20292.700,10986.700,11033.300,15663.000
iocp,timer=default,10000,,1.250,25,19842.900,11113.000,11483.100,15663.000
iocp,timer=default,10000,,1.250,26,19615.000,11243.700,11711.000,15663.000
iocp,timer=default,10000,,1.250,27,19789.700,11627.900,11536.300,15663.000
iocp,timer=default,10000,,1.250,28,19718.400,10811.500,11607.600,15663.000
iocp,timer=default,10000,,1.250,29,19597.000,11249.500,11729.000,15663.000
iocp,timer=default,10000,,1.250,30,19945.000,11175.800,11381.000,15663.000
iocp,timer=default,10000,,1.250,31,19944.600,10638.700,11381.400,15663.000
iocp,timer=default,10000,,1.250,32,19916.900,11828.800,11409.100,15663.000
iocp,timer=default,10000,,1.250,33,19616.400,11344.500,11709.600,15663.000
iocp,timer=default,10000,,1.250,34,19873.200,10593.000,11452.800,15663.000
iocp,timer=default,10000,,1.250,35,19928.900,11593.100,11397.100,15663.000
iocp,timer=default,10000,,1.350,15,21500.800,10197.600,9950.000,15725.400
iocp,timer=default,10000,,1.350,16,21252.100,11149.800,10198.700,15725.400
iocp,timer=default,10000,,1.350,17,21535.100,9953.500,9915.700,15725.400
iocp,timer=default,10000,,1.350,18,21271.000,9650.500,10179.800,15725.400
iocp,timer=default,10000,,1.350,19,21268.300,10774.900,10182.500,15725.400
iocp,timer=default,10000,,1.350,20,21585.100,10090.600,9865.700,15725.400
iocp,timer=default,10000,,1.350,21,21513.600,9153.700,9937.200,15725.400
iocp,timer=default,10000,,1.350,22,21630.500,9335.000,9820.300,15725.400
iocp,timer=default,10000,,1.350,23,21431.000,11326.000,10019.800,15725.400
iocp,timer=default,10000,,1.350,24,21263.800,10262.400,10187.000,15725.400
iocp,timer=default,10000,,1.350,25,21265.800,9683.000,10185.000,15725.400
iocp,timer=default,10000,,1.350,26,21265.100,10763.500,10185.700,15725.400
iocp,timer=default,10000,,1.350,27,21339.900,10582.000,10110.900,15725.400
iocp,timer=default,10000,,1.350,28,21778.900,9740.400,9671.900,15725.400
iocp,timer=default,10000,,1.350,29,21260.800,9284.700,10190.000,15725.400
iocp,timer=default,10000,,1.350,30,21481.000,9582.800,9969.800,15725.400
iocp,timer=default,10000,,1.350,31,21266.900,10085.500,10183.900,15725.400
iocp,timer=default,10000,,1.350,32,21365.700,10283.200,10085.100,15725.400
iocp,timer=default,10000,,1.350,33,21355.200,10078.000,10095.600,15725.400
iocp,timer=default,10000,,1.350,34,21290.800,9637.800,10160.000,15725.400
iocp,timer=default,10000,,1.350,35,21738.400,9619.500,9712.400,15725.400
iocp,timer=default,10000,,1.450,15,23298.500,8134.400,8011.900,15655.200
iocp,timer=default,10000,,1.450,16,22726.400,8671.400,8584.000,15655.200
iocp,timer=default,10000,,1.450,17,22722.700,8612.500,8587.700,15655.200
iocp,timer=default,10000,,1.450,18,22949.000,8427.200,8361.400,15655.200
iocp,timer=default,10000,,1.450,19,22837.900,8167.800,8472.500,15655.200
iocp,timer=default,10000,,1.450,20,22739.700,9041.000,8570.700,15655.200
iocp,timer=default,10000,,1.450,21,23075.000,8868.200,8235.400,15655.200
iocp,timer=default,10000,,1.450,22,22728.300,8298.900,8582.100,15655.200
iocp,timer=default,10000,,1.450,23,22730.200,8351.500,8580.200,15655.200
iocp,timer=default,10000,,1.450,24,23018.400,7633.700,8292.000,15655.200
iocp,timer=default,10000,,1.450,25,22722.100,7740.200,8588.300,15655.200
iocp,timer=default,10000,,1.450,26,22891.900,9150.700,8418.500,15655.200
iocp,timer=default,10000,,1.450,27,22914.600,9099.800,8395.800,15655.200
iocp,timer=default,10000,,1.450,28,22945.800,9129.200,8364.600,15655.200
iocp,timer=default,10000,,1.450,29,22734.700,9328.900,8575.700,15655.200
iocp,timer=default,10000,,1.450,30,22734.000,9416.200,8576.400,15655.200
iocp,timer=default,10000,,1.450,31,22918.000,7910.000,8392.400,15655.200
iocp,timer=default,10000,,1.450,32,23212.300,8108.500,8098.100,15655.200
iocp,timer=default,10000,,1.450,33,22736.500,7715.500,8573.900,15655.200
iocp,timer=default,10000,,1.450,34,22748.900,8383.100,8561.500,15655.200
iocp,timer=default,10000,,1.450,35,23349.500,7244.100,7960.900,15655.200
iocp,timer=default,10000,,1.550,15,25013.300,5539.600,6408.500,15710.900
iocp,timer=default,10000,,1.550,16,24431.100,7932.800,6990.700,15710.900
iocp,timer=default,10000,,1.550,17,24663.500,6621.300,6758.300,15710.900
iocp,timer=default,10000,,1.550,18,24692.500,6990.300,6729.300,15710.900
iocp,timer=default,10000,,1.550,19,24814.200,7618.600,6607.600,15710.900
iocp,timer=default,10000,,1.550,20,24379.100,6357.400,7042.700,15710.900
iocp,timer=default,10000,,1.550,21,24997.200,6712.900,6424.600,15710.900
iocp,timer=default,10000,,1.550,22,24382.600,6326.200,7039.200,15710.900
iocp,timer=default,10000,,1.550,23,24389.300,6652.100,7032.500,15710.900
iocp,timer=default,10000,,1.550,24,24389.300,7469.900,7032.500,15710.900
iocp,timer=default,10000,,1.550,25,24735.600,6366.600,6686.200,15710.900
iocp,timer=default,10000,,1.550,26,24408.200,7498.000,7013.600,15710.900
iocp,timer=default,10000,,1.550,27,24835.400,6647.600,6586.400,15710.900
iocp,timer=default,10000,,1.550,28,24737.800,6623.300,6684.000,15710.900
iocp,timer=default,10000,,1.550,29,24462.800,6969.200,6959.000,15710.900
iocp,timer=default,10000,,1.550,30,24389.300,6935.200,7032.500,15710.900
iocp,timer=default,10000,,1.550,31,24722.800,6139.600,6699.000,15710.900
iocp,timer=default,10000,,1.550,32,24867.000,6839.900,6554.800,15710.900
iocp,timer=default,10000,,1.550,33,24984.700,6538.300,6437.100,15710.900
iocp,timer=default,10000,,1.550,34,24397.900,7160.500,7023.900,15710.900
iocp,timer=default,10000,,1.550,35,24373.200,7644.700,7048.600,15710.900
iocp,timer=default,10000,,1.650,15,25741.300,5257.500,5268.100,15504.700
iocp,timer=default,10000,,1.650,16,25923.300,5463.000,5086.100,15504.700
iocp,timer=default,10000,,1.650,17,25853.200,6571.300,5156.200,15504.700
iocp,timer=default,10000,,1.650,18,25612.800,5768.600,5396.600,15504.700
iocp,timer=default,10000,,1.650,19,25615.100,5047.000,5394.300,15504.700
iocp,timer=default,10000,,1.650,20,25730.400,6180.900,5279.000,15504.700
iocp,timer=default,10000,,1.650,21,25614.300,6427.300,5395.100,15504.700
iocp,timer=default,10000,,1.650,22,25837.200,5221.900,5172.200,15504.700
iocp,timer=default,10000,,1.650,23,25979.400,6015.900,5030.000,15504.700
iocp,timer=default,10000,,1.650,24,25614.100,5282.100,5395.300,15504.700
iocp,timer=default,10000,,1.650,25,25621.700,6007.000,5387.700,15504.700
iocp,timer=default,10000,,1.650,26,25604.000,6231.200,5405.400,15504.700
iocp,timer=default,10000,,1.650,27,25811.700,4645.900,5197.700,15504.700
iocp,timer=default,10000,,1.650,28,26018.000,5217.800,4991.400,15504.700
iocp,timer=default,10000,,1.650,29,25604.100,6122.800,5405.300,15504.700
iocp,timer=default,10000,,1.650,30,26347.700,5783.700,4661.700,15504.700
iocp,timer=default,10000,,1.650,31,25796.500,5084.300,5212.900,15504.700
iocp,timer=default,10000,,1.650,32,25984.100,5160.000,5025.300,15504.700
iocp,timer=default,10000,,1.650,33,25636.300,5485.100,5373.100,15504.700
iocp,timer=default,10000,,1.650,34,25636.200,5194.600,5373.200,15504.700
iocp,timer=default,10000,,1.650,35,25641.000,5825.800,5368.400,15504.700
iocp,timer=default,10000,,1.750,15,27888.800,3131.800,3511.400,15700.100
iocp,timer=default,10000,,1.750,16,27724.000,4134.900,3676.200,15700.100
iocp,timer=default,10000,,1.750,17,27929.400,3135.500,3470.800,15700.100
iocp,timer=default,10000,,1.750,18,27674.500,4650.900,3725.700,15700.100
iocp,timer=default,10000,,1.750,19,27506.800,4129.400,3893.400,15700.100
iocp,timer=default,10000,,1.750,20,27951.000,3632.700,3449.200,15700.100
iocp,timer=default,10000,,1.750,21,27919.000,3147.700,3481.200,15700.100
iocp,timer=default,10000,,1.750,22,27912.200,4273.400,3488.000,15700.100
iocp,timer=default,10000,,1.750,23,28263.800,2214.200,3136.400,15700.100
iocp,timer=default,10000,,1.750,24,27991.400,3137.900,3408.800,15700.100
iocp,timer=default,10000,,1.750,25,27513.100,4061.400,3887.100,15700.100
iocp,timer=default,10000,,1.750,26,27501.000,4030.300,3899.200,15700.100
iocp,timer=default,10000,,1.750,27,28025.200,3469.800,3375.000,15700.100
iocp,timer=default,10000,,1.750,28,27903.600,3198.900,3496.600,15700.100
iocp,timer=default,10000,,1.750,29,27498.000,3312.300,3902.200,15700.100
iocp,timer=default,10000,,1.750,30,27727.400,3601.300,3672.800,15700.100
iocp,timer=default,10000,,1.750,31,27674.800,3153.600,3725.400,15700.100
iocp,timer=default,10000,,1.750,32,28275.200,2800.000,3125.000,15700.100
iocp,timer=default,10000,,1.750,33,28028.600,3123.900,3371.600,15700.100
iocp,timer=default,10000,,1.750,34,28016.300,3920.800,3383.900,15700.100
iocp,timer=default,10000,,1.750,35,27494.300,6223.800,3905.900,15700.100
iocp,timer=default,10000,,1.850,15,30105.100,1630.400,1258.100,15681.600
iocp,timer=default,10000,,1.850,16,29094.600,2101.100,2268.600,15681.600
iocp,timer=default,10000,,1.850,17,29473.000,2099.000,1890.200,15681.600
iocp,timer=default,10000,,1.850,18,29047.500,3332.500,2315.700,15681.600
iocp,timer=default,10000,,1.850,19,29175.100,2100.000,2188.100,15681.600
iocp,timer=default,10000,,1.850,20,29525.500,1695.400,1837.700,15681.600
iocp,timer=default,10000,,1.850,21,29230.300,2064.700,2132.900,15681.600
iocp,timer=default,10000,,1.850,22,29483.900,2130.200,1879.300,15681.600
iocp,timer=default,10000,,1.850,23,29196.700,1702.100,2166.500,15681.600
iocp,timer=default,10000,,1.850,24,29044.000,2383.300,2319.200,15681.600
iocp,timer=default,10000,,1.850,25,29058.100,3169.500,2305.100,15681.600
iocp,timer=default,10000,,1.850,26,29159.700,2145.200,2203.500,15681.600
iocp,timer=default,10000,,1.850,27,29285.100,2229.300,2078.100,15681.600
iocp,timer=default,10000,,1.850,28,29241.500,2136.500,2121.700,15681.600
iocp,timer=default,10000,,1.850,29,29159.600,2251.100,2203.600,15681.600
iocp,timer=default,10000,,1.850,30,29776.800,1622.100,1586.400,15681.600
iocp,timer=default,10000,,1.850,31,29261.200,2260.400,2102.000,15681.600
iocp,timer=default,10000,,1.850,32,29077.800,2135.400,2285.400,15681.600
iocp,timer=default,10000,,1.850,33,29402.900,2195.900,1960.300,15681.600
iocp,timer=default,10000,,1.850,34,29064.500,2122.100,2298.700,15681.600
iocp,timer=default,10000,,1.850,35,29033.200,2734.100,2330.000,15681.600
iocp,timer=default,10000,,1.950,15,31846.000,15898.900,15853.700,15899.900
iocp,timer=default,10000,,1.950,16,31908.500,16238.900,15791.200,15899.900
iocp,timer=default,10000,,1.950,17,31425.800,14926.300,374.000,15899.900
iocp,timer=default,10000,,1.950,18,31580.200,15038.900,219.600,15899.900
iocp,timer=default,10000,,1.950,19,31301.000,15516.400,498.800,15899.900
iocp,timer=default,10000,,1.950,20,31609.900,15911.900,189.900,15899.900
iocp,timer=default,10000,,1.950,21,31543.100,15716.700,256.700,15899.900
iocp,timer=default,10000,,1.950,22,31365.000,15573.200,434.800,15899.900
iocp,timer=default,10000,,1.950,23,31185.100,14814.400,614.700,15899.900
iocp,timer=default,10000,,1.950,24,31024.900,1121.200,774.900,15899.900
iocp,timer=default,10000,,1.950,25,31182.800,15909.300,617.000,15899.900
iocp,timer=default,10000,,1.950,26,31492.200,15145.400,307.600,15899.900
iocp,timer=default,10000,,1.950,27,31392.900,15258.700,406.900,15899.900
iocp,timer=default,10000,,1.950,28,31615.300,15380.200,184.500,15899.900
iocp,timer=default,10000,,1.950,29,31219.400,15385.000,580.400,15899.900
iocp,timer=default,10000,,1.950,30,31826.600,15863.900,15873.100,15899.900
iocp,timer=default,10000,,1.950,31,31754.200,14911.800,45.600,15899.900
iocp,timer=default,10000,,1.950,32,32066.300,15896.600,15633.400,15899.900
iocp,timer=default,10000,,1.950,33,31590.200,15081.600,209.600,15899.900
iocp,timer=default,10000,,1.950,34,31190.200,15062.700,609.600,15899.900
iocp,timer=default,10000,,1.950,35,31502.400,15444.700,297.400,15899.900
iocp,timer=default,10000,,2.050,15,32836.700,13329.900,14757.400,15864.700
iocp,timer=default,10000,,2.050,16,32953.200,14101.300,14640.900,15864.700
iocp,timer=default,10000,,2.050,17,32561.600,13656.100,15032.500,15864.700
iocp,timer=default,10000,,2.050,18,32658.300,14474.700,14935.800,15864.700
iocp,timer=default,10000,,2.050,19,33208.300,14615.200,14385.800,15864.700
iocp,timer=default,10000,,2.050,20,32761.300,14704.400,14832.800,15864.700
iocp,timer=default,10000,,2.050,21,32649.300,14183.300,14944.800,15864.700
iocp,timer=default,10000,,2.050,22,32726.800,14717.900,14867.300,15864.700
iocp,timer=default,10000,,2.050,23,32618.800,15034.300,14975.300,15864.700
iocp,timer=default,10000,,2.050,24,32787.400,13631.800,14806.700,15864.700
iocp,timer=default,10000,,2.050,25,32903.000,14105.600,14691.100,15864.700
iocp,timer=default,10000,,2.050,26,32613.400,14807.800,14980.700,15864.700
iocp,timer=default,10000,,2.050,27,32819.100,14653.900,14775.000,15864.700
iocp,timer=default,10000,,2.050,28,32932.100,13890.000,14662.000,15864.700
iocp,timer=default,10000,,2.050,29,32555.900,14481.600,15038.200,15864.700
iocp,timer=default,10000,,2.050,30,33127.800,14757.000,14466.300,15864.700
iocp,timer=default,10000,,2.050,31,32946.300,14107.500,14647.800,15864.700
iocp,timer=default,10000,,2.050,32,32981.800,14695.700,14612.300,15864.700
iocp,timer=default,10000,,2.050,33,33048.000,13458.200,14546.100,15864.700
iocp,timer=default,10000,,2.050,34,32604.200,14367.000,14989.900,15864.700
iocp,timer=default,10000,,2.050,35,33029.200,14694.600,14564.900,15864.700
iocp,timer=default,10000,,2.150,15,34385.700,13258.300,12634.500,15673.400
iocp,timer=default,10000,,2.150,16,33957.900,12515.100,13062.300,15673.400
iocp,timer=default,10000,,2.150,17,33776.800,13779.800,13243.400,15673.400
iocp,timer=default,10000,,2.150,18,33896.500,12670.200,13123.700,15673.400
iocp,timer=default,10000,,2.150,19,34070.100,12622.400,12950.100,15673.400
iocp,timer=default,10000,,2.150,20,33915.500,13113.500,13104.700,15673.400
iocp,timer=default,10000,,2.150,21,34113.200,13128.600,12907.000,15673.400
iocp,timer=default,10000,,2.150,22,33953.600,12150.300,13066.600,15673.400
iocp,timer=default,10000,,2.150,23,33862.300,13161.800,13157.900,15673.400
iocp,timer=default,10000,,2.150,24,33729.000,13541.000,13291.200,15673.400
iocp,timer=default,10000,,2.150,25,33818.200,14136.300,13202.000,15673.400
iocp,timer=default,10000,,2.150,26,33911.700,12677.700,13108.500,15673.400
iocp,timer=default,10000,,2.150,27,34114.700,12371.700,12905.500,15673.400
iocp,timer=default,10000,,2.150,28,33922.000,13656.600,13098.200,15673.400
iocp,timer=default,10000,,2.150,29,34148.500,12883.300,12871.700,15673.400
iocp,timer=default,10000,,2.150,30,33815.100,14111.000,13205.100,15673.400
iocp,timer=default,10000,,2.150,31,33760.800,12419.100,13259.400,15673.400
iocp,timer=default,10000,,2.150,32,33733.000,13200.200,13287.200,15673.400
iocp,timer=default,10000,,2.150,33,33861.200,13173.500,13159.000,15673.400
iocp,timer=default,10000,,2.150,34,34013.800,13189.500,13006.400,15673.400
iocp,timer=default,10000,,2.150,35,33745.000,12685.500,13275.200,15673.400
iocp,timer=default,10000,,2.250,15,35641.100,12441.900,11373.100,15671.400
iocp,timer=default,10000,,2.250,16,35766.500,11647.100,11247.700,15671.400
iocp,timer=default,10000,,2.250,17,35420.600,12185.500,11593.600,15671.400
iocp,timer=default,10000,,2.250,18,35278.400,10933.200,11735.800,15671.400
iocp,timer=default,10000,,2.250,19,35474.000,12134.500,11540.200,15671.400
iocp,timer=default,10000,,2.250,20,35409.900,11652.600,11604.300,15671.400
iocp,timer=default,10000,,2.250,21,35575.800,11259.700,11438.400,15671.400
iocp,timer=default,10000,,2.250,22,35339.900,11270.300,11674.300,15671.400
iocp,timer=default,10000,,2.250,23,35292.100,10816.100,11722.100,15671.400
iocp,timer=default,10000,,2.250,24,35699.500,12174.800,11314.700,15671.400
iocp,timer=default,10000,,2.250,25,35294.100,12357.500,11720.100,15671.400
iocp,timer=default,10000,,2.250,26,35293.900,12273.100,11720.300,15671.400
iocp,timer=default,10000,,2.250,27,35299.800,11437.300,11714.400,15671.400
iocp,timer=default,10000,,2.250,28,35579.000,11636.200,11435.200,15671.400
iocp,timer=default,10000,,2.250,29,35483.300,12150.100,11530.900,15671.400
iocp,timer=default,10000,,2.250,30,35284.800,11298.700,11729.400,15671.400
iocp,timer=default,10000,,2.250,31,35282.400,11209.500,11731.800,15671.400
iocp,timer=default,10000,,2.250,32,35278.200,11081.500,11736.000,15671.400
iocp,timer=default,10000,,2.250,33,35471.800,11220.500,11542.400,15671.400
iocp,timer=default,10000,,2.250,34,35648.400,10693.300,11365.800,15671.400
iocp,timer=default,10000,,2.250,35,35772.200,12002.300,11242.000,15671.400
iocp,timer=default,10000,,2.350,15,38000.500,9336.900,9672.800,15891.100
iocp,timer=default,10000,,2.350,16,37403.800,9466.600,10269.500,15891.100
iocp,timer=default,10000,,2.350,17,37529.800,8624.300,10143.500,15891.100
iocp,timer=default,10000,,2.350,18,37377.400,9777.000,10295.900,15891.100
iocp,timer=default,10000,,2.350,19,37378.200,11003.800,10295.100,15891.100
iocp,timer=default,10000,,2.350,20,38201.300,8624.000,9472.000,15891.100
iocp,timer=default,10000,,2.350,21,37675.900,9124.800,9997.400,15891.100
iocp,timer=default,10000,,2.350,22,37767.800,9103.900,9905.500,15891.100
iocp,timer=default,10000,,2.350,23,37570.100,9735.400,10103.200,15891.100
iocp,timer=default,10000,,2.350,24,37858.700,8652.400,9814.600,15891.100
iocp,timer=default,10000,,2.350,25,37365.400,11002.300,10307.900,15891.100
iocp,timer=default,10000,,2.350,26,37810.600,8517.400,9862.700,15891.100
iocp,timer=default,10000,,2.350,27,37688.800,10121.600,9984.500,15891.100
iocp,timer=default,10000,,2.350,28,37501.400,9702.000,10171.900,15891.100
iocp,timer=default,10000,,2.350,29,37451.900,9824.400,10221.400,15891.100
iocp,timer=default,10000,,2.350,30,37799.000,8689.800,9874.300,15891.100
iocp,timer=default,10000,,2.350,31,37372.600,9856.400,10300.700,15891.100
iocp,timer=default,10000,,2.350,32,37673.800,9611.100,9999.500,15891.100
iocp,timer=default,10000,,2.350,33,37373.600,10242.100,10299.700,15891.100
iocp,timer=default,10000,,2.350,34,37386.600,9691.500,10286.700,15891.100
iocp,timer=default,10000,,2.350,35,37468.700,10103.300,10204.600,15891.100
iocp,timer=default,10000,,2.450,15,39574.700,6683.300,7737.700,15770.800
iocp,timer=default,10000,,2.450,16,38864.800,8683.300,8447.600,15770.800
iocp,timer=default,10000,,2.450,17,38859.500,8124.800,8452.900,15770.800
iocp,timer=default,10000,,2.450,18,38978.600,9177.700,8333.800,15770.800
iocp,timer=default,10000,,2.450,19,39016.700,7153.400,8295.700,15770.800
iocp,timer=default,10000,,2.450,20,38661.400,9339.900,8651.000,15770.800
iocp,timer=default,10000,,2.450,21,39145.000,6783.100,8167.400,15770.800
iocp,timer=default,10000,,2.450,22,38693.500,8093.200,8618.900,15770.800
iocp,timer=default,10000,,2.450,23,38670.600,9048.900,8641.800,15770.800
iocp,timer=default,10000,,2.450,24,39035.100,7894.700,8277.300,15770.800
iocp,timer=default,10000,,2.450,25,38677.400,8214.600,8635.000,15770.800
iocp,timer=default,10000,,2.450,26,38780.700,9233.400,8531.700,15770.800
iocp,timer=default,10000,,2.450,27,38970.100,8142.400,8342.300,15770.800
iocp,timer=default,10000,,2.450,28,39135.000,7966.200,8177.400,15770.800
iocp,timer=default,10000,,2.450,29,38721.500,8669.100,8590.900,15770.800
iocp,timer=default,10000,,2.450,30,38723.600,8161.800,8588.800,15770.800
iocp,timer=default,10000,,2.450,31,39533.100,7278.700,7779.300,15770.800
iocp,timer=default,10000,,2.450,32,38680.800,7990.100,8631.600,15770.800
iocp,timer=default,10000,,2.450,33,38669.100,9651.900,8643.300,15770.800
iocp,timer=default,10000,,2.450,34,38692.200,8599.500,8620.200,15770.800
iocp,timer=default,10000,,2.450,35,39031.300,7532.300,8281.100,15770.800
iocp,timer=default,10000,,2.550,15,40772.500,5728.400,6643.100,15805.200
iocp,timer=default,10000,,2.550,16,40826.700,6614.600,6588.900,15805.200
iocp,timer=default,10000,,2.550,17,40494.600,6138.900,6921.000,15805.200
iocp,timer=default,10000,,2.550,18,40441.400,6407.300,6974.200,15805.200
iocp,timer=default,10000,,2.550,19,40713.400,7643.600,6702.200,15805.200
iocp,timer=default,10000,,2.550,20,40445.500,7079.800,6970.100,15805.200
iocp,timer=default,10000,,2.550,21,40344.300,7071.600,7071.300,15805.200
iocp,timer=default,10000,,2.550,22,40338.600,6119.200,7077.000,15805.200
iocp,timer=default,10000,,2.550,23,40629.000,5812.800,6786.600,15805.200
iocp,timer=default,10000,,2.550,24,40335.700,7682.900,7079.900,15805.200
iocp,timer=default,10000,,2.550,25,40738.200,5742.000,6677.400,15805.200
iocp,timer=default,10000,,2.550,26,40353.300,6937.100,7062.300,15805.200
iocp,timer=default,10000,,2.550,27,40454.000,6103.800,6961.600,15805.200
iocp,timer=default,10000,,2.550,28,40374.200,6670.400,7041.400,15805.200
iocp,timer=default,10000,,2.550,29,40424.700,6070.100,6990.900,15805.200
iocp,timer=default,10000,,2.550,30,40392.200,7425.000,7023.400,15805.200
iocp,timer=default,10000,,2.550,31,40543.200,7521.500,6872.400,15805.200
iocp,timer=default,10000,,2.550,32,40463.700,6748.800,6951.900,15805.200
iocp,timer=default,10000,,2.550,33,40378.100,7455.800,7037.500,15805.200
iocp,timer=default,10000,,2.550,34,40346.200,7819.300,7069.400,15805.200
iocp,timer=default,10000,,2.550,35,40824.000,6075.300,6591.600,15805.200
iocp,timer=default,10000,,2.650,15,41531.400,5116.100,5401.500,15644.300
iocp,timer=default,10000,,2.650,16,42158.100,4713.300,4774.800,15644.300
iocp,timer=default,10000,,2.650,17,41494.700,6127.800,5438.200,15644.300
iocp,timer=default,10000,,2.650,18,41517.400,4999.100,5415.500,15644.300
iocp,timer=default,10000,,2.650,19,41722.700,5746.100,5210.200,15644.300
iocp,timer=default,10000,,2.650,20,42121.300,4165.200,4811.600,15644.300
iocp,timer=default,10000,,2.650,21,41508.200,4690.100,5424.700,15644.300
iocp,timer=default,10000,,2.650,22,41679.000,6664.400,5253.900,15644.300
iocp,timer=default,10000,,2.650,23,41796.000,6145.200,5136.900,15644.300
iocp,timer=default,10000,,2.650,24,41926.400,4512.600,5006.500,15644.300
iocp,timer=default,10000,,2.650,25,41891.800,5206.500,5041.100,15644.300
iocp,timer=default,10000,,2.650,26,41977.100,4599.700,4955.800,15644.300
iocp,timer=default,10000,,2.650,27,41942.700,5107.600,4990.200,15644.300
iocp,timer=default,10000,,2.650,28,41939.000,6266.800,4993.900,15644.300
iocp,timer=default,10000,,2.650,29,41552.900,5118.800,5380.000,15644.300
iocp,timer=default,10000,,2.650,30,41874.500,4587.400,5058.400,15644.300
iocp,timer=default,10000,,2.650,31,41964.500,5646.400,4968.400,15644.300
iocp,timer=default,10000,,2.650,32,41478.800,5543.600,5454.100,15644.300
iocp,timer=default,10000,,2.650,33,41478.500,6091.000,5454.400,15644.300
iocp,timer=default,10000,,2.650,34,41505.300,6111.100,5427.600,15644.300
iocp,timer=default,10000,,2.650,35,41945.800,4289.900,4987.100,15644.300
iocp,timer=default,10000,,2.750,15,43136.100,4243.400,3837.000,15657.700
iocp,timer=default,10000,,2.750,16,43265.100,2907.700,3708.000,15657.700
iocp,timer=default,10000,,2.750,17,43205.500,4595.800,3767.600,15657.700
iocp,timer=default,10000,,2.750,18,43092.200,3119.500,3880.900,15657.700
iocp,timer=default,10000,,2.750,19,43094.200,4747.600,3878.900,15657.700
iocp,timer=default,10000,,2.750,20,43135.900,3916.400,3837.200,15657.700
iocp,timer=default,10000,,2.750,21,43135.600,4125.700,3837.500,15657.700
iocp,timer=default,10000,,2.750,22,43108.500,3731.800,3864.600,15657.700
iocp,timer=default,10000,,2.750,23,43522.400,3672.700,3450.700,15657.700
iocp,timer=default,10000,,2.750,24,43135.000,5563.900,3838.100,15657.700
iocp,timer=default,10000,,2.750,25,43094.400,3633.100,3878.700,15657.700
iocp,timer=default,10000,,2.750,26,43308.500,3064.500,3664.600,15657.700
iocp,timer=default,10000,,2.750,27,43093.200,4653.300,3879.900,15657.700
iocp,timer=default,10000,,2.750,28,43514.000,3627.500,3459.100,15657.700
iocp,timer=default,10000,,2.750,29,43450.200,5118.500,3522.900,15657.700
iocp,timer=default,10000,,2.750,30,43100.400,4552.700,3872.700,15657.700
iocp,timer=default,10000,,2.750,31,43272.500,3615.700,3700.600,15657.700
iocp,timer=default,10000,,2.750,32,43576.700,3131.000,3396.400,15657.700
iocp,timer=default,10000,,2.750,33,43098.400,3139.200,3874.700,15657.700
iocp,timer=default,10000,,2.750,34,43717.200,4358.900,3255.900,15657.700
iocp,timer=default,10000,,2.750,35,43426.000,4423.500,3547.100,15657.700
iocp,timer=default,10000,,2.850,15,45285.800,1207.800,2039.200,15775.000
iocp,timer=default,10000,,2.850,16,45137.500,2149.900,2187.500,15775.000
iocp,timer=default,10000,,2.850,17,44987.500,2134.600,2337.500,15775.000
iocp,timer=default,10000,,2.850,18,45081.700,1642.000,2243.300,15775.000
iocp,timer=default,10000,,2.850,19,44995.200,2853.900,2329.800,15775.000
iocp,timer=default,10000,,2.850,20,45247.000,3103.500,2078.000,15775.000
iocp,timer=default,10000,,2.850,21,44995.500,1160.300,2329.500,15775.000
iocp,timer=default,10000,,2.850,22,44997.300,3120.000,2327.700,15775.000
iocp,timer=default,10000,,2.850,23,45532.400,2246.500,1792.600,15775.000
iocp,timer=default,10000,,2.850,24,45060.200,1642.400,2264.800,15775.000
iocp,timer=default,10000,,2.850,25,44977.100,2084.900,2347.900,15775.000
iocp,timer=default,10000,,2.850,26,45286.900,2144.100,2038.100,15775.000
iocp,timer=default,10000,,2.850,27,45512.400,1600.500,1812.600,15775.000
iocp,timer=default,10000,,2.850,28,45025.100,2075.300,2299.900,15775.000
iocp,timer=default,10000,,2.850,29,44988.800,2901.800,2336.200,15775.000
iocp,timer=default,10000,,2.850,30,45306.100,1077.400,2018.900,15775.000
iocp,timer=default,10000,,2.850,31,45859.700,1811.500,1465.300,15775.000
iocp,timer=default,10000,,2.850,32,45475.600,1811.800,1849.400,15775.000
iocp,timer=default,10000,,2.850,33,44988.700,1110.400,2336.300,15775.000
iocp,timer=default,10000,,2.850,34,45511.800,2382.700,1813.200,15775.000
iocp,timer=default,10000,,2.850,35,45091.200,2134.300,2233.800,15775.000
iocp,timer=default,10000,,2.950,15,46061.600,15377.600,238.600,15433.400
iocp,timer=default,10000,,2.950,16,45566.000,2103.000,734.200,15433.400
iocp,timer=default,10000,,2.950,17,45686.600,1120.700,613.600,15433.400
iocp,timer=default,10000,,2.950,18,45568.300,2088.100,731.900,15433.400
iocp,timer=default,10000,,2.950,19,45786.800,644.300,513.400,15433.400
iocp,timer=default,10000,,2.950,20,45805.000,1120.900,495.200,15433.400
iocp,timer=default,10000,,2.950,21,46164.400,15517.000,135.800,15433.400
iocp,timer=default,10000,,2.950,22,45566.300,1222.700,733.900,15433.400
iocp,timer=default,10000,,2.950,23,45785.200,1187.600,515.000,15433.400
iocp,timer=default,10000,,2.950,24,45563.600,1125.000,736.600,15433.400
iocp,timer=default,10000,,2.950,25,45699.100,2137.100,601.100,15433.400
iocp,timer=default,10000,,2.950,26,46005.600,1248.800,294.600,15433.400
iocp,timer=default,10000,,2.950,27,46419.900,15747.100,15313.700,15433.400
iocp,timer=default,10000,,2.950,28,45913.900,2106.800,386.300,15433.400
iocp,timer=default,10000,,2.950,29,45601.900,2142.500,698.300,15433.400
iocp,timer=default,10000,,2.950,30,45744.200,15669.200,556.000,15433.400
iocp,timer=default,10000,,2.950,31,45573.900,1657.500,726.300,15433.400
iocp,timer=default,10000,,2.950,32,46182.700,1495.700,117.500,15433.400
iocp,timer=default,10000,,2.950,33,45547.800,1611.900,752.400,15433.400
iocp,timer=default,10000,,2.950,34,45833.100,1084.700,467.100,15433.400
iocp,timer=default,10000,,2.950,35,46079.100,1133.500,221.100,15433.400
